{"task_id": "rf-145839", "max_evals": 50, "batch_size": 5, "n_repeat": 10, "scores": [0.8480832653061225, 0.8542591836734695, 0.8571273469387755, 0.8582175510204081, 0.8583885714285714, 0.8583885714285714, 0.859286530612245, 0.8594881632653062, 0.8602489795918368, 0.8614004081632654, 0.8614004081632654, 0.8614004081632654, 0.8614840816326532, 0.8616653061224492, 0.861787755102041, 0.861787755102041, 0.8618191836734695, 0.8618191836734695, 0.8618191836734695, 0.8618191836734695, 0.8618191836734695, 0.8621926530612246, 0.8623628571428572, 0.8623628571428572, 0.8623628571428572, 0.8626424489795917, 0.8626424489795917, 0.8626424489795917, 0.8626424489795917, 0.8626424489795917, 0.8626424489795917, 0.8626424489795917, 0.8626555102040816, 0.8626555102040816, 0.8626555102040816, 0.862793469387755, 0.8628057142857143, 0.8628057142857143, 0.8628057142857143, 0.8628057142857143, 0.8628057142857143, 0.8628057142857143, 0.8628057142857143, 0.862962448979592, 0.862962448979592, 0.862962448979592, 0.862962448979592, 0.862962448979592, 0.862962448979592, 0.862962448979592]}