{"task_id": "rf-125923", "max_evals": 50, "batch_size": 5, "n_repeat": 10, "scores": [0.9357763702059119, 0.9358317661399156, 0.9360503243219712, 0.9361579056201299, 0.9363128292194507, 0.9363745374602761, 0.9364273649384007, 0.9364295851290759, 0.9364712463540987, 0.9364886378477211, 0.9365470593356842, 0.936608201645553, 0.9366320360454485, 0.9366320360454485, 0.9366857341865831, 0.9366857341865831, 0.9366857341865831, 0.9367454181359106, 0.9370868486352357, 0.9370868486352357, 0.9371697139872014, 0.9371697139872014, 0.9371697139872014, 0.9372651713029472, 0.9372651713029472, 0.9372651713029472, 0.9373140372643769, 0.9373140372643769, 0.9373431609420573, 0.9373431609420573, 0.9373431609420573, 0.9373431609420573, 0.9373674089068826, 0.9373674089068826, 0.9373674089068826, 0.9373682033868791, 0.9373682033868791, 0.9376226002350789, 0.9376226002350789, 0.9381224369857646, 0.9382076748944319, 0.938291541508859, 0.938291541508859, 0.938363784772104, 0.938363784772104, 0.9383699664794742, 0.9383699664794742, 0.9383699664794742, 0.9384504375081626, 0.9384504375081626]}