{"task_id": "rf-146065", "max_evals": 50, "batch_size": 5, "n_repeat": 10, "scores": [0.9668571428571429, 0.981566391941392, 0.9951913919413921, 0.9964059829059831, 0.9967750305250307, 0.9967750305250307, 0.9967750305250307, 0.9980773809523811, 0.9980773809523811, 0.9983452380952382, 0.9983452380952382, 0.9985238095238096, 0.9985238095238096, 0.9985238095238096, 0.9985238095238096, 0.9985238095238096, 0.9985238095238096, 0.9985595238095237, 0.9985595238095237, 0.998625, 0.998625, 0.998625, 0.998625, 0.998625, 0.998625, 0.998625, 0.998625, 0.9986964285714286, 0.9986964285714286, 0.9986964285714286, 0.9986964285714286, 0.9986964285714286, 0.9986964285714286, 0.9986964285714286, 0.9987261904761906, 0.9987261904761906, 0.9987261904761906, 0.9987380952380953, 0.9987380952380953, 0.9987738095238095, 0.9987738095238095, 0.9987738095238095, 0.9987738095238095, 0.9987738095238095, 0.9988869047619048, 0.9988869047619048, 0.9988869047619048, 0.9988869047619048, 0.9988869047619048, 0.9988869047619048]}