{"task_id": "rf-145862", "max_evals": 50, "batch_size": 5, "n_repeat": 10, "scores": [0.9173114068815933, 0.9177286798777482, 0.9190787414965987, 0.9192669698314109, 0.9196892931085479, 0.9198848047914818, 0.9199211722370109, 0.919942130040422, 0.9200005693581781, 0.9200005693581781, 0.9200362121660259, 0.9200586093857833, 0.9200966060337178, 0.9200966060337178, 0.9201304002760524, 0.9201959849157054, 0.92024665039929, 0.9202665384994576, 0.9203222394755002, 0.9203222394755002, 0.9204130114364586, 0.9204130114364586, 0.9204974933451643, 0.9205779749580992, 0.9205779749580992, 0.9206481021394067, 0.9206481021394067, 0.9206600537316378, 0.9206600537316378, 0.9207230873508825, 0.9207817065956817, 0.9208652543626146, 0.9208789238883959, 0.9208789238883959, 0.9208789238883959, 0.9209093364882184, 0.9209093364882184, 0.9209093364882184, 0.9209093364882184, 0.9209093364882184, 0.920977804890072, 0.9210137360741399, 0.9210137360741399, 0.9210198585231193, 0.9210198585231193, 0.9210402716158927, 0.9210402716158927, 0.9210402716158927, 0.9210402716158927, 0.9210402716158927]}