{"task_id": "rf-145836", "max_evals": 50, "batch_size": 5, "n_repeat": 10, "scores": [0.796339295952299, 0.8097302488246761, 0.81937306501548, 0.8251152390780876, 0.8251152390780876, 0.8308468065588809, 0.832175495929366, 0.8337484233459465, 0.8344759775255131, 0.8344759775255131, 0.8352390780873753, 0.8367859190459809, 0.8377104116500401, 0.837804150900126, 0.8400599128540304, 0.8408258800596261, 0.8408258800596261, 0.842904483430799, 0.842904483430799, 0.8434620456369682, 0.8434620456369682, 0.8448641210870314, 0.8461971104231166, 0.8462957229675496, 0.8462957229675496, 0.8462957229675496, 0.8462957229675496, 0.8464946680426557, 0.847817050796927, 0.847817050796927, 0.847817050796927, 0.847817050796927, 0.849337231968811, 0.849337231968811, 0.84974085540649, 0.84974085540649, 0.84974085540649, 0.8502129916294002, 0.8513533425065933, 0.8513533425065933, 0.8522336887971562, 0.8522336887971562, 0.8522336887971562, 0.8522336887971562, 0.8522336887971562, 0.8522336887971562, 0.8522336887971562, 0.8522336887971562, 0.8528173374613003, 0.8533210067652792]}