{"task_id": "rf-3896", "max_evals": 50, "batch_size": 5, "n_repeat": 10, "scores": [0.8956025685941421, 0.8982932090928062, 0.8987933442057375, 0.8989954568559743, 0.8991470028692827, 0.8991523643857704, 0.8991523643857704, 0.8991523643857704, 0.8992250198369319, 0.8992250198369319, 0.8992250198369319, 0.8992250198369319, 0.8992250198369319, 0.8992250198369319, 0.8992250198369319, 0.8992250198369319, 0.8992250198369319, 0.8992299015554057, 0.8992299015554057, 0.8993043381435349, 0.8993043381435349, 0.8993043381435349, 0.8993785054110806, 0.8993827873820365, 0.8993847971020201, 0.8993847971020201, 0.8993847971020201, 0.8993847971020201, 0.8994022848343544, 0.8994704682059129, 0.8994704682059129, 0.8994704682059129, 0.8994704682059129, 0.8995222049163001, 0.899580561481363, 0.899580561481363, 0.899580561481363, 0.899580561481363, 0.899641280825325, 0.8996446756225946, 0.8996446756225946, 0.8996446756225946, 0.8996446756225946, 0.8997091994026969, 0.8997091994026969, 0.8997091994026969, 0.8997091994026969, 0.8997091994026969, 0.8997091994026969, 0.8997091994026969]}