{"task_id": "rf-3493", "max_evals": 50, "batch_size": 5, "n_repeat": 10, "scores": [0.9620711233211233, 0.9734107142857142, 0.9868136446886447, 0.9911042429792429, 0.9956161477411477, 0.9963006715506715, 0.9963363858363857, 0.9975013736263737, 0.9976204212454214, 0.9976680402930403, 0.997727564102564, 0.997727564102564, 0.997727564102564, 0.997727564102564, 0.9980238095238096, 0.9982261904761905, 0.9982559523809524, 0.9983035714285714, 0.998327380952381, 0.998327380952381, 0.998327380952381, 0.998327380952381, 0.998327380952381, 0.998327380952381, 0.998327380952381, 0.9983392857142857, 0.9983630952380953, 0.9983630952380953, 0.9983630952380953, 0.9983630952380953, 0.9983630952380953, 0.9983630952380953, 0.9984166666666667, 0.9984642857142857, 0.9984642857142857, 0.9984642857142857, 0.9984702380952382, 0.9984702380952382, 0.9985059523809523, 0.9985059523809523, 0.9985059523809523, 0.9985059523809523, 0.9985059523809523, 0.9985059523809523, 0.9985059523809523, 0.9985059523809523, 0.998529761904762, 0.9985357142857143, 0.9985357142857143, 0.9985357142857143]}