{"task_id": "rf-49", "max_evals": 50, "batch_size": 5, "n_repeat": 3, "scores": [0.9699940734412588, 0.9847982094977668, 0.9858719343064695, 0.9858719343064695, 0.9858719343064695, 0.9861886081683678, 0.9867287145117632, 0.9867287145117632, 0.9870391590979827, 0.9870391590979827, 0.9870391590979827, 0.9870391590979827, 0.9870391590979827, 0.9870391590979827, 0.9870391590979827, 0.9872206827772926, 0.9872206827772926, 0.9872206827772926, 0.9872206827772926, 0.9872206827772926, 0.9872206827772926, 0.9872206827772926, 0.9872206827772926, 0.9872206827772926, 0.9872206827772926, 0.9877551683212658, 0.9877551683212658, 0.9877551683212658, 0.9877551683212658, 0.9877551683212658, 0.9877551683212658, 0.9877551683212658, 0.9877803059966248, 0.9877803059966248, 0.9877803059966248, 0.9877803059966248, 0.9877803059966248, 0.9877803059966248, 0.9877803059966248, 0.9877803059966248, 0.9877803059966248, 0.9877803059966248, 0.9877803059966248, 0.9877803059966248, 0.9877803059966248, 0.9877803059966248, 0.9877803059966248, 0.9877803059966248, 0.9877803059966248, 0.9877803059966248]}