{"task_id": "rf-9952", "max_evals": 50, "batch_size": 5, "n_repeat": 3, "scores": [0.9622058822036422, 0.9660970733587296, 0.9673599723593602, 0.9676919663879873, 0.9679265213516351, 0.9686852456777496, 0.9686852456777496, 0.9686852456777496, 0.9686852456777496, 0.9687272779624622, 0.9687272779624622, 0.9687848178792157, 0.9687848178792157, 0.9687848178792157, 0.9687848178792157, 0.9687848178792157, 0.9687848178792157, 0.9687848178792157, 0.9687848178792157, 0.9687848178792157, 0.9687848178792157, 0.9688272764821703, 0.9688272764821703, 0.9688296202137149, 0.9688296202137149, 0.9688296202137149, 0.9688296202137149, 0.9688296202137149, 0.9688296202137149, 0.9688296202137149, 0.9688296202137149, 0.9688296202137149, 0.9688296202137149, 0.9688296202137149, 0.9688296202137149, 0.9688296202137149, 0.9688296202137149, 0.9688296202137149, 0.9688296202137149, 0.9688296202137149, 0.9688296202137149, 0.9688296202137149, 0.9688296202137149, 0.9688296202137149, 0.9688296202137149, 0.9688296202137149, 0.9688296202137149, 0.9688296202137149, 0.9688296202137149, 0.9688296202137149]}