{"task_id": "rf-9970", "max_evals": 50, "batch_size": 5, "n_repeat": 3, "scores": [0.6043911284302308, 0.6049847686304956, 0.6151870999930326, 0.6175897272238645, 0.6181351973782435, 0.6181351973782435, 0.6181351973782435, 0.6191070463435755, 0.6191070463435755, 0.6218157205848687, 0.6218157205848687, 0.6218157205848687, 0.6218157205848687, 0.6218157205848687, 0.6218157205848687, 0.6218157205848687, 0.6218157205848687, 0.6218157205848687, 0.6218157205848687, 0.6218157205848687, 0.6222473287248549, 0.6222473287248549, 0.6226210136164113, 0.6226210136164113, 0.622629444245374, 0.622629444245374, 0.622629444245374, 0.6229714346501836, 0.6229714346501836, 0.6229714346501836, 0.6229714346501836, 0.6229714346501836, 0.6229714346501836, 0.6229714346501836, 0.6229714346501836, 0.6229714346501836, 0.6229714346501836, 0.6229714346501836, 0.6235464144943116, 0.6235464144943116, 0.6237576467894931, 0.6237576467894931, 0.6237576467894931, 0.6237576467894931, 0.6237576467894931, 0.6237576467894931, 0.6237576467894931, 0.6237576467894931, 0.6237576467894931, 0.6244037258502791]}