{"task_id": "rf-9957", "max_evals": 50, "batch_size": 5, "n_repeat": 3, "scores": [0.9172658483683328, 0.9172658483683328, 0.9179853429294423, 0.9179853429294423, 0.9201634378389038, 0.9201634378389038, 0.9201634378389038, 0.9201634378389038, 0.9202208583916658, 0.9202208583916658, 0.9203521311906405, 0.9203521311906405, 0.9203521311906405, 0.9203521311906405, 0.9211232459167241, 0.9211232459167241, 0.9211232459167241, 0.9211232459167241, 0.9211232459167241, 0.9213582027013704, 0.9213582027013704, 0.9213582027013704, 0.9213582027013704, 0.9213582027013704, 0.9213582027013704, 0.9215357635807946, 0.9215357635807946, 0.9215357635807946, 0.9215357635807946, 0.9215357635807946, 0.9215357635807946, 0.9216647030792994, 0.9216647030792994, 0.9216647030792994, 0.9216647030792994, 0.9216647030792994, 0.9216647030792994, 0.9216647030792994, 0.9216647030792994, 0.9216647030792994, 0.9216647030792994, 0.9216647030792994, 0.9216647030792994, 0.9216647030792994, 0.9216647030792994, 0.9216647030792994, 0.9216647030792994, 0.9216647030792994, 0.9216647030792994, 0.9216647030792994]}