{"task_id": "rf-9978", "max_evals": 50, "batch_size": 5, "n_repeat": 3, "scores": [0.8625064635558864, 0.8646814685789929, 0.8666132222931365, 0.8689840915269059, 0.8694717021829829, 0.8694717021829829, 0.8694717021829829, 0.8694717021829829, 0.8694717021829829, 0.8694717021829829, 0.869472884090345, 0.869472884090345, 0.8703244483447388, 0.8703244483447388, 0.8703244483447388, 0.8703244483447388, 0.8703244483447388, 0.8703672186174048, 0.8708145336193548, 0.8708145336193548, 0.8708145336193548, 0.8708145336193548, 0.8708145336193548, 0.8708145336193548, 0.8709480891512723, 0.8709480891512723, 0.8709480891512723, 0.8709480891512723, 0.8709480891512723, 0.8710703426940397, 0.8710703426940397, 0.8710703426940397, 0.8710703426940397, 0.8710703426940397, 0.8710703426940397, 0.8710703426940397, 0.8710703426940397, 0.8710703426940397, 0.8711153659776146, 0.8711153659776146, 0.8711153659776146, 0.8711153659776146, 0.8711153659776146, 0.8711153659776146, 0.8711153659776146, 0.8711153659776146, 0.8711153659776146, 0.8711153659776146, 0.8711153659776146, 0.8711153659776146]}