{"task_id": "svm-9976", "max_evals": 50, "batch_size": 5, "n_repeat": 3, "scores": [0.5, 0.5, 0.5, 0.5, 0.5, 0.5, 0.5, 0.5, 0.5, 0.5, 0.5, 0.5, 0.5, 0.5494289940828402, 0.5494289940828402, 0.5494289940828402, 0.5494289940828402, 0.5494289940828402, 0.5494289940828402, 0.5494289940828402, 0.5494289940828402, 0.5494289940828402, 0.5988589743589744, 0.5988589743589744, 0.5988589743589744, 0.5988589743589744, 0.5988589743589744, 0.5988589743589744, 0.5988589743589744, 0.5988589743589744, 0.598861932938856, 0.598861932938856, 0.598861932938856, 0.598861932938856, 0.598861932938856, 0.598861932938856, 0.598861932938856, 0.598861932938856, 0.598861932938856, 0.598861932938856, 0.598861932938856, 0.598861932938856, 0.598861932938856, 0.598861932938856, 0.6480542406311637, 0.6480542406311637, 0.6480542406311637, 0.6480542406311637, 0.6480542406311637, 0.6480542406311637]}