{"task_id": "svm-3492", "max_evals": 50, "batch_size": 5, "n_repeat": 3, "scores": [0.9303928944691732, 0.976095527374187, 0.976095527374187, 0.9763678636749624, 0.9763678636749624, 0.9763678636749624, 0.9763678636749624, 0.9763678636749624, 0.9763678636749624, 0.9763678636749624, 0.9763678636749624, 0.9763678636749624, 0.9763678636749624, 0.9763678636749624, 0.9763678636749624, 0.9763678636749624, 0.9763678636749624, 0.9763678636749624, 0.9763678636749624, 0.9917349038380786, 0.9917349038380786, 0.9917349038380786, 0.9917349038380786, 0.9917349038380786, 0.9974008636376362, 0.9974008636376362, 0.9974008636376362, 0.9974008636376362, 0.9974008636376362, 0.9974008636376362, 0.9974008636376362, 0.9974008636376362, 0.9974008636376362, 0.9974008636376362, 0.9974008636376362, 0.9974008636376362, 0.9974008636376362, 0.9974008636376362, 0.9974008636376362, 0.9974008636376362, 0.9974008636376362, 0.9974008636376362, 0.9974008636376362, 0.9974008636376362, 0.9974008636376362, 0.9974008636376362, 0.9974008636376362, 0.9974008636376362, 0.9974008636376362, 0.9974008636376362]}