{"task_id": "svm-3903", "max_evals": 50, "batch_size": 5, "n_repeat": 3, "scores": [0.6538642983789259, 0.7019119913036135, 0.7480390387537993, 0.74935325903411, 0.7496501393110435, 0.7496501393110435, 0.7510933806146572, 0.7510933806146572, 0.7510933806146572, 0.7518505150287066, 0.7518505150287066, 0.7518505150287066, 0.7518505150287066, 0.7518505150287066, 0.7518505150287066, 0.7518505150287066, 0.7518505150287066, 0.7518505150287066, 0.7518505150287066, 0.7518505150287066, 0.7518505150287066, 0.7518505150287066, 0.7518505150287066, 0.7518505150287066, 0.7518505150287066, 0.7518505150287066, 0.7518505150287066, 0.7518780606214116, 0.7518780606214116, 0.7518780606214116, 0.7518780606214116, 0.7518780606214116, 0.7518780606214116, 0.7518780606214116, 0.7518780606214116, 0.7518780606214116, 0.7518780606214116, 0.7521165780141844, 0.7521165780141844, 0.7521165780141844, 0.7521165780141844, 0.7521165780141844, 0.7521165780141844, 0.7521165780141844, 0.7521165780141844, 0.7521165780141844, 0.7521165780141844, 0.7521165780141844, 0.7523083417764269, 0.7523083417764269]}