{"task_id": "xgb-145976", "max_evals": 50, "batch_size": 5, "n_repeat": 3, "scores": [0.8062635327635328, 0.8241870845204179, 0.825360873694207, 0.825360873694207, 0.8275849952516618, 0.8275849952516618, 0.8283960113960114, 0.8283960113960114, 0.8283960113960114, 0.8283960113960114, 0.8283960113960114, 0.8283960113960114, 0.8294283000949667, 0.8294283000949667, 0.8296704653371321, 0.8296704653371321, 0.8334330484330486, 0.8334330484330486, 0.8334330484330486, 0.8334330484330486, 0.8334330484330486, 0.8334330484330486, 0.8334330484330486, 0.8334330484330486, 0.8334330484330486, 0.8334330484330486, 0.8334330484330486, 0.8334330484330486, 0.8334330484330486, 0.8334330484330486, 0.8334330484330486, 0.8334330484330486, 0.8334330484330486, 0.8334330484330486, 0.8334330484330486, 0.8334330484330486, 0.8334330484330486, 0.8334330484330486, 0.8334330484330486, 0.8334330484330486, 0.8341956315289649, 0.8341956315289649, 0.8341956315289649, 0.8341956315289649, 0.8341956315289649, 0.8345394112060779, 0.8345394112060779, 0.8345394112060779, 0.8345394112060779, 0.8345394112060779]}