{"task_id": "xgb-3903", "max_evals": 50, "batch_size": 5, "n_repeat": 3, "scores": [0.8158636229314421, 0.8158636229314421, 0.8233129643701452, 0.8233129643701452, 0.8332866852414725, 0.8332866852414725, 0.8371954154002027, 0.8371954154002027, 0.8371954154002027, 0.8371954154002027, 0.8371954154002027, 0.8393067164809187, 0.8393067164809187, 0.8393067164809187, 0.8393067164809187, 0.8393067164809187, 0.8393067164809187, 0.8393067164809187, 0.8393676122931443, 0.8393676122931443, 0.8393676122931443, 0.8393676122931443, 0.8407781366092536, 0.8407781366092536, 0.8407781366092536, 0.8407781366092536, 0.8407781366092536, 0.8407781366092536, 0.8407781366092536, 0.8407781366092536, 0.8410168650793651, 0.8410168650793651, 0.8410168650793651, 0.8410168650793651, 0.8410168650793651, 0.8410168650793651, 0.8410168650793651, 0.8410168650793651, 0.8410168650793651, 0.8410168650793651, 0.8410168650793651, 0.8410168650793651, 0.8410168650793651, 0.8410168650793651, 0.8410168650793651, 0.8410168650793651, 0.8410168650793651, 0.8410168650793651, 0.8410168650793651, 0.8410168650793651]}