{"task_id": "xgb-9952", "max_evals": 50, "batch_size": 5, "n_repeat": 3, "scores": [0.8709579196739052, 0.9334084209738888, 0.93837025485342, 0.93837025485342, 0.93837025485342, 0.93837025485342, 0.93837025485342, 0.93837025485342, 0.9416071485101941, 0.9416071485101941, 0.9416071485101941, 0.9416071485101941, 0.9416071485101941, 0.9416071485101941, 0.9416071485101941, 0.9416071485101941, 0.9416071485101941, 0.9416071485101941, 0.9416071485101941, 0.9417096708612465, 0.9417096708612465, 0.9417096708612465, 0.9417096708612465, 0.9417096708612465, 0.9417096708612465, 0.9417096708612465, 0.9417096708612465, 0.9417096708612465, 0.9502964687483044, 0.9502964687483044, 0.9502964687483044, 0.9502964687483044, 0.9502964687483044, 0.9502964687483044, 0.9502964687483044, 0.9502964687483044, 0.9502964687483044, 0.9502964687483044, 0.9502964687483044, 0.9502964687483044, 0.9502964687483044, 0.9502964687483044, 0.9538104806948599, 0.9538104806948599, 0.9538104806948599, 0.9538104806948599, 0.9538104806948599, 0.9538104806948599, 0.9538104806948599, 0.9538104806948599]}