{"task_id": "xgb-3492", "max_evals": 50, "batch_size": 5, "n_repeat": 3, "scores": [0.7811030276308054, 0.872060610938477, 0.8860238025251252, 0.9424225245653818, 0.9424225245653818, 0.9424225245653818, 0.9424225245653818, 0.9424225245653818, 0.9686706232561613, 0.9686706232561613, 0.9686706232561613, 0.9686706232561613, 0.9686706232561613, 0.9686706232561613, 0.9686706232561613, 0.9686706232561613, 0.9686706232561613, 0.9686706232561613, 0.9686706232561613, 0.9715136054421768, 0.9715136054421768, 0.9715136054421768, 0.9715136054421768, 0.9715136054421768, 0.9715136054421768, 0.9715136054421768, 0.9715136054421768, 0.9715136054421768, 0.9715136054421768, 0.9715136054421768, 0.9715136054421768, 0.9715136054421768, 0.9715136054421768, 0.9715136054421768, 0.9715136054421768, 0.9715136054421768, 0.9715136054421768, 0.9715136054421768, 0.9715136054421768, 0.9715136054421768, 0.9715136054421768, 0.9715136054421768, 0.9715136054421768, 0.9715136054421768, 0.9715136054421768, 0.9715136054421768, 0.9715136054421768, 0.9715136054421768, 0.9715136054421768, 0.9715136054421768]}