{"task_id": "xgb-145979", "max_evals": 50, "batch_size": 5, "n_repeat": 3, "scores": [0.9591160096795867, 0.9762962481875999, 0.9762962481875999, 0.9762962481875999, 0.9779582563209983, 0.9779582563209983, 0.9779582563209983, 0.9779582563209983, 0.9779582563209983, 0.9779582563209983, 0.9779582563209983, 0.9779582563209983, 0.9779582563209983, 0.9779582563209983, 0.9779582563209983, 0.9779582563209983, 0.9788790784277231, 0.9788790784277231, 0.9788790784277231, 0.9788790784277231, 0.9788790784277231, 0.9788790784277231, 0.9793746639882954, 0.9793746639882954, 0.9793746639882954, 0.9793746639882954, 0.9793746639882954, 0.9803883551612831, 0.9803883551612831, 0.9803883551612831, 0.9803883551612831, 0.9803883551612831, 0.9803883551612831, 0.9803883551612831, 0.9803883551612831, 0.9803883551612831, 0.9803883551612831, 0.9803883551612831, 0.9803883551612831, 0.9803883551612831, 0.9803883551612831, 0.9803883551612831, 0.9803883551612831, 0.9803883551612831, 0.9803883551612831, 0.9803883551612831, 0.9803883551612831, 0.9803883551612831, 0.9803883551612831, 0.9803883551612831]}