{"task_id": "xgb-37", "max_evals": 50, "batch_size": 5, "n_repeat": 3, "scores": [0.7176476733143401, 0.8263903133903133, 0.8273333333333333, 0.8273333333333333, 0.8273333333333333, 0.8311301044634377, 0.8311301044634377, 0.832474833808167, 0.833528964862298, 0.833528964862298, 0.833528964862298, 0.833528964862298, 0.833528964862298, 0.833528964862298, 0.833528964862298, 0.833528964862298, 0.833528964862298, 0.833528964862298, 0.8358081671415004, 0.8358081671415004, 0.8358081671415004, 0.8358081671415004, 0.8358081671415004, 0.8358081671415004, 0.8358081671415004, 0.8358081671415004, 0.8358081671415004, 0.8358081671415004, 0.8358081671415004, 0.8358081671415004, 0.8358081671415004, 0.8358081671415004, 0.8358081671415004, 0.8358081671415004, 0.8358081671415004, 0.8358081671415004, 0.8358081671415004, 0.8358081671415004, 0.8358081671415004, 0.8358081671415004, 0.8358081671415004, 0.8358081671415004, 0.8358081671415004, 0.8358081671415004, 0.8358081671415004, 0.8358081671415004, 0.8358081671415004, 0.8358081671415004, 0.8358081671415004, 0.8358081671415004]}