{"task_id": "xgb-3896", "max_evals": 50, "batch_size": 5, "n_repeat": 3, "scores": [0.8745060720852761, 0.8864097287949267, 0.8942894304571252, 0.8983980253445002, 0.8983980253445002, 0.8983980253445002, 0.8983980253445002, 0.898744505897819, 0.898744505897819, 0.898744505897819, 0.898744505897819, 0.898744505897819, 0.898744505897819, 0.898744505897819, 0.898744505897819, 0.898744505897819, 0.898744505897819, 0.898744505897819, 0.9018970202581887, 0.9018970202581887, 0.9018970202581887, 0.9018970202581887, 0.9018970202581887, 0.9018970202581887, 0.9018970202581887, 0.9018970202581887, 0.9018970202581887, 0.9018970202581887, 0.9018970202581887, 0.9033219977280509, 0.9033219977280509, 0.9033219977280509, 0.9033219977280509, 0.9033219977280509, 0.9033219977280509, 0.9033219977280509, 0.9033219977280509, 0.9033219977280509, 0.9033219977280509, 0.9033219977280509, 0.9033219977280509, 0.9033219977280509, 0.9033219977280509, 0.9033330044151979, 0.9033330044151979, 0.9033330044151979, 0.9033330044151979, 0.9033330044151979, 0.9033330044151979, 0.9033330044151979]}