{"task_id": "xgb-145847", "max_evals": 50, "batch_size": 5, "n_repeat": 3, "scores": [0.8559571936556282, 0.9299683179551496, 0.9299683179551496, 0.9299683179551496, 0.9345597136373138, 0.9363263148596056, 0.9363263148596056, 0.9363263148596056, 0.9430672148566196, 0.9489473035922243, 0.9490539704579612, 0.9490539704579612, 0.9490539704579612, 0.9496015096997024, 0.9496015096997024, 0.9531735221515522, 0.9532164317636637, 0.9532164317636637, 0.9532164317636637, 0.9532164317636637, 0.961077858898942, 0.961077858898942, 0.961077858898942, 0.961077858898942, 0.961077858898942, 0.961077858898942, 0.961077858898942, 0.961077858898942, 0.9612767451003812, 0.9612767451003812, 0.9612767451003812, 0.9613185224999254, 0.9613185224999254, 0.9613185224999254, 0.9613185224999254, 0.9613185224999254, 0.9613185224999254, 0.9613185224999254, 0.9617315013885156, 0.9617315013885156, 0.9617315013885156, 0.9617315013885156, 0.9617315013885156, 0.9617315013885156, 0.9617315013885156, 0.9617315013885156, 0.9617315013885156, 0.9617315013885156, 0.9617315013885156, 0.9617315013885156]}