{"task_id": "xgb-10101", "max_evals": 50, "batch_size": 5, "n_repeat": 3, "scores": [0.8005389290219012, 0.8607661583151779, 0.9436675839926614, 0.9436675839926614, 0.9455213469403355, 0.9455213469403355, 0.946866758399266, 0.946866758399266, 0.946866758399266, 0.946866758399266, 0.946866758399266, 0.946866758399266, 0.946866758399266, 0.946866758399266, 0.946866758399266, 0.946866758399266, 0.946866758399266, 0.946866758399266, 0.946866758399266, 0.9470750678439016, 0.9470750678439016, 0.9470750678439016, 0.9470750678439016, 0.9470750678439016, 0.9470750678439016, 0.9470750678439016, 0.9470750678439016, 0.9470750678439016, 0.9470750678439016, 0.9470750678439016, 0.9470750678439016, 0.9470750678439016, 0.9470750678439016, 0.9470750678439016, 0.9470750678439016, 0.9470750678439016, 0.9470750678439016, 0.9470750678439016, 0.9470750678439016, 0.9470750678439016, 0.9470750678439016, 0.9470750678439016, 0.9470750678439016, 0.9470750678439016, 0.9470750678439016, 0.9470750678439016, 0.9470750678439016, 0.9470750678439016, 0.9470750678439016, 0.9470750678439016]}