{"task_id": "xgb-3493", "max_evals": 50, "batch_size": 5, "n_repeat": 3, "scores": [0.5357534595034595, 0.597165750915751, 0.597165750915751, 0.6575961538461539, 0.6575961538461539, 0.7441452991452993, 0.7441452991452993, 0.7441452991452993, 0.7441452991452993, 0.7441452991452993, 0.7441452991452993, 0.765438542938543, 0.8055514855514856, 0.8055514855514856, 0.8055514855514856, 0.8055514855514856, 0.8055514855514856, 0.8055514855514856, 0.8055514855514856, 0.8055514855514856, 0.8055514855514856, 0.8055514855514856, 0.8055514855514856, 0.8055514855514856, 0.8055514855514856, 0.8055514855514856, 0.8055514855514856, 0.8055514855514856, 0.8055514855514856, 0.8055514855514856, 0.8055514855514856, 0.8055514855514856, 0.8055514855514856, 0.8055514855514856, 0.8055514855514856, 0.8055514855514856, 0.8055514855514856, 0.8055514855514856, 0.8055514855514856, 0.8412779812779813, 0.8412779812779813, 0.8412779812779813, 0.8412779812779813, 0.8412779812779813, 0.8412779812779813, 0.8412779812779813, 0.8412779812779813, 0.8412779812779813, 0.8412779812779813, 0.8412779812779813]}