{"task_id": "xgb-49", "max_evals": 50, "batch_size": 5, "n_repeat": 3, "scores": [0.7264678272742788, 0.8610428096512853, 0.8978311472302618, 0.9554715554083041, 0.9554715554083041, 0.9554715554083041, 0.9554715554083041, 0.9562331699270344, 0.9562331699270344, 0.9562331699270344, 0.9562331699270344, 0.9562331699270344, 0.9562331699270344, 0.9562331699270344, 0.9562331699270344, 0.9562331699270344, 0.9562331699270344, 0.9562331699270344, 0.9562331699270344, 0.9562331699270344, 0.9785699530165056, 0.9785699530165056, 0.9785699530165056, 0.9785699530165056, 0.9785699530165056, 0.9785699530165056, 0.9785699530165056, 0.9785699530165056, 0.9785699530165056, 0.9785699530165056, 0.9785699530165056, 0.9785699530165056, 0.9785699530165056, 0.9785699530165056, 0.9785699530165056, 0.9785699530165056, 0.9785699530165056, 0.9785699530165056, 0.9785699530165056, 0.9785699530165056, 0.9785699530165056, 0.9785699530165056, 0.9785699530165056, 0.9785699530165056, 0.9785699530165056, 0.9785699530165056, 0.9785699530165056, 0.9785699530165056, 0.9785699530165056, 0.9785699530165056]}