{"task_id": "xgb-3918", "max_evals": 50, "batch_size": 5, "n_repeat": 3, "scores": [0.7561860974785732, 0.7866412334631389, 0.7866412334631389, 0.811765843379921, 0.8208794542835806, 0.8208794542835806, 0.8208794542835806, 0.8407121852661902, 0.8407121852661902, 0.8407121852661902, 0.8407121852661902, 0.8407121852661902, 0.8407121852661902, 0.8409072824424766, 0.8409072824424766, 0.8409072824424766, 0.8409072824424766, 0.8409072824424766, 0.8409072824424766, 0.8409072824424766, 0.8415197464347949, 0.8415197464347949, 0.8423535354208899, 0.8423535354208899, 0.8423535354208899, 0.8423535354208899, 0.8448045583057718, 0.8448045583057718, 0.8465722131832569, 0.8465722131832569, 0.8465722131832569, 0.8465722131832569, 0.8465722131832569, 0.8465722131832569, 0.8465722131832569, 0.8465722131832569, 0.8470280882143747, 0.8470280882143747, 0.847831759664284, 0.847831759664284, 0.847831759664284, 0.847831759664284, 0.847831759664284, 0.847831759664284, 0.847831759664284, 0.847831759664284, 0.847831759664284, 0.849993887584907, 0.849993887584907, 0.849993887584907]}