{"task_id": "rf-145839", "max_evals": 50, "batch_size": 5, "n_repeat": 10, "scores": [0.8265738775510204, 0.830191224489796, 0.8493657142857144, 0.8532555102040817, 0.8550804081632654, 0.85616, 0.8565457142857144, 0.8565457142857144, 0.8565457142857144, 0.8565457142857144, 0.8574387755102041, 0.8574387755102041, 0.8574387755102041, 0.8574387755102041, 0.8574387755102041, 0.8574387755102041, 0.8574387755102041, 0.8578432653061225, 0.8578951020408164, 0.8592689795918368, 0.8594330612244898, 0.8597297959183674, 0.8602069387755101, 0.8604808163265305, 0.8608832653061225, 0.8608832653061225, 0.8608832653061225, 0.8611665306122449, 0.8615955102040816, 0.8620542857142857, 0.8620542857142857, 0.8620542857142857, 0.8621404081632653, 0.8621404081632653, 0.8621404081632653, 0.8621583673469386, 0.8621583673469386, 0.862968163265306, 0.862968163265306, 0.862968163265306, 0.862968163265306, 0.862968163265306, 0.862968163265306, 0.862968163265306, 0.862968163265306, 0.862968163265306, 0.862968163265306, 0.862968163265306, 0.862968163265306, 0.862968163265306]}