{"task_id": "rf-145855", "max_evals": 50, "batch_size": 5, "n_repeat": 10, "scores": [0.8489818126617736, 0.8654185780324788, 0.8658518985125696, 0.8661702046324858, 0.8663789811810799, 0.866873155116477, 0.866873155116477, 0.8676472416498244, 0.8679553981402688, 0.8684377437683934, 0.8685684811899443, 0.8691152315356522, 0.8691152315356522, 0.8692257915824557, 0.869449238556182, 0.869449238556182, 0.869449238556182, 0.869449238556182, 0.869449238556182, 0.869449238556182, 0.869449238556182, 0.8695987572244087, 0.8698940604722903, 0.8699125536290466, 0.8701887986207142, 0.8702229151154134, 0.8703202784278268, 0.8703202784278268, 0.8703202784278268, 0.8703464059674504, 0.8707296542034536, 0.8707296542034536, 0.8707296542034536, 0.8707296542034536, 0.8707296542034536, 0.8707296542034536, 0.8707296542034536, 0.8707296542034536, 0.8707296542034536, 0.8707661308194163, 0.8708091448604758, 0.8708692448498387, 0.8709090234194944, 0.8709321814168707, 0.8709321814168707, 0.8709397049959225, 0.8709397049959225, 0.8709397049959225, 0.8709397049959225, 0.8709397049959225]}