{"task_id": "rf-3493", "max_evals": 50, "batch_size": 5, "n_repeat": 10, "scores": [0.9045857753357751, 0.9258556166056164, 0.9442264957264956, 0.9515740231990233, 0.9616068376068375, 0.9699806166056166, 0.9731715506715506, 0.976216727716728, 0.9805143467643468, 0.9831782661782661, 0.9857374847374846, 0.9878507326007326, 0.9901043956043957, 0.9901043956043957, 0.9912454212454211, 0.9912454212454211, 0.9913287545787547, 0.9913287545787547, 0.9914459706959707, 0.9914459706959707, 0.9944703907203907, 0.9947177960927961, 0.9948554639804639, 0.9961280525030526, 0.9961344627594629, 0.9961344627594629, 0.9967223748473751, 0.9967223748473751, 0.9967818986568988, 0.9968890415140417, 0.9974867216117216, 0.9975105311355312, 0.9975105311355312, 0.9975105311355312, 0.9975105311355312, 0.9975105311355312, 0.9975105311355312, 0.9975151098901099, 0.9975151098901099, 0.9975508241758243, 0.997574633699634, 0.9976744505494507, 0.9976744505494507, 0.9976744505494507, 0.9976744505494507, 0.9976744505494507, 0.9976744505494507, 0.9976744505494507, 0.9976744505494507, 0.9976744505494507]}