{"task_id": "rf-3917", "max_evals": 50, "batch_size": 5, "n_repeat": 10, "scores": [0.7613636079801055, 0.7735099002944517, 0.7852948889850263, 0.7853532681124376, 0.7889545184976214, 0.7889545184976214, 0.7906014627712692, 0.7906014627712692, 0.7906014627712692, 0.7913984913395458, 0.7920838767813564, 0.7920838767813564, 0.792466663320085, 0.7930153119192521, 0.7930862178430942, 0.7935796224318701, 0.793720114668276, 0.793720114668276, 0.7940583818617408, 0.7940583818617408, 0.7941880428833245, 0.7942085518419396, 0.7945413619672338, 0.7947084305506417, 0.7948938225607878, 0.7949795666812657, 0.7949795666812657, 0.795096847282219, 0.795096847282219, 0.7952998706662064, 0.7953429544883903, 0.7953429544883903, 0.7953429544883903, 0.7953429544883903, 0.7953886424623804, 0.7953886424623804, 0.7954692641728628, 0.7954692641728628, 0.7954692641728628, 0.7954692641728628, 0.7958302191696006, 0.7958302191696006, 0.7958302191696006, 0.7958370386472533, 0.7958370386472533, 0.7958370386472533, 0.7958370386472533, 0.7959668390602085, 0.7959668390602085, 0.7959668390602085]}