{"task_id": "rf-3896", "max_evals": 50, "batch_size": 5, "n_repeat": 10, "scores": [0.8893268467810305, 0.8953060579478315, 0.8970829480238433, 0.898640994757075, 0.898640994757075, 0.8989008483824696, 0.8990725911763334, 0.8993701451570049, 0.8993701451570049, 0.8993701451570049, 0.8994578124016923, 0.8994578124016923, 0.8995096373768086, 0.8995096373768086, 0.8995096373768086, 0.8995096373768086, 0.8996806876320292, 0.8996806876320292, 0.8996806876320292, 0.8996806876320292, 0.8996806876320292, 0.899682235659584, 0.899682235659584, 0.899682235659584, 0.8997116798679017, 0.8998268472336701, 0.8998526069553512, 0.8998805144521047, 0.8998936228959611, 0.8999317193109195, 0.8999395658190086, 0.89998002048647, 0.89998002048647, 0.89998002048647, 0.89998002048647, 0.89998002048647, 0.9000132623413328, 0.9000132623413328, 0.9000998138293177, 0.900108671986993, 0.900108671986993, 0.900108671986993, 0.900108671986993, 0.9001583967141983, 0.9001775230020147, 0.9002067861544777, 0.9002067861544777, 0.9002380228157534, 0.9002380228157534, 0.9002380228157534]}