{"task_id": "rf-31", "max_evals": 50, "batch_size": 5, "n_repeat": 10, "scores": [0.783042857142857, 0.7908333333333333, 0.7927904761904762, 0.7948095238095237, 0.7979428571428572, 0.797952380952381, 0.797952380952381, 0.7980714285714285, 0.7981238095238095, 0.7981238095238095, 0.7981238095238095, 0.7982333333333334, 0.7982333333333334, 0.798295238095238, 0.798295238095238, 0.798295238095238, 0.798295238095238, 0.799047619047619, 0.799047619047619, 0.799047619047619, 0.800052380952381, 0.8005904761904761, 0.8006285714285714, 0.8009809523809522, 0.8009809523809522, 0.8010666666666666, 0.8011190476190475, 0.8011190476190475, 0.8013238095238094, 0.8015000000000001, 0.8018666666666666, 0.8018666666666666, 0.8018666666666666, 0.8018666666666666, 0.8019666666666666, 0.8026357142857142, 0.8026357142857142, 0.8026357142857142, 0.8026357142857142, 0.8027095238095237, 0.802795238095238, 0.802795238095238, 0.8029142857142857, 0.8029142857142857, 0.8029142857142857, 0.8029142857142857, 0.8029142857142857, 0.8029142857142857, 0.8029142857142857, 0.8029142857142857]}