{"task_id": "rf-49", "max_evals": 50, "batch_size": 5, "n_repeat": 3, "scores": [0.9471117761756599, 0.9549600246311188, 0.9594767590972525, 0.9594767590972525, 0.9594767590972525, 0.9616054372221355, 0.9616054372221355, 0.9713632819262168, 0.9713632819262168, 0.9768075775982163, 0.9828141966029378, 0.9828141966029378, 0.9828141966029378, 0.9828141966029378, 0.9828141966029378, 0.9828141966029378, 0.9828141966029378, 0.9828141966029378, 0.9828141966029378, 0.9828141966029378, 0.9828141966029378, 0.9828141966029378, 0.9833395017613867, 0.9833395017613867, 0.9833395017613867, 0.9875840343740409, 0.9875840343740409, 0.9875840343740409, 0.9875840343740409, 0.9875840343740409, 0.9875840343740409, 0.9875840343740409, 0.9875840343740409, 0.9875840343740409, 0.9875840343740409, 0.9875840343740409, 0.9875840343740409, 0.9875840343740409, 0.9875840343740409, 0.9875840343740409, 0.9875840343740409, 0.9875840343740409, 0.9875840343740409, 0.9875840343740409, 0.9875840343740409, 0.9875840343740409, 0.9875840343740409, 0.9875840343740409, 0.9875840343740409, 0.9875840343740409]}