{"task_id": "rf-9978", "max_evals": 50, "batch_size": 5, "n_repeat": 3, "scores": [0.8476647172582114, 0.8535807176246024, 0.8599888900707962, 0.8664055759434576, 0.8664055759434576, 0.8664055759434576, 0.8672583959744236, 0.8682499793166212, 0.8682499793166212, 0.8682499793166212, 0.8682499793166212, 0.8692340649339906, 0.8692340649339906, 0.8692340649339906, 0.8692340649339906, 0.8692340649339906, 0.8692340649339906, 0.8692340649339906, 0.8692340649339906, 0.8692340649339906, 0.8692741020458815, 0.8692741020458815, 0.8692741020458815, 0.8692741020458815, 0.8694409356569631, 0.8694409356569631, 0.8694409356569631, 0.8699181676890166, 0.8700046315994753, 0.8700046315994753, 0.8700755091065963, 0.8701720561642379, 0.8703643746528148, 0.870452869966552, 0.8706551607984966, 0.8706551607984966, 0.8706551607984966, 0.8706551607984966, 0.8706551607984966, 0.8706551607984966, 0.8706551607984966, 0.8706551607984966, 0.8706551607984966, 0.8706551607984966, 0.8706551607984966, 0.8707340900495221, 0.8707340900495221, 0.8708307109763737, 0.8708307109763737, 0.8708307109763737]}