{"task_id": "svm-9978", "max_evals": 50, "batch_size": 5, "n_repeat": 3, "scores": [0.5, 0.5730658824711319, 0.5730658824711319, 0.5730658824711319, 0.5730658824711319, 0.5730658824711319, 0.5730658824711319, 0.5730658824711319, 0.5730658824711319, 0.5730658824711319, 0.5730658824711319, 0.5730658824711319, 0.5751769906274746, 0.5751769906274746, 0.5751769906274746, 0.5823534213263365, 0.6324460902504462, 0.6324460902504462, 0.6324460902504462, 0.6642557972556111, 0.6775285799973997, 0.7236066050892931, 0.7255303809287428, 0.7255303809287428, 0.7255303809287428, 0.7255303809287428, 0.7255303809287428, 0.7255303809287428, 0.7260756834379319, 0.7260756834379319, 0.7260756834379319, 0.7260756834379319, 0.7260756834379319, 0.7260756834379319, 0.7260756834379319, 0.7260756834379319, 0.7260756834379319, 0.7260756834379319, 0.7260756834379319, 0.7260756834379319, 0.7260756834379319, 0.7260756834379319, 0.7260756834379319, 0.7260756834379319, 0.7260756834379319, 0.7260756834379319, 0.7260756834379319, 0.7260756834379319, 0.7260756834379319, 0.7260756834379319]}