{"task_id": "svm-3494", "max_evals": 50, "batch_size": 5, "n_repeat": 3, "scores": [0.8480277730996121, 0.9097240057728563, 0.9111206721120514, 0.9756075182799321, 0.9756075182799321, 0.9756075182799321, 0.9756075182799321, 0.9883630045986367, 0.9883630045986367, 0.9883630045986367, 0.9883630045986367, 0.9883630045986367, 0.9883630045986367, 0.9933588761174968, 0.9933588761174968, 0.9933588761174968, 0.9933588761174968, 0.9933588761174968, 0.9933588761174968, 0.9933588761174968, 0.9933588761174968, 0.9933588761174968, 0.9941677309493402, 0.9941677309493402, 0.9943380161770966, 0.9943380161770966, 0.9943380161770966, 0.9943380161770966, 0.9943380161770966, 0.9943380161770966, 0.9943380161770966, 0.9943380161770966, 0.9943380161770966, 0.9943380161770966, 0.9943380161770966, 0.9943380161770966, 0.9943380161770966, 0.9943380161770966, 0.9943380161770966, 0.9943380161770966, 0.9943380161770966, 0.9943380161770966, 0.9943380161770966, 0.9943380161770966, 0.9943380161770966, 0.9943380161770966, 0.9943380161770966, 0.9943380161770966, 0.9943380161770966, 0.9943380161770966]}