{"task_id": "svm-3913", "max_evals": 50, "batch_size": 5, "n_repeat": 3, "scores": [0.6221183965086404, 0.7349929609685707, 0.7839059585401048, 0.7839059585401048, 0.8163949600534965, 0.8163949600534965, 0.8163949600534965, 0.8178569668813571, 0.8524175553443846, 0.8524175553443846, 0.8524175553443846, 0.8585559427022842, 0.8585559427022842, 0.8585559427022842, 0.8585559427022842, 0.8585559427022842, 0.8598634427902719, 0.8598634427902719, 0.8598634427902719, 0.8598634427902719, 0.8599062049062048, 0.8608765353887305, 0.8610445922641045, 0.8610445922641045, 0.8639805722732552, 0.8640618730862633, 0.8640618730862633, 0.8640618730862633, 0.8640618730862633, 0.8640618730862633, 0.8640618730862633, 0.8640618730862633, 0.8640618730862633, 0.8640618730862633, 0.8640618730862633, 0.8640618730862633, 0.86702935276106, 0.86702935276106, 0.86702935276106, 0.86702935276106, 0.86702935276106, 0.86702935276106, 0.8698748812163446, 0.8698748812163446, 0.8699561820293527, 0.8699561820293527, 0.8699561820293527, 0.8699561820293527, 0.8699561820293527, 0.8699561820293527]}