{"task_id": "svm-3918", "max_evals": 50, "batch_size": 5, "n_repeat": 3, "scores": [0.5509913781606742, 0.5894598625484547, 0.5894598625484547, 0.6564094506828124, 0.6791772244745546, 0.6791772244745546, 0.6791772244745546, 0.6993202438742486, 0.7014329168000284, 0.7014329168000284, 0.7014329168000284, 0.7014329168000284, 0.7014329168000284, 0.7014329168000284, 0.7014329168000284, 0.7014329168000284, 0.7014329168000284, 0.7014329168000284, 0.7014329168000284, 0.7014329168000284, 0.704331312902308, 0.7152206081741883, 0.7272850430314023, 0.7273597811977668, 0.7275589625786836, 0.7275589625786836, 0.7275589625786836, 0.7275589625786836, 0.7275589625786836, 0.727571687515559, 0.727571687515559, 0.727571687515559, 0.727571687515559, 0.727571687515559, 0.727571687515559, 0.727571687515559, 0.727571687515559, 0.727571687515559, 0.727571687515559, 0.727571687515559, 0.727571687515559, 0.727571687515559, 0.727571687515559, 0.727571687515559, 0.727571687515559, 0.7278484410007469, 0.7278484410007469, 0.7278484410007469, 0.7278484410007469, 0.7278484410007469]}