{"task_id": "svm-9980", "max_evals": 50, "batch_size": 5, "n_repeat": 3, "scores": [0.5, 0.515491156462585, 0.5167795918367347, 0.5356326530612244, 0.5421380952380952, 0.5421380952380952, 0.5421380952380952, 0.5421380952380952, 0.5421380952380952, 0.5626353741496599, 0.5626353741496599, 0.5626353741496599, 0.5658965986394557, 0.5691197278911564, 0.5691197278911564, 0.5691197278911564, 0.5691197278911564, 0.5691197278911564, 0.5691197278911564, 0.5691197278911564, 0.5898054421768707, 0.5901755102040817, 0.6091061224489794, 0.6105047619047619, 0.6105047619047619, 0.6105047619047619, 0.6105047619047619, 0.6105047619047619, 0.6105047619047619, 0.6105047619047619, 0.6105047619047619, 0.6105047619047619, 0.6105047619047619, 0.6105047619047619, 0.6105047619047619, 0.6105047619047619, 0.6105047619047619, 0.6105047619047619, 0.6105047619047619, 0.6105047619047619, 0.6105047619047619, 0.6105047619047619, 0.6105047619047619, 0.6105047619047619, 0.6105047619047619, 0.6105047619047619, 0.6105047619047619, 0.6105047619047619, 0.6105047619047619, 0.6105047619047619]}