{"task_id": "svm-3903", "max_evals": 50, "batch_size": 5, "n_repeat": 3, "scores": [0.5053236870989531, 0.6323734063660925, 0.6324988390746369, 0.6765319993245525, 0.7330894334684229, 0.7330894334684229, 0.7330894334684229, 0.7330894334684229, 0.7330894334684229, 0.7330894334684229, 0.7330894334684229, 0.7330894334684229, 0.7330894334684229, 0.7508361301080716, 0.7508361301080716, 0.7508361301080716, 0.7508361301080716, 0.7509465763255657, 0.7509465763255657, 0.7509465763255657, 0.7509465763255657, 0.7512846694528875, 0.7524349354103345, 0.7524349354103345, 0.7524349354103345, 0.7530209388720027, 0.7530209388720027, 0.7543956328098615, 0.7543956328098615, 0.7548512432455251, 0.7548512432455251, 0.7548512432455251, 0.7548512432455251, 0.7548512432455251, 0.7548512432455251, 0.7549269144714623, 0.7549269144714623, 0.7549269144714623, 0.7549269144714623, 0.7556070584262073, 0.7556070584262073, 0.7556070584262073, 0.7556070584262073, 0.7564163289429247, 0.7564163289429247, 0.7564163289429247, 0.7564163289429247, 0.7564163289429247, 0.7564163289429247, 0.7564163289429247]}