{"task_id": "svm-9952", "max_evals": 50, "batch_size": 5, "n_repeat": 3, "scores": [0.8149435880495218, 0.8149435880495218, 0.9216188288997871, 0.9392738329970315, 0.9392738329970315, 0.9392738329970315, 0.9392738329970315, 0.9392738329970315, 0.9392738329970315, 0.9392738329970315, 0.9392738329970315, 0.9392738329970315, 0.9415662799956518, 0.9415662799956518, 0.9415662799956518, 0.9415662799956518, 0.9415662799956518, 0.9415662799956518, 0.9415662799956518, 0.9415662799956518, 0.9419980877946861, 0.9440431881080645, 0.9440431881080645, 0.9440431881080645, 0.944055087604038, 0.944055087604038, 0.944055087604038, 0.9449609796403363, 0.9449609796403363, 0.9449609796403363, 0.9458227836559564, 0.9458227836559564, 0.9458227836559564, 0.9458227836559564, 0.9458227836559564, 0.9458227836559564, 0.9458227836559564, 0.9458227836559564, 0.9458227836559564, 0.9458227836559564, 0.9458227836559564, 0.9458227836559564, 0.9458227836559564, 0.9460484732377404, 0.9460484732377404, 0.9461017866621061, 0.9461017866621061, 0.9461017866621061, 0.9461017866621061, 0.9461017866621061]}