{"task_id": "svm-3493", "max_evals": 50, "batch_size": 5, "n_repeat": 3, "scores": [0.5622364672364671, 0.6430158730158729, 0.6722456247456247, 0.6954232804232804, 0.7857926332926333, 0.8749542124542126, 0.9337769637769636, 0.9337769637769636, 0.9337769637769636, 0.9337769637769636, 0.9337769637769636, 0.9337769637769636, 0.9337769637769636, 0.9390018315018315, 0.9390018315018315, 0.9390018315018315, 0.9390018315018315, 0.9390018315018315, 0.9390018315018315, 0.9390018315018315, 0.9404955229955229, 0.9404955229955229, 0.9551577126577125, 0.9626027676027675, 0.984600122100122, 0.9857509157509158, 0.9969169719169718, 0.9972252747252748, 0.9973199023199024, 0.9973199023199024, 0.9973199023199024, 0.9973199023199024, 0.9973199023199024, 0.9973199023199024, 0.9973199023199024, 0.9976190476190476, 0.9976190476190476, 0.9976190476190476, 0.9976190476190476, 0.9976617826617827, 0.9976617826617827, 0.9976617826617827, 0.9976617826617827, 0.9976617826617827, 0.9976617826617827, 0.9976617826617827, 0.9976617826617827, 0.9976617826617827, 0.9976617826617827, 0.9976617826617827]}