{"task_id": "xgb-9914", "max_evals": 50, "batch_size": 5, "n_repeat": 3, "scores": [0.7455836944031263, 0.8634286275008473, 0.8634286275008473, 0.9031609290918627, 0.9467608679310288, 0.9467608679310288, 0.9467608679310288, 0.9503301685943368, 0.9686272746893322, 0.9686272746893322, 0.9686272746893322, 0.9686272746893322, 0.9686272746893322, 0.9686272746893322, 0.9802062683589013, 0.9802062683589013, 0.9802062683589013, 0.9802062683589013, 0.9802062683589013, 0.984461095047987, 0.9857096076447966, 0.9857096076447966, 0.9864531150468965, 0.9864531150468965, 0.9864531150468965, 0.9864531150468965, 0.9874581046607888, 0.9874581046607888, 0.9874581046607888, 0.9874581046607888, 0.9875037639652605, 0.9875037639652605, 0.9875575921961756, 0.9875575921961756, 0.9875575921961756, 0.9875575921961756, 0.9887272388144317, 0.9887272388144317, 0.9887272388144317, 0.9897512265674191, 0.9897512265674191, 0.9897512265674191, 0.9897512265674191, 0.9898496928877488, 0.9898496928877488, 0.9898496928877488, 0.9898496928877488, 0.9907281438267171, 0.9907281438267171, 0.9907281438267171]}