{"task_id": "xgb-3917", "max_evals": 50, "batch_size": 5, "n_repeat": 3, "scores": [0.7508003714844446, 0.7903141681392419, 0.7903141681392419, 0.7930013469743891, 0.7930013469743891, 0.7930013469743891, 0.7930013469743891, 0.7930013469743891, 0.7939349749258007, 0.7941084651716146, 0.7941084651716146, 0.7946889118453698, 0.7946889118453698, 0.7946889118453698, 0.7946889118453698, 0.7946889118453698, 0.7946889118453698, 0.7946889118453698, 0.7946889118453698, 0.7946889118453698, 0.7946889118453698, 0.7946889118453698, 0.7946889118453698, 0.7946889118453698, 0.7946889118453698, 0.7946889118453698, 0.7946889118453698, 0.7946889118453698, 0.7947976935849931, 0.7949481619637782, 0.7949481619637782, 0.7949549948158695, 0.7949549948158695, 0.7949549948158695, 0.79514124031334, 0.7951872394659355, 0.7951872394659355, 0.7951872394659355, 0.7951872394659355, 0.7951872394659355, 0.7951872394659355, 0.7951872394659355, 0.7951872394659355, 0.7951872394659355, 0.7951872394659355, 0.7951872394659355, 0.7951872394659355, 0.7951872394659355, 0.7951872394659355, 0.7951872394659355]}