{"task_id": "xgb-3492", "max_evals": 50, "batch_size": 5, "n_repeat": 3, "scores": [0.5448424946110131, 0.6227606543303192, 0.7599688675195729, 0.7599688675195729, 0.7599688675195729, 0.7599688675195729, 0.7599688675195729, 0.7599688675195729, 0.7599688675195729, 0.7599688675195729, 0.7747038390115991, 0.7747038390115991, 0.7747038390115991, 0.7747038390115991, 0.7747038390115991, 0.7747038390115991, 0.7747038390115991, 0.7747038390115991, 0.7747038390115991, 0.7747038390115991, 0.7793381927530959, 0.7793381927530959, 0.7793381927530959, 0.7802735669027557, 0.8045662040536379, 0.8050764081352706, 0.8233533262413332, 0.8233533262413332, 0.8233533262413332, 0.8233533262413332, 0.8233533262413332, 0.8244162514114013, 0.8244162514114013, 0.8244162514114013, 0.8244162514114013, 0.8244162514114013, 0.8244162514114013, 0.8244162514114013, 0.8244162514114013, 0.8244162514114013, 0.8244162514114013, 0.8244162514114013, 0.8244162514114013, 0.8244162514114013, 0.8245012854250068, 0.8245012854250068, 0.8245012854250068, 0.8245309715106893, 0.8245309715106893, 0.8245309715106893]}