{"task_id": "xgb-146064", "max_evals": 50, "batch_size": 5, "n_repeat": 3, "scores": [0.562368862153915, 0.733246549648666, 0.8608922855836436, 0.9021953706036597, 0.9866071428571428, 0.9866071428571428, 0.9866071428571428, 0.9866071428571428, 0.9866071428571428, 0.9866071428571428, 0.9866071428571428, 0.9866071428571428, 0.9866071428571428, 0.9866071428571428, 0.9866071428571428, 0.9866071428571428, 0.9866071428571428, 0.9866071428571428, 0.9866071428571428, 0.9866071428571428, 0.9889030612244897, 0.9889030612244897, 0.9889030612244897, 0.9910714285714285, 0.9913265306122448, 0.9913265306122448, 0.9913265306122448, 0.9915816326530612, 0.9915816326530612, 0.9915816326530612, 0.9915816326530612, 0.9915816326530612, 0.9915816326530612, 0.996343537414966, 0.9963860544217686, 0.9963860544217686, 0.9963860544217686, 0.9963860544217686, 0.9963860544217686, 0.9963860544217686, 0.9965986394557823, 0.9965986394557823, 0.9965986394557823, 0.9965986394557823, 0.9965986394557823, 0.9965986394557823, 0.9965986394557823, 0.9965986394557823, 0.9965986394557823, 0.9965986394557823]}