{"task_id": "xgb-3918", "max_evals": 50, "batch_size": 5, "n_repeat": 3, "scores": [0.6798528963956755, 0.6919392525961094, 0.762446766421281, 0.7670879232013942, 0.8231509944343683, 0.8231509944343683, 0.8231509944343683, 0.8236405433159074, 0.8328505081083964, 0.8328505081083964, 0.8328505081083964, 0.8328505081083964, 0.8328505081083964, 0.8328505081083964, 0.8328505081083964, 0.834588823393435, 0.834588823393435, 0.834588823393435, 0.8466517301468759, 0.8466517301468759, 0.8466517301468759, 0.847158727195135, 0.847158727195135, 0.8478297592375261, 0.8518120532380241, 0.8553336378427397, 0.8553336378427397, 0.8553336378427397, 0.8553336378427397, 0.8553336378427397, 0.8553336378427397, 0.8553336378427397, 0.8553336378427397, 0.8553336378427397, 0.8553336378427397, 0.8553336378427397, 0.8553336378427397, 0.8553336378427397, 0.8553336378427397, 0.8553336378427397, 0.8553336378427397, 0.8553336378427397, 0.8553336378427397, 0.8563732485152388, 0.8563732485152388, 0.8563732485152388, 0.8563732485152388, 0.8563732485152388, 0.8563732485152388, 0.8563732485152388]}