{"task_id": "xgb-10101", "max_evals": 50, "batch_size": 5, "n_repeat": 3, "scores": [0.6046831403126554, 0.6046831403126554, 0.7436733172801283, 0.8947760195696213, 0.9221562894163514, 0.9280386423575276, 0.9283692619347934, 0.9283692619347934, 0.9283692619347934, 0.9447664640905096, 0.9447664640905096, 0.9462322745862478, 0.9462322745862478, 0.9462322745862478, 0.9464902725222641, 0.9464902725222641, 0.9464902725222641, 0.9464902725222641, 0.9464902725222641, 0.9464902725222641, 0.946622138134006, 0.946622138134006, 0.946622138134006, 0.946622138134006, 0.946622138134006, 0.9474859534457057, 0.9474859534457057, 0.9474859534457057, 0.9476254634407368, 0.9476827963154072, 0.9476827963154072, 0.9476827963154072, 0.9479350609639567, 0.9479350609639567, 0.9479350609639567, 0.9479350609639567, 0.9479350609639567, 0.9479350609639567, 0.9479350609639567, 0.9479350609639567, 0.9479350609639567, 0.9479350609639567, 0.9479350609639567, 0.9479350609639567, 0.9479350609639567, 0.9479350609639567, 0.9479350609639567, 0.9479350609639567, 0.9479350609639567, 0.9479350609639567]}