{"task_id": "rf-145976", "max_evals": 50, "batch_size": 5, "n_repeat": 10, "scores": [0.8207562678062678, 0.8289857549857549, 0.8306159544159545, 0.8306159544159545, 0.8312632478632478, 0.8323376068376069, 0.8338458689458689, 0.8341689458689459, 0.8346971509971508, 0.8347663817663816, 0.8347663817663816, 0.8347663817663816, 0.8353390313390314, 0.8355076923076922, 0.8355076923076922, 0.8355076923076922, 0.8355076923076922, 0.8355076923076922, 0.8357062678062677, 0.8357062678062677, 0.835731339031339, 0.8362923076923078, 0.8364811965811967, 0.836551566951567, 0.8365846153846155, 0.8366820512820514, 0.8367264957264957, 0.8367327635327635, 0.8367327635327635, 0.8367327635327635, 0.8367572649572651, 0.836866381766382, 0.8369125356125358, 0.8369125356125358, 0.8369564102564103, 0.8369564102564103, 0.8369849002849004, 0.8369849002849004, 0.8369849002849004, 0.8369849002849004, 0.8369849002849004, 0.8370509971509972, 0.8370509971509972, 0.8370509971509972, 0.8370509971509972, 0.837134188034188, 0.837134188034188, 0.837134188034188, 0.8371700854700854, 0.8374729344729344]}