{"task_id": "rf-3902", "max_evals": 50, "batch_size": 5, "n_repeat": 10, "scores": [0.9175714869281046, 0.9359821793300653, 0.9412482128267975, 0.9417767054738562, 0.9417767054738562, 0.9424997446895425, 0.9430325776143789, 0.9430361519607843, 0.9436476205065361, 0.9436476205065361, 0.9436476205065361, 0.9436476205065361, 0.9436772365196078, 0.9436772365196078, 0.9436772365196078, 0.9437334048202615, 0.9438628472222224, 0.9442463235294116, 0.9442463235294116, 0.9442463235294116, 0.944758220996732, 0.9447822201797387, 0.9450176164215687, 0.9461550245098038, 0.9463301674836602, 0.9463301674836602, 0.9464808006535949, 0.9464808006535949, 0.9465035232843138, 0.9465035232843138, 0.9466536458333333, 0.9467276858660132, 0.9468520220588236, 0.9468520220588236, 0.9468520220588236, 0.9468520220588236, 0.9469675500408498, 0.9471672028186274, 0.947210222630719, 0.947210222630719, 0.947210222630719, 0.947210222630719, 0.9472522212009803, 0.9472522212009803, 0.9472522212009803, 0.9472522212009803, 0.9472522212009803, 0.9472522212009803, 0.9472522212009803, 0.9472786458333333]}