{"task_id": "rf-9957", "max_evals": 50, "batch_size": 5, "n_repeat": 3, "scores": [0.8815749613855205, 0.89080898156364, 0.9046290545203588, 0.915204919649019, 0.9169627904301817, 0.9169627904301817, 0.9180779683854219, 0.9180779683854219, 0.9180779683854219, 0.9180779683854219, 0.9180779683854219, 0.9180779683854219, 0.9191550987544778, 0.9200773932761511, 0.9201719412402642, 0.9202728647014361, 0.9202728647014361, 0.9202728647014361, 0.9202728647014361, 0.9202728647014361, 0.9202834631437117, 0.9206829340431826, 0.9206829340431826, 0.9206829340431826, 0.9206829340431826, 0.9208689079496534, 0.9208689079496534, 0.9208689079496534, 0.9208689079496534, 0.9208689079496534, 0.9208689079496534, 0.9208689079496534, 0.9208689079496534, 0.9208689079496534, 0.9208689079496534, 0.9208689079496534, 0.9208689079496534, 0.9208689079496534, 0.9208689079496534, 0.9208689079496534, 0.9208689079496534, 0.9208689079496534, 0.9208689079496534, 0.9208689079496534, 0.9208689079496534, 0.9208689079496534, 0.9208689079496534, 0.9208689079496534, 0.9208689079496534, 0.9208689079496534]}