{"task_id": "svm-9946", "max_evals": 50, "batch_size": 5, "n_repeat": 3, "scores": [0.6434193408002932, 0.6434193408002932, 0.6434193408002932, 0.9383783984974462, 0.9383783984974462, 0.9383783984974462, 0.939548976156119, 0.939548976156119, 0.939548976156119, 0.939548976156119, 0.939548976156119, 0.9485904968047825, 0.9614957397100253, 0.9614957397100253, 0.9614957397100253, 0.9614957397100253, 0.9614957397100253, 0.9614957397100253, 0.9614957397100253, 0.9614957397100253, 0.961588217778694, 0.9626166426166426, 0.9626166426166426, 0.9627481733434115, 0.9628819372866992, 0.9628819372866992, 0.9628819372866992, 0.9628819372866992, 0.9630167319453032, 0.9630167319453032, 0.9630167319453032, 0.9630167319453032, 0.9630167319453032, 0.9630167319453032, 0.9630167319453032, 0.9630167319453032, 0.9630167319453032, 0.9630167319453032, 0.9630167319453032, 0.9630167319453032, 0.9630167319453032, 0.9630167319453032, 0.9630167319453032, 0.9630167319453032, 0.9630167319453032, 0.9630167319453032, 0.9630167319453032, 0.9630167319453032, 0.9630167319453032, 0.9630167319453032]}