{"task_id": "xgb-3", "max_evals": 50, "batch_size": 5, "n_repeat": 3, "scores": [0.8295546627907476, 0.9871964204949132, 0.9871964204949132, 0.9871964204949132, 0.9871964204949132, 0.9871964204949132, 0.9871964204949132, 0.9871964204949132, 0.9871964204949132, 0.9871964204949132, 0.9871964204949132, 0.9934812964080998, 0.9934812964080998, 0.9934812964080998, 0.9934812964080998, 0.9934812964080998, 0.9934812964080998, 0.9934812964080998, 0.9934812964080998, 0.9948934784059809, 0.9957781131633062, 0.9958157142597029, 0.9968176649796382, 0.9968176649796382, 0.9968176649796382, 0.9968399286737842, 0.9968780104050584, 0.9968780104050584, 0.9968780104050584, 0.9968780104050584, 0.9968780104050584, 0.9968848165382341, 0.9972342466769248, 0.9972351307017888, 0.9972351307017888, 0.9972351307017888, 0.9972351307017888, 0.9972351307017888, 0.9972351307017888, 0.9972351307017888, 0.9972351307017888, 0.9972351307017888, 0.9972351307017888, 0.9972351307017888, 0.9972351307017888, 0.9972351307017888, 0.9972351307017888, 0.9972351307017888, 0.9972351307017888, 0.9972351307017888]}