{"task_id": "xgb-9946", "max_evals": 50, "batch_size": 5, "n_repeat": 3, "scores": [0.8193230490849538, 0.9688641517212946, 0.9727861952861954, 0.9901961222199319, 0.9901961222199319, 0.9901961222199319, 0.9901961222199319, 0.9904366797223939, 0.9916276140085664, 0.9918332989761561, 0.9918332989761561, 0.9918332989761561, 0.9918332989761561, 0.9918332989761561, 0.9918332989761561, 0.9919974117593165, 0.9919974117593165, 0.9919974117593165, 0.9919974117593165, 0.9919974117593165, 0.9919974117593165, 0.9919974117593165, 0.9919974117593165, 0.992255205112348, 0.9925651068508211, 0.9925651068508211, 0.9925651068508211, 0.9931763782954258, 0.9931763782954258, 0.9934101788863692, 0.9934830733640257, 0.9939391076295837, 0.9939391076295837, 0.9939391076295837, 0.9939391076295837, 0.9939391076295837, 0.9939391076295837, 0.9939391076295837, 0.9939391076295837, 0.9939391076295837, 0.9939391076295837, 0.9939391076295837, 0.9939391076295837, 0.9939391076295837, 0.9939391076295837, 0.9939391076295837, 0.9943281453995739, 0.9943281453995739, 0.9943281453995739, 0.9943281453995739]}