{"task_id": "rf-145976", "max_evals": 50, "batch_size": 5, "n_repeat": 3, "scores": [0.8275536562203228, 0.8279069325735993, 0.8302345679012345, 0.8316163342830009, 0.8329743589743589, 0.8351177587844254, 0.8351177587844254, 0.8363048433048433, 0.8363076923076923, 0.8363076923076923, 0.8363314339981006, 0.8363314339981006, 0.8364311490978157, 0.8366343779677115, 0.8366343779677115, 0.837275403608737, 0.837275403608737, 0.837275403608737, 0.837519468186135, 0.837519468186135, 0.837519468186135, 0.837519468186135, 0.837519468186135, 0.837519468186135, 0.837519468186135, 0.837519468186135, 0.837519468186135, 0.837519468186135, 0.837519468186135, 0.837519468186135, 0.837519468186135, 0.837519468186135, 0.8375735992402659, 0.8375735992402659, 0.8375735992402659, 0.8375735992402659, 0.8375735992402659, 0.8375735992402659, 0.8375735992402659, 0.8375735992402659, 0.8375735992402659, 0.8376486229819563, 0.8376486229819563, 0.8376486229819563, 0.8376486229819563, 0.8378974358974358, 0.8378974358974358, 0.8378974358974358, 0.8378974358974358, 0.8388632478632477]}