{"task_id": "rf-146065", "max_evals": 50, "batch_size": 5, "n_repeat": 3, "scores": [0.9630280830280831, 0.9677533577533577, 0.9929939967439968, 0.9934315221815222, 0.9966361416361416, 0.9973260073260072, 0.9979365079365078, 0.9979365079365078, 0.9979365079365078, 0.998095238095238, 0.998095238095238, 0.998095238095238, 0.9982142857142856, 0.9982142857142856, 0.9982142857142856, 0.9983333333333334, 0.9983333333333334, 0.9983333333333334, 0.9983333333333334, 0.9983333333333334, 0.9983531746031747, 0.9983531746031747, 0.9983531746031747, 0.9983531746031747, 0.9983531746031747, 0.9983531746031747, 0.9984325396825398, 0.9984325396825398, 0.9984325396825398, 0.9984325396825398, 0.9984325396825398, 0.9984325396825398, 0.9984325396825398, 0.9984325396825398, 0.9984325396825398, 0.9984325396825398, 0.9984325396825398, 0.9984325396825398, 0.9984325396825398, 0.9984325396825398, 0.9984325396825398, 0.9984325396825398, 0.9984325396825398, 0.9984325396825398, 0.9984325396825398, 0.9984325396825398, 0.9984325396825398, 0.9984325396825398, 0.9986309523809523, 0.9986309523809523]}