{"task_id": "rf-145862", "max_evals": 50, "batch_size": 5, "n_repeat": 3, "scores": [0.9187577228959215, 0.9189387919418973, 0.9189387919418973, 0.9190975303164745, 0.9190975303164745, 0.9190975303164745, 0.9190975303164745, 0.9193501429557328, 0.9194133474645897, 0.9195343093759242, 0.9195343093759242, 0.9197000805152978, 0.9197000805152978, 0.9197000805152978, 0.9201195323540045, 0.9201195323540045, 0.9202121331624437, 0.9202121331624437, 0.9202121331624437, 0.9206997847448157, 0.9207831838049229, 0.9207831838049229, 0.9211441223832528, 0.9211441223832528, 0.9211441223832528, 0.9211441223832528, 0.9211441223832528, 0.9211441223832528, 0.9211441223832528, 0.9211441223832528, 0.9211441223832528, 0.9211441223832528, 0.9211441223832528, 0.9211441223832528, 0.9214628479411088, 0.9214628479411088, 0.9214628479411088, 0.9214628479411088, 0.9214628479411088, 0.9214628479411088, 0.9214628479411088, 0.9214628479411088, 0.9214628479411088, 0.9214628479411088, 0.9214628479411088, 0.9214628479411088, 0.9214628479411088, 0.9214628479411088, 0.9214628479411088, 0.9214628479411088]}