{"task_id": "rf-145878", "max_evals": 50, "batch_size": 5, "n_repeat": 3, "scores": [0.990722359650931, 0.990722359650931, 0.991106186582377, 0.9917187177901464, 0.9919103735770403, 0.9919163860830528, 0.9919584736251403, 0.9919584736251403, 0.9919584736251403, 0.9922631072631073, 0.9923733365400033, 0.9923733365400033, 0.9923733365400033, 0.9923733365400033, 0.9924106713392428, 0.9924106713392428, 0.9924106713392428, 0.9924106713392428, 0.9924595157928492, 0.9924595157928492, 0.9924595157928492, 0.9924595157928492, 0.9925239068691449, 0.9925239068691449, 0.9925239068691449, 0.9925239068691449, 0.9925239068691449, 0.9925239068691449, 0.9925239068691449, 0.9925239068691449, 0.9925239068691449, 0.9925239068691449, 0.9925239068691449, 0.9925239068691449, 0.9925239068691449, 0.9925239068691449, 0.9925239068691449, 0.9925239068691449, 0.9925239068691449, 0.9925239068691449, 0.9925239068691449, 0.9925239068691449, 0.9925239068691449, 0.9925239068691449, 0.9925239068691449, 0.9925239068691449, 0.9925239068691449, 0.9925239068691449, 0.9925239068691449, 0.9925239068691449]}