{"task_id": "rf-145972", "max_evals": 50, "batch_size": 5, "n_repeat": 3, "scores": [0.7957619047619047, 0.7976507936507936, 0.7976507936507936, 0.8006587301587301, 0.8006587301587301, 0.8006587301587301, 0.8021825396825397, 0.8022619047619047, 0.8022619047619047, 0.8022619047619047, 0.8022619047619047, 0.8022619047619047, 0.8022619047619047, 0.8026031746031747, 0.8026031746031747, 0.8026031746031747, 0.8026031746031747, 0.8026031746031747, 0.8026031746031747, 0.8026031746031747, 0.8026031746031747, 0.8026031746031747, 0.8032857142857143, 0.8032857142857143, 0.8032857142857143, 0.8034444444444445, 0.8034444444444445, 0.8034444444444445, 0.8034444444444445, 0.8035714285714285, 0.8036190476190477, 0.8036190476190477, 0.8041904761904762, 0.8043650793650793, 0.8043650793650793, 0.8043650793650793, 0.8048253968253968, 0.8048253968253968, 0.8048253968253968, 0.8048253968253968, 0.8048253968253968, 0.8048253968253968, 0.8048253968253968, 0.8048253968253968, 0.8048253968253968, 0.8048253968253968, 0.8048253968253968, 0.8048253968253968, 0.8048253968253968, 0.8048253968253968]}