{"task_id": "rf-145836", "max_evals": 50, "batch_size": 5, "n_repeat": 3, "scores": [0.7516874976111302, 0.8248461567863012, 0.8248461567863012, 0.8248461567863012, 0.8275494018270075, 0.8297586285976379, 0.8297586285976379, 0.8354317165462676, 0.8374517448304858, 0.8374517448304858, 0.8380432289875014, 0.8380432289875014, 0.8380432289875014, 0.8380432289875014, 0.8380432289875014, 0.8382467606925811, 0.8382467606925811, 0.846922180178114, 0.846922180178114, 0.8477124183006537, 0.8477124183006537, 0.8477124183006537, 0.8477124183006537, 0.8482064365707297, 0.848807476206857, 0.848807476206857, 0.848807476206857, 0.8523659366280626, 0.8524041585445095, 0.8524041585445095, 0.8564633260711693, 0.8607107365363299, 0.8607107365363299, 0.8607107365363299, 0.8607107365363299, 0.8607107365363299, 0.8607107365363299, 0.8607107365363299, 0.8607107365363299, 0.8607107365363299, 0.8607107365363299, 0.8607107365363299, 0.8607107365363299, 0.8607107365363299, 0.8607107365363299, 0.8607107365363299, 0.8607107365363299, 0.8607107365363299, 0.8607107365363299, 0.8607107365363299]}