{"task_id": "rf-145804", "max_evals": 50, "batch_size": 5, "n_repeat": 3, "scores": [0.9578227228764864, 0.9622925286113143, 0.9697159845799946, 0.974975082897284, 0.9818177939145681, 0.9843664651697542, 0.9843664651697542, 0.9851632496161274, 0.9851632496161274, 0.9851632496161274, 0.9851632496161274, 0.9864125730665895, 0.9864125730665895, 0.9867231241361539, 0.9867231241361539, 0.9867231241361539, 0.9867231241361539, 0.9867231241361539, 0.9867231241361539, 0.9867231241361539, 0.9867231241361539, 0.9867231241361539, 0.9869785548628053, 0.9869785548628053, 0.9869785548628053, 0.9869785548628053, 0.9875193305300831, 0.9875193305300831, 0.9876278674823898, 0.9876278674823898, 0.9876278674823898, 0.9876278674823898, 0.9878742775485342, 0.9878742775485342, 0.9878742775485342, 0.9878742775485342, 0.9878742775485342, 0.9878742775485342, 0.9878742775485342, 0.9878742775485342, 0.9880656661491575, 0.9880656661491575, 0.9880656661491575, 0.9880656661491575, 0.9880656661491575, 0.9880656661491575, 0.9885236738336042, 0.9885236738336042, 0.9885236738336042, 0.9885236738336042]}