{"task_id": "rf-145855", "max_evals": 50, "batch_size": 5, "n_repeat": 3, "scores": [0.8639419269817633, 0.8646189752272218, 0.8665709321703364, 0.8665709321703364, 0.8665709321703364, 0.8674351649942679, 0.8687796215532626, 0.8690839257643986, 0.8704494350482811, 0.8704494350482811, 0.8704494350482811, 0.8704494350482811, 0.8704494350482811, 0.8704494350482811, 0.8711899000106372, 0.8711899000106372, 0.8711899000106372, 0.8711899000106372, 0.8711899000106372, 0.8711899000106372, 0.8714511015376614, 0.8714789502298809, 0.8714789502298809, 0.8714789502298809, 0.8714789502298809, 0.8714789502298809, 0.8714789502298809, 0.8714789502298809, 0.8714789502298809, 0.8714789502298809, 0.8714965311018922, 0.8714965311018922, 0.8714965311018922, 0.8714965311018922, 0.8714965311018922, 0.8714965311018922, 0.8714965311018922, 0.8714965311018922, 0.8714965311018922, 0.8714965311018922, 0.8714965311018922, 0.8714965311018922, 0.8714965311018922, 0.8714965311018922, 0.8715010371237103, 0.8715010371237103, 0.8716141678190263, 0.8716141678190263, 0.8716141678190263, 0.8716141678190263]}