{"task_id": "rf-145839", "max_evals": 50, "batch_size": 5, "n_repeat": 3, "scores": [0.8450326530612245, 0.8524816326530612, 0.8568789115646259, 0.8574544217687076, 0.8574544217687076, 0.8599346938775511, 0.8599346938775511, 0.8599346938775511, 0.8599346938775511, 0.8599346938775511, 0.8599346938775511, 0.8599374149659864, 0.8603156462585034, 0.8609142857142857, 0.8609142857142857, 0.8609142857142857, 0.8611047619047619, 0.8611047619047619, 0.8611047619047619, 0.8611047619047619, 0.8611047619047619, 0.8611047619047619, 0.8611047619047619, 0.8611047619047619, 0.8611047619047619, 0.8611047619047619, 0.8611047619047619, 0.8611047619047619, 0.8611047619047619, 0.8611047619047619, 0.8611047619047619, 0.8619809523809524, 0.8619809523809524, 0.8619809523809524, 0.8625537414965988, 0.8625537414965988, 0.8628544217687075, 0.8631523809523811, 0.8631523809523811, 0.8631523809523811, 0.8631523809523811, 0.8631523809523811, 0.8631523809523811, 0.8631523809523811, 0.8631523809523811, 0.8635986394557823, 0.8635986394557823, 0.8635986394557823, 0.8635986394557823, 0.8635986394557823]}