{"task_id": "rf-37", "max_evals": 50, "batch_size": 5, "n_repeat": 3, "scores": [0.8345868945868946, 0.8345868945868946, 0.8345868945868946, 0.8345897435897437, 0.8345897435897437, 0.8345897435897437, 0.834599240265907, 0.8347625830959166, 0.8347625830959166, 0.8347625830959166, 0.8364093067426402, 0.8364093067426402, 0.8365897435897436, 0.8368812915479582, 0.8369677113010446, 0.8369677113010446, 0.8371946818613484, 0.8372440645773978, 0.8372440645773978, 0.8372440645773978, 0.8372440645773978, 0.8372440645773978, 0.8372440645773978, 0.8372440645773978, 0.8373798670465336, 0.8373798670465336, 0.8373798670465336, 0.8373798670465336, 0.8373798670465336, 0.8373798670465336, 0.8373798670465336, 0.8376153846153845, 0.8376153846153845, 0.8376153846153845, 0.8376153846153845, 0.8376153846153845, 0.8377188983855651, 0.8377188983855651, 0.8377188983855651, 0.8377188983855651, 0.8377188983855651, 0.8377188983855651, 0.8377188983855651, 0.8377188983855651, 0.8377188983855651, 0.8377188983855651, 0.837812915479582, 0.8379515669515669, 0.8379515669515669, 0.8379515669515669]}