{"task_id": "rf-3902", "max_evals": 50, "batch_size": 5, "n_repeat": 3, "scores": [0.942350047657952, 0.9431857638888889, 0.9462150224673201, 0.9462150224673201, 0.9462150224673201, 0.9462150224673201, 0.9462150224673201, 0.9462150224673201, 0.9462150224673201, 0.9465443729575164, 0.9471209490740741, 0.9471209490740741, 0.9471209490740741, 0.9471209490740741, 0.9472686036220043, 0.9472686036220043, 0.9475307223583878, 0.9476983762254901, 0.9476983762254901, 0.9487949346405228, 0.9487949346405228, 0.9487949346405228, 0.9487949346405228, 0.9487949346405228, 0.9487949346405228, 0.9487949346405228, 0.9487949346405228, 0.9487949346405228, 0.9487949346405228, 0.9487949346405228, 0.9487949346405228, 0.9487949346405228, 0.9487949346405228, 0.9487949346405228, 0.9487949346405228, 0.9487949346405228, 0.9488642939814814, 0.9488642939814814, 0.9488642939814814, 0.9488642939814814, 0.9488642939814814, 0.9488642939814814, 0.9488642939814814, 0.9488642939814814, 0.9488642939814814, 0.9488642939814814, 0.9488642939814814, 0.9488642939814814, 0.9488642939814814, 0.9488642939814814]}