{"task_id": "rf-3918", "max_evals": 50, "batch_size": 5, "n_repeat": 3, "scores": [0.8549144373021802, 0.8558248537465771, 0.8558248537465771, 0.855956770777766, 0.8565857105071304, 0.8565857105071304, 0.8565857105071304, 0.8571212136366869, 0.8571212136366869, 0.8571212136366869, 0.8574917926935525, 0.8574917926935525, 0.8574917926935525, 0.8574917926935525, 0.8574917926935525, 0.8574917926935525, 0.8574917926935525, 0.8574917926935525, 0.8578455348252071, 0.8578455348252071, 0.8578455348252071, 0.8578455348252071, 0.8578455348252071, 0.8578455348252071, 0.8578455348252071, 0.8578455348252071, 0.8578455348252071, 0.8578455348252071, 0.8578455348252071, 0.8578455348252071, 0.8578455348252071, 0.8578455348252071, 0.8578455348252071, 0.8578455348252071, 0.8578455348252071, 0.858241924943988, 0.858241924943988, 0.858241924943988, 0.858241924943988, 0.858241924943988, 0.858241924943988, 0.858241924943988, 0.858241924943988, 0.858241924943988, 0.858241924943988, 0.858241924943988, 0.858241924943988, 0.858241924943988, 0.858241924943988, 0.858241924943988]}