{"task_id": "rf-3", "max_evals": 50, "batch_size": 5, "n_repeat": 3, "scores": [0.9963177330461402, 0.9966511546206452, 0.996743144703088, 0.9967819003882809, 0.9967819003882809, 0.9968784824571703, 0.9970349891891482, 0.9970349891891482, 0.997271993680338, 0.997271993680338, 0.997271993680338, 0.997271993680338, 0.997271993680338, 0.997271993680338, 0.997271993680338, 0.997271993680338, 0.997271993680338, 0.997271993680338, 0.9973288802511934, 0.9973288802511934, 0.9973288802511934, 0.9973288802511934, 0.9973288802511934, 0.9973288802511934, 0.9973288802511934, 0.9973288802511934, 0.9973288802511934, 0.9973288802511934, 0.9973288802511934, 0.9973288802511934, 0.9973288802511934, 0.9973288802511934, 0.9973288802511934, 0.9973288802511934, 0.9973288802511934, 0.9973288802511934, 0.997486220338696, 0.997486220338696, 0.9976837956044013, 0.9976837956044013, 0.9976837956044013, 0.9976935158450387, 0.9976935158450387, 0.9976935158450387, 0.9977296122688663, 0.9977296122688663, 0.9978292297414115, 0.9978326597971782, 0.9978326597971782, 0.9978326597971782]}