{"task_id": "rf-31", "max_evals": 50, "batch_size": 5, "n_repeat": 3, "scores": [0.7930317460317461, 0.796531746031746, 0.7984603174603174, 0.8001666666666667, 0.8006269841269841, 0.8021666666666666, 0.8021666666666666, 0.8021666666666666, 0.8021666666666666, 0.8021666666666666, 0.8021666666666666, 0.8025555555555556, 0.8025555555555556, 0.8028492063492063, 0.8035079365079366, 0.8035079365079366, 0.8035079365079366, 0.8036190476190477, 0.8036190476190477, 0.8036190476190477, 0.8036190476190477, 0.8036190476190477, 0.8036190476190477, 0.8041269841269841, 0.805015873015873, 0.805015873015873, 0.805015873015873, 0.805015873015873, 0.805015873015873, 0.805015873015873, 0.805015873015873, 0.8050793650793651, 0.8050793650793651, 0.8050793650793651, 0.8050793650793651, 0.8050793650793651, 0.8050793650793651, 0.8050793650793651, 0.8050793650793651, 0.8050793650793651, 0.8050793650793651, 0.8050793650793651, 0.8051746031746031, 0.8051746031746031, 0.8051746031746031, 0.8051746031746031, 0.8051746031746031, 0.8051746031746031, 0.8051746031746031, 0.8051746031746031]}