{"task_id": "rf-3493", "max_evals": 50, "batch_size": 5, "n_repeat": 3, "scores": [0.9620227920227921, 0.9675534188034188, 0.9757702482702483, 0.977771164021164, 0.997638888888889, 0.997638888888889, 0.997638888888889, 0.9984920634920634, 0.9984920634920634, 0.9984920634920634, 0.9984920634920634, 0.9984920634920634, 0.9984920634920634, 0.9984920634920634, 0.9984920634920634, 0.9984920634920634, 0.9984920634920634, 0.9984920634920634, 0.9984920634920634, 0.9984920634920634, 0.9984920634920634, 0.9984920634920634, 0.9984920634920634, 0.9984920634920634, 0.9984920634920634, 0.9984920634920634, 0.9984920634920634, 0.9984920634920634, 0.9984920634920634, 0.9984920634920634, 0.9984920634920634, 0.9984920634920634, 0.9984920634920634, 0.9984920634920634, 0.9984920634920634, 0.9984920634920634, 0.998531746031746, 0.998531746031746, 0.998531746031746, 0.998531746031746, 0.998531746031746, 0.998531746031746, 0.998531746031746, 0.998531746031746, 0.998531746031746, 0.998531746031746, 0.998531746031746, 0.998531746031746, 0.998531746031746, 0.998531746031746]}