{"task_id": "rf-3917", "max_evals": 50, "batch_size": 5, "n_repeat": 3, "scores": [0.7880615178802969, 0.788801682595524, 0.7896078060792787, 0.7909241361618508, 0.7909241361618508, 0.7914723722338888, 0.7926109466154229, 0.7926109466154229, 0.7926109466154229, 0.7926109466154229, 0.7926109466154229, 0.7926109466154229, 0.7926109466154229, 0.7929369000127761, 0.7929920928535559, 0.7944318863419202, 0.7947766115069154, 0.7947766115069154, 0.7952512416036265, 0.7952512416036265, 0.7952512416036265, 0.7952512416036265, 0.7952512416036265, 0.7952512416036265, 0.7952512416036265, 0.7952512416036265, 0.7958138106157299, 0.7958138106157299, 0.7958138106157299, 0.7958138106157299, 0.7958138106157299, 0.7958138106157299, 0.7958138106157299, 0.7958138106157299, 0.7958138106157299, 0.7958138106157299, 0.7958138106157299, 0.7958138106157299, 0.7958138106157299, 0.7958138106157299, 0.7958138106157299, 0.7958138106157299, 0.7958138106157299, 0.7958138106157299, 0.7958138106157299, 0.7958138106157299, 0.7958138106157299, 0.7958138106157299, 0.7958138106157299, 0.7958138106157299]}