{"task_id": "rf-49", "max_evals": 50, "batch_size": 5, "n_repeat": 3, "scores": [0.9619549764078544, 0.9687098690893757, 0.9784363924781383, 0.9827660585250718, 0.9855433190980313, 0.985804773739625, 0.985804773739625, 0.9860662283812189, 0.9863157568881794, 0.9863157568881794, 0.9863157568881794, 0.9863157568881794, 0.9863157568881794, 0.9869862749053135, 0.9869862749053135, 0.9869862749053135, 0.9869862749053135, 0.9871310390127593, 0.9871310390127593, 0.9871310390127593, 0.9871310390127593, 0.9871310390127593, 0.9871310390127593, 0.9874694430829788, 0.9878059456648957, 0.9878059456648957, 0.9878059456648957, 0.9878059456648957, 0.9878059456648957, 0.9878059456648957, 0.9878059456648957, 0.9878059456648957, 0.9878059456648957, 0.9878059456648957, 0.9878059456648957, 0.9878059456648957, 0.9878059456648957, 0.9878059456648957, 0.9878059456648957, 0.9878059456648957, 0.9878338823310361, 0.9878338823310361, 0.9878338823310361, 0.9878338823310361, 0.9878338823310361, 0.9878338823310361, 0.9878338823310361, 0.9878338823310361, 0.9878338823310361, 0.9878338823310361]}