{"task_id": "rf-9971", "max_evals": 50, "batch_size": 5, "n_repeat": 3, "scores": [0.7439230773610257, 0.7439230773610257, 0.7452874849126641, 0.7460404283664684, 0.7460404283664684, 0.7460404283664684, 0.7476574776251964, 0.7476574776251964, 0.7484897719250302, 0.7484897719250302, 0.7503107137163808, 0.7503107137163808, 0.7508434674682881, 0.7515820352531256, 0.7515820352531256, 0.7522383343581334, 0.7537110575937692, 0.7537110575937692, 0.7537110575937692, 0.7537110575937692, 0.7537110575937692, 0.7537110575937692, 0.7537110575937692, 0.7537110575937692, 0.7537110575937692, 0.7537110575937692, 0.7537110575937692, 0.7537110575937692, 0.7537110575937692, 0.7537110575937692, 0.7537110575937692, 0.7537110575937692, 0.7537110575937692, 0.7537110575937692, 0.7537110575937692, 0.7537110575937692, 0.7537110575937692, 0.7537110575937692, 0.7537110575937692, 0.7537110575937692, 0.7537110575937692, 0.7537110575937692, 0.7537110575937692, 0.7537110575937692, 0.7537110575937692, 0.7537110575937692, 0.7537110575937692, 0.7537110575937692, 0.7537110575937692, 0.7537110575937692]}