{"task_id": "rf-9967", "max_evals": 50, "batch_size": 5, "n_repeat": 3, "scores": [0.9838034238257531, 0.9844654679359109, 0.9844654679359109, 0.9844654679359109, 0.9862263485721, 0.9862263485721, 0.9876601245739804, 0.9876601245739804, 0.9876601245739804, 0.9885141223018764, 0.9885141223018764, 0.9885141223018764, 0.9885141223018764, 0.9885199984330316, 0.9885199984330316, 0.9892780193520586, 0.9892780193520586, 0.9892780193520586, 0.9892780193520586, 0.9892780193520586, 0.9892780193520586, 0.9892780193520586, 0.9892780193520586, 0.9892780193520586, 0.9892780193520586, 0.9892780193520586, 0.9892780193520586, 0.9892780193520586, 0.9892780193520586, 0.9895718259098208, 0.9895718259098208, 0.9895718259098208, 0.9895718259098208, 0.9895718259098208, 0.9895718259098208, 0.9895718259098208, 0.9895718259098208, 0.9895718259098208, 0.9895718259098208, 0.9895718259098208, 0.9895718259098208, 0.9895718259098208, 0.9895718259098208, 0.9895718259098208, 0.9895718259098208, 0.9895718259098208, 0.9895718259098208, 0.9895718259098208, 0.9895718259098208, 0.9895718259098208]}