{"task_id": "rf-9957", "max_evals": 50, "batch_size": 5, "n_repeat": 3, "scores": [0.9170950902099969, 0.9170950902099969, 0.9200732442735547, 0.9200732442735547, 0.9202931085477669, 0.9202931085477669, 0.9202931085477669, 0.9202931085477669, 0.9202931085477669, 0.9202931085477669, 0.9202931085477669, 0.9202931085477669, 0.9202931085477669, 0.9202931085477669, 0.9204386522725031, 0.9204386522725031, 0.9204386522725031, 0.9204386522725031, 0.921128150777219, 0.921128150777219, 0.921128150777219, 0.921128150777219, 0.921128150777219, 0.921128150777219, 0.921128150777219, 0.921128150777219, 0.921128150777219, 0.921128150777219, 0.921128150777219, 0.9213314354727397, 0.9213314354727397, 0.9213314354727397, 0.9213314354727397, 0.9213314354727397, 0.9213314354727397, 0.9213314354727397, 0.9213498554010977, 0.9215101630023991, 0.9218072890992145, 0.9218072890992145, 0.9218072890992145, 0.9218072890992145, 0.9218072890992145, 0.9218072890992145, 0.9218072890992145, 0.9218072890992145, 0.9218072890992145, 0.9218072890992145, 0.9218072890992145, 0.9218072890992145]}