{"task_id": "rf-9970", "max_evals": 50, "batch_size": 5, "n_repeat": 3, "scores": [0.5932335518130332, 0.608492302198732, 0.6169369482018973, 0.6170260035633591, 0.622091730369176, 0.622091730369176, 0.6245089618979366, 0.6245089618979366, 0.6245089618979366, 0.6245089618979366, 0.6245089618979366, 0.6245089618979366, 0.6245089618979366, 0.6245089618979366, 0.6245089618979366, 0.6245089618979366, 0.6245089618979366, 0.6255571406531498, 0.6255571406531498, 0.6255571406531498, 0.6255571406531498, 0.6255571406531498, 0.6255571406531498, 0.6255571406531498, 0.6255571406531498, 0.6255571406531498, 0.6255571406531498, 0.6255571406531498, 0.6255571406531498, 0.6255571406531498, 0.6255571406531498, 0.6255571406531498, 0.6255571406531498, 0.6255571406531498, 0.6255571406531498, 0.6255571406531498, 0.6255571406531498, 0.6255571406531498, 0.6255571406531498, 0.6255571406531498, 0.6255571406531498, 0.6255571406531498, 0.6255571406531498, 0.6255571406531498, 0.6255571406531498, 0.6255571406531498, 0.6255571406531498, 0.6255571406531498, 0.6255571406531498, 0.6255571406531498]}