{"task_id": "rf-9978", "max_evals": 50, "batch_size": 5, "n_repeat": 3, "scores": [0.8604587721164414, 0.8684489090995046, 0.8697000319114987, 0.8698242060537295, 0.8699187586426976, 0.8699988698010849, 0.8699988698010849, 0.8699988698010849, 0.8705802204848183, 0.8706763981964093, 0.870736416929641, 0.870736416929641, 0.870736416929641, 0.870736416929641, 0.870736416929641, 0.870736416929641, 0.870736416929641, 0.870736416929641, 0.870736416929641, 0.8707770449952132, 0.8707770449952132, 0.8707770449952132, 0.8711908233757638, 0.8711908233757638, 0.871340002245624, 0.8714545364559326, 0.8714545364559326, 0.8714545364559326, 0.8714545364559326, 0.8714545364559326, 0.8714545364559326, 0.8714545364559326, 0.8714545364559326, 0.8714545364559326, 0.8714545364559326, 0.8714545364559326, 0.8714545364559326, 0.8714545364559326, 0.8714545364559326, 0.8714545364559326, 0.8714618495077356, 0.8714618495077356, 0.8714618495077356, 0.8714618495077356, 0.8714618495077356, 0.8714618495077356, 0.8714618495077356, 0.8714618495077356, 0.8714618495077356, 0.8714618495077356]}