{"task_id": "rf-9952", "max_evals": 50, "batch_size": 5, "n_repeat": 3, "scores": [0.9539110935094121, 0.9653094785971482, 0.9653094785971482, 0.9664104946399723, 0.9672881217152702, 0.9674538488807345, 0.9674967866147961, 0.9675250838761552, 0.9675250838761552, 0.9678972271825018, 0.968555466104074, 0.968555466104074, 0.968555466104074, 0.968555466104074, 0.968555466104074, 0.9685836465398762, 0.9686666223328514, 0.9686666223328514, 0.968711889508079, 0.968711889508079, 0.9687635334332855, 0.9687635334332855, 0.9687879904117133, 0.9687954244582831, 0.9687954244582831, 0.9687954244582831, 0.9687954244582831, 0.9687995847499775, 0.9687995847499775, 0.9687995847499775, 0.9687995847499775, 0.9687995847499775, 0.968815704762362, 0.968815704762362, 0.968815704762362, 0.968815704762362, 0.968815704762362, 0.968815704762362, 0.968815704762362, 0.968815704762362, 0.968815704762362, 0.968815704762362, 0.968815704762362, 0.968815704762362, 0.968815704762362, 0.968815704762362, 0.968815704762362, 0.968815704762362, 0.968815704762362, 0.968815704762362]}