{"task_id": "rf-9914", "max_evals": 50, "batch_size": 5, "n_repeat": 3, "scores": [0.9893048287721239, 0.9911358868795986, 0.9911358868795986, 0.9911358868795986, 0.991143305803381, 0.991143305803381, 0.9914797946333911, 0.9914797946333911, 0.9914797946333911, 0.9914797946333911, 0.9914797946333911, 0.9915038322640509, 0.9915038322640509, 0.9915038322640509, 0.9915038322640509, 0.9915038322640509, 0.9915038322640509, 0.9915038322640509, 0.9915038322640509, 0.9915038322640509, 0.9915038322640509, 0.9915038322640509, 0.9915038322640509, 0.9915038322640509, 0.9915038322640509, 0.9915038322640509, 0.9915038322640509, 0.9915038322640509, 0.9915038322640509, 0.9915038322640509, 0.9915038322640509, 0.9915038322640509, 0.9915038322640509, 0.9915038322640509, 0.9915038322640509, 0.9915038322640509, 0.9915038322640509, 0.9915038322640509, 0.9915038322640509, 0.9915038322640509, 0.9915038322640509, 0.9915038322640509, 0.9915038322640509, 0.9915038322640509, 0.9915038322640509, 0.9915038322640509, 0.9915038322640509, 0.9915176088555814, 0.991627527575892, 0.991627527575892]}