{"task_id": "svm-9971", "max_evals": 50, "batch_size": 5, "n_repeat": 3, "scores": [0.5033882455421194, 0.5599320215891235, 0.5599320215891235, 0.5615363320124798, 0.5615363320124798, 0.5615363320124798, 0.5615363320124798, 0.5645086794880554, 0.5645086794880554, 0.5924887129648607, 0.5924887129648607, 0.5924887129648607, 0.5924887129648607, 0.5924887129648607, 0.5924887129648607, 0.5924887129648607, 0.5924887129648607, 0.5924887129648607, 0.5924887129648607, 0.5924887129648607, 0.5924887129648607, 0.5989492951652206, 0.5989492951652206, 0.5989492951652206, 0.6004334050693448, 0.6004334050693448, 0.6004334050693448, 0.6004334050693448, 0.6004334050693448, 0.6004334050693448, 0.6004334050693448, 0.6004334050693448, 0.6004334050693448, 0.6004334050693448, 0.6042540593473161, 0.6047066794197352, 0.6047066794197352, 0.6047066794197352, 0.6066475370636059, 0.6066475370636059, 0.6066475370636059, 0.6066475370636059, 0.6066475370636059, 0.6066475370636059, 0.6066475370636059, 0.6066475370636059, 0.6066475370636059, 0.6066475370636059, 0.6066475370636059, 0.6066475370636059]}