{"task_id": "svm-9983", "max_evals": 50, "batch_size": 5, "n_repeat": 3, "scores": [0.5, 0.5279285129186954, 0.5519611445779172, 0.5561594789012637, 0.5561594789012637, 0.5937225989059436, 0.5937225989059436, 0.5937225989059436, 0.5937225989059436, 0.5947851275948614, 0.5947851275948614, 0.5947851275948614, 0.5947851275948614, 0.6045468697131885, 0.6051361950691646, 0.6051361950691646, 0.6051361950691646, 0.6051361950691646, 0.6051361950691646, 0.6051361950691646, 0.6051361950691646, 0.6051361950691646, 0.6051361950691646, 0.6051361950691646, 0.6051361950691646, 0.6051361950691646, 0.6051361950691646, 0.6051361950691646, 0.6051361950691646, 0.6051361950691646, 0.6051361950691646, 0.6051361950691646, 0.6051361950691646, 0.6051361950691646, 0.6051361950691646, 0.6061541682061073, 0.6061541682061073, 0.6061541682061073, 0.6061541682061073, 0.6062101932614407, 0.6062101932614407, 0.6062101932614407, 0.6062101932614407, 0.6062101932614407, 0.6062101932614407, 0.6062101932614407, 0.6062101932614407, 0.6062101932614407, 0.6062101932614407, 0.6062101932614407]}