{"task_id": "svm-34537", "max_evals": 50, "batch_size": 5, "n_repeat": 3, "scores": [0.9646672802934456, 0.9842671966648479, 0.9842671966648479, 0.9877497230129308, 0.9927234275151612, 0.9927234275151612, 0.9927234275151612, 0.9927234275151612, 0.9927234275151612, 0.9927234275151612, 0.9927234275151612, 0.9927234275151612, 0.9927234275151612, 0.9927234275151612, 0.9927234275151612, 0.9927234275151612, 0.9927234275151612, 0.9927234275151612, 0.9927234275151612, 0.9927234275151612, 0.9927234275151612, 0.9927234275151612, 0.9927234275151612, 0.9927234275151612, 0.9927234275151612, 0.9927234275151612, 0.9927234275151612, 0.9927234275151612, 0.9927234275151612, 0.9927234275151612, 0.9932174164956266, 0.9932174164956266, 0.9932174164956266, 0.9932174164956266, 0.9932174164956266, 0.9932174164956266, 0.9932174164956266, 0.9932174164956266, 0.9932174164956266, 0.9932174164956266, 0.9932174164956266, 0.9932174164956266, 0.9932174164956266, 0.9932174164956266, 0.9932174164956266, 0.9932174164956266, 0.9932174164956266, 0.9932180860107463, 0.9932180860107463, 0.9932180860107463]}