{"task_id": "svm-3903", "max_evals": 50, "batch_size": 5, "n_repeat": 3, "scores": [0.6377719203816278, 0.6377719203816278, 0.6377719203816278, 0.6377719203816278, 0.6793046584768659, 0.6793046584768659, 0.7409329090678823, 0.7409329090678823, 0.7409329090678823, 0.7426500232185073, 0.7481193009118542, 0.7481193009118542, 0.7484682645221209, 0.7484682645221209, 0.7484682645221209, 0.7484874725599459, 0.7484874725599459, 0.7484874725599459, 0.7484874725599459, 0.7484874725599459, 0.7484874725599459, 0.7484874725599459, 0.7484874725599459, 0.7484874725599459, 0.7484874725599459, 0.7484874725599459, 0.7484874725599459, 0.7484874725599459, 0.7484874725599459, 0.7484874725599459, 0.7484874725599459, 0.7509834620905099, 0.7509834620905099, 0.7509834620905099, 0.7509834620905099, 0.7509834620905099, 0.7509834620905099, 0.7509834620905099, 0.7509834620905099, 0.7509834620905099, 0.7509834620905099, 0.7515276722391083, 0.7515276722391083, 0.7515276722391083, 0.7515276722391083, 0.7515276722391083, 0.7515276722391083, 0.7515276722391083, 0.7515276722391083, 0.7515276722391083]}