{"task_id": "svm-37", "max_evals": 50, "batch_size": 5, "n_repeat": 3, "scores": [0.6205479582146248, 0.6234691358024691, 0.6234691358024691, 0.6234691358024691, 0.6234691358024691, 0.6234691358024691, 0.6234691358024691, 0.6234691358024691, 0.6234691358024691, 0.6247264957264956, 0.6247264957264956, 0.6275887939221272, 0.6281595441595441, 0.6281595441595441, 0.6805802469135802, 0.7032782526115859, 0.7032782526115859, 0.7091377018043685, 0.7091377018043685, 0.7091377018043685, 0.7091377018043685, 0.7091377018043685, 0.7091377018043685, 0.7091377018043685, 0.7091377018043685, 0.7091377018043685, 0.7091377018043685, 0.7091377018043685, 0.7147948717948719, 0.7147948717948719, 0.7147948717948719, 0.7147948717948719, 0.72194301994302, 0.72194301994302, 0.72194301994302, 0.72194301994302, 0.72194301994302, 0.72194301994302, 0.72194301994302, 0.72194301994302, 0.72194301994302, 0.72194301994302, 0.72194301994302, 0.72194301994302, 0.72194301994302, 0.72194301994302, 0.72194301994302, 0.72194301994302, 0.72194301994302, 0.7235251661918328]}