{"task_id": "svm-9914", "max_evals": 50, "batch_size": 5, "n_repeat": 3, "scores": [0.9213634444474299, 0.9218061309092304, 0.9253731258701653, 0.9421812168135731, 0.952690103011164, 0.952690103011164, 0.952690103011164, 0.952690103011164, 0.952690103011164, 0.952690103011164, 0.952690103011164, 0.952690103011164, 0.9548478506852053, 0.956524815573529, 0.956524815573529, 0.956524815573529, 0.956524815573529, 0.956524815573529, 0.956524815573529, 0.956524815573529, 0.9572332212176905, 0.9572332212176905, 0.9572332212176905, 0.9572332212176905, 0.9587706329792877, 0.9587706329792877, 0.9587706329792877, 0.9587706329792877, 0.9597737231989635, 0.9597737231989635, 0.9597737231989635, 0.9597737231989635, 0.9597737231989635, 0.9597737231989635, 0.9597737231989635, 0.9597737231989635, 0.9597737231989635, 0.9597737231989635, 0.9597737231989635, 0.9597737231989635, 0.9597737231989635, 0.9597737231989635, 0.9597737231989635, 0.9597737231989635, 0.9597737231989635, 0.9597737231989635, 0.9597737231989635, 0.9597737231989635, 0.9597737231989635, 0.9597737231989635]}