{"task_id": "svm-3913", "max_evals": 50, "batch_size": 5, "n_repeat": 3, "scores": [0.7207864357864359, 0.8594277267448001, 0.8596716291838243, 0.8596716291838243, 0.8603626860943935, 0.8603626860943935, 0.8603626860943935, 0.8603626860943935, 0.8603626860943935, 0.8603626860943935, 0.8603626860943935, 0.8603626860943935, 0.8603626860943935, 0.8603626860943935, 0.8603626860943935, 0.8603626860943935, 0.8603626860943935, 0.8603626860943935, 0.8603626860943935, 0.8603626860943935, 0.8603626860943935, 0.8603626860943935, 0.8603626860943935, 0.8603626860943935, 0.8603626860943935, 0.8603626860943935, 0.8603626860943935, 0.8603626860943935, 0.8603626860943935, 0.8603626860943935, 0.8603626860943935, 0.8612569950374828, 0.8612569950374828, 0.8612569950374828, 0.8612569950374828, 0.8612569950374828, 0.8612569950374828, 0.8612569950374828, 0.8612569950374828, 0.8612569950374828, 0.8612569950374828, 0.8612569950374828, 0.8612569950374828, 0.8612569950374828, 0.8612569950374828, 0.8612569950374828, 0.8612569950374828, 0.8612569950374828, 0.8612569950374828, 0.8612569950374828]}