{"task_id": "svm-3492", "max_evals": 50, "batch_size": 5, "n_repeat": 3, "scores": [0.8991558420350306, 0.9127524192118548, 0.9127524192118548, 0.9159628323208571, 0.9159628323208571, 0.9159628323208571, 0.9345844064649179, 0.9345844064649179, 0.9802168483991677, 0.9802168483991677, 0.9975901780465272, 0.9975901780465272, 0.9975901780465272, 0.9981854161417654, 0.9981854161417654, 0.9981854161417654, 0.9981854161417654, 0.9982535949908083, 0.9982535949908083, 0.9982535949908083, 0.9982535949908083, 0.9982535949908083, 0.9982535949908083, 0.9982535949908083, 0.9982535949908083, 0.9982535949908083, 0.9982535949908083, 0.9982535949908083, 0.9982535949908083, 0.9982535949908083, 0.9982535949908083, 0.9982535949908083, 0.9982535949908083, 0.9982535949908083, 0.9982535949908083, 0.9982535949908083, 0.9982535949908083, 0.9982535949908083, 0.9982535949908083, 0.9982535949908083, 0.9982535949908083, 0.9982535949908083, 0.9982535949908083, 0.9982535949908083, 0.9982535949908083, 0.9982535949908083, 0.9982535949908083, 0.9982535949908083, 0.9982535949908083, 0.9982535949908083]}