{"task_id": "svm-3485", "max_evals": 50, "batch_size": 5, "n_repeat": 3, "scores": [0.9710294899789003, 0.9710294899789003, 0.9728288666635807, 0.9729220359550039, 0.9731243254457483, 0.9731243254457483, 0.9733393770178361, 0.9733393770178361, 0.9733393770178361, 0.9733393770178361, 0.9733393770178361, 0.9733393770178361, 0.9781607400382956, 0.9782882750334538, 0.9782882750334538, 0.9790532270978929, 0.9790532270978929, 0.9791475865533344, 0.9791475865533344, 0.9791475865533344, 0.9791475865533344, 0.9791475865533344, 0.9791475865533344, 0.9791475865533344, 0.9791475865533344, 0.9791475865533344, 0.9791475865533344, 0.9791475865533344, 0.9791475865533344, 0.9791475865533344, 0.9791475865533344, 0.9791475865533344, 0.9791475865533344, 0.9791475865533344, 0.9791475865533344, 0.9791475865533344, 0.9791475865533344, 0.9791475865533344, 0.9791475865533344, 0.9791475865533344, 0.9791475865533344, 0.9791475865533344, 0.9791475865533344, 0.9791475865533344, 0.9791475865533344, 0.9791475865533344, 0.9791475865533344, 0.9791475865533344, 0.9791475865533344, 0.9791475865533344]}