{"task_id": "svm-9952", "max_evals": 50, "batch_size": 5, "n_repeat": 3, "scores": [0.9405152489223028, 0.9405152489223028, 0.9405152489223028, 0.9405152489223028, 0.9405152489223028, 0.9405152489223028, 0.9405152489223028, 0.9405152489223028, 0.9405152489223028, 0.9405152489223028, 0.9405152489223028, 0.9405152489223028, 0.9405152489223028, 0.9405152489223028, 0.9405152489223028, 0.9405152489223028, 0.9405152489223028, 0.9405152489223028, 0.9405152489223028, 0.9405152489223028, 0.9405152489223028, 0.9405152489223028, 0.9405152489223028, 0.9405152489223028, 0.9405152489223028, 0.9405696377352895, 0.9405696377352895, 0.9405696377352895, 0.9405696377352895, 0.9405696377352895, 0.9405696377352895, 0.9405696377352895, 0.9406336956101109, 0.9406336956101109, 0.9406336956101109, 0.9406336956101109, 0.9406336956101109, 0.9406336956101109, 0.9406336956101109, 0.9406952608599465, 0.9406952608599465, 0.9406952608599465, 0.9406952608599465, 0.9406952608599465, 0.9406952608599465, 0.9406952608599465, 0.9406952608599465, 0.9406952608599465, 0.9406952608599465, 0.9406952608599465]}