{"task_id": "svm-3494", "max_evals": 50, "batch_size": 5, "n_repeat": 3, "scores": [0.9825881015536186, 0.9922817284886251, 0.9922817284886251, 0.9922817284886251, 0.9922817284886251, 0.9922817284886251, 0.9922817284886251, 0.9922817284886251, 0.9922817284886251, 0.9932182972412859, 0.9932182972412859, 0.9932182972412859, 0.9932182972412859, 0.9932182972412859, 0.9932182972412859, 0.9932182972412859, 0.9932182972412859, 0.9932182972412859, 0.9932182972412859, 0.9932182972412859, 0.9932182972412859, 0.9932182972412859, 0.9932182972412859, 0.9932182972412859, 0.9932182972412859, 0.9932182972412859, 0.9932182972412859, 0.9932182972412859, 0.9932182972412859, 0.9932182972412859, 0.9932182972412859, 0.9932182972412859, 0.9932182972412859, 0.9932182972412859, 0.9932182972412859, 0.9937291529245552, 0.9937291529245552, 0.9937717242314944, 0.9937717242314944, 0.9937717242314944, 0.9937717242314944, 0.9937717242314944, 0.9937717242314944, 0.9941677309493402, 0.9941677309493402, 0.9941677309493402, 0.9941677309493402, 0.9941677309493402, 0.9941677309493402, 0.9941677309493402]}