{"task_id": "svm-146064", "max_evals": 50, "batch_size": 5, "n_repeat": 3, "scores": [0.9145597710963672, 0.9647174164590391, 0.9649428324141729, 0.9649428324141729, 0.9649428324141729, 0.9688118800332205, 0.9688118800332205, 0.9688118800332205, 0.9688118800332205, 0.9688118800332205, 0.9688118800332205, 0.9688118800332205, 0.9688118800332205, 0.9688118800332205, 0.9688118800332205, 0.9688118800332205, 0.9688118800332205, 0.9688118800332205, 0.9688118800332205, 0.9688118800332205, 0.9688118800332205, 0.9688118800332205, 0.9688118800332205, 0.9688118800332205, 0.9688118800332205, 0.9688118800332205, 0.9688118800332205, 0.9688118800332205, 0.9688118800332205, 0.9688118800332205, 0.9688118800332205, 0.9688118800332205, 0.9688118800332205, 0.9688118800332205, 0.9688118800332205, 0.9688118800332205, 0.9688118800332205, 0.9688118800332205, 0.9688118800332205, 0.9688118800332205, 0.9761544912889711, 0.9761544912889711, 0.9972363945578232, 0.9972363945578232, 0.9972363945578232, 0.9972363945578232, 0.9972363945578232, 0.9985544217687075, 0.9985544217687075, 0.9985544217687075]}