{"task_id": "svm-10101", "max_evals": 50, "batch_size": 5, "n_repeat": 3, "scores": [0.5084174215495164, 0.5440842028819325, 0.5440842028819325, 0.5440842028819325, 0.5440842028819325, 0.5440842028819325, 0.5440842028819325, 0.5769741619844818, 0.5769741619844818, 0.5769741619844818, 0.5769741619844818, 0.5769741619844818, 0.5769741619844818, 0.5786119711042311, 0.5835607537361923, 0.5835607537361923, 0.5835607537361923, 0.5835607537361923, 0.5835607537361923, 0.5835607537361923, 0.5835607537361923, 0.5835607537361923, 0.5835607537361923, 0.5835607537361923, 0.5835607537361923, 0.5835607537361923, 0.5835607537361923, 0.5835607537361923, 0.5835607537361923, 0.5835607537361923, 0.5835607537361923, 0.5835607537361923, 0.5835607537361923, 0.5835607537361923, 0.5835607537361923, 0.5835607537361923, 0.5835607537361923, 0.5835607537361923, 0.5835607537361923, 0.5835607537361923, 0.5835607537361923, 0.5835607537361923, 0.5835607537361923, 0.5835607537361923, 0.5835607537361923, 0.5863605091159271, 0.5863605091159271, 0.5863605091159271, 0.5863605091159271, 0.5863605091159271]}