{"task_id": "svm-3918", "max_evals": 50, "batch_size": 5, "n_repeat": 3, "scores": [0.6978367329474734, 0.7081781613410861, 0.7241107825224936, 0.7241107825224936, 0.7241107825224936, 0.7241107825224936, 0.7241107825224936, 0.7241107825224936, 0.7241107825224936, 0.7241107825224936, 0.7241107825224936, 0.7241107825224936, 0.7253305427380065, 0.7253305427380065, 0.7253305427380065, 0.7253305427380065, 0.7253305427380065, 0.7253305427380065, 0.7253305427380065, 0.7253305427380065, 0.7253305427380065, 0.7253305427380065, 0.7256857851897295, 0.7256857851897295, 0.7256857851897295, 0.7256857851897295, 0.7256857851897295, 0.7256857851897295, 0.7256857851897295, 0.7256857851897295, 0.7256857851897295, 0.7256857851897295, 0.7256857851897295, 0.7256857851897295, 0.7256857851897295, 0.72577247034923, 0.72577247034923, 0.72577247034923, 0.72577247034923, 0.72577247034923, 0.72577247034923, 0.72577247034923, 0.72577247034923, 0.72577247034923, 0.7268092193001173, 0.7268092193001173, 0.7268092193001173, 0.7268092193001173, 0.7268092193001173, 0.7268092193001173]}