{"task_id": "svm-9980", "max_evals": 50, "batch_size": 5, "n_repeat": 3, "scores": [0.5307918367346939, 0.5548122448979592, 0.5548122448979592, 0.5681020408163264, 0.5681020408163264, 0.5681020408163264, 0.5824585034013605, 0.5824585034013605, 0.5824585034013605, 0.5824585034013605, 0.5824585034013605, 0.5824585034013605, 0.5824585034013605, 0.5824585034013605, 0.5824585034013605, 0.5824585034013605, 0.5841319727891155, 0.5841319727891155, 0.5841319727891155, 0.5841319727891155, 0.585574149659864, 0.585574149659864, 0.585574149659864, 0.5875578231292516, 0.5875578231292516, 0.5875578231292516, 0.5875578231292516, 0.5875578231292516, 0.5875578231292516, 0.5875578231292516, 0.5875578231292516, 0.5875578231292516, 0.5875578231292516, 0.5875578231292516, 0.5875578231292516, 0.5875578231292516, 0.5875578231292516, 0.5875578231292516, 0.5875578231292516, 0.5875578231292516, 0.5875578231292516, 0.5875578231292516, 0.5875578231292516, 0.5894462585034014, 0.5894462585034014, 0.5894462585034014, 0.5894462585034014, 0.5894462585034014, 0.5894462585034014, 0.5894462585034014]}