{"task_id": "svm-3899", "max_evals": 50, "batch_size": 5, "n_repeat": 3, "scores": [0.5283531101437394, 0.5287231605220953, 0.5287231605220953, 0.5287231605220953, 0.5314950187934776, 0.5480826998844909, 0.5577386668076347, 0.5577386668076347, 0.5577386668076347, 0.5630492088472882, 0.5630492088472882, 0.5638538263559517, 0.5638538263559517, 0.5638538263559517, 0.5638538263559517, 0.5638538263559517, 0.5638538263559517, 0.5638538263559517, 0.5638538263559517, 0.5638538263559517, 0.5638538263559517, 0.5638538263559517, 0.5638538263559517, 0.5638538263559517, 0.5638538263559517, 0.5638538263559517, 0.5638538263559517, 0.5638538263559517, 0.5638538263559517, 0.5638538263559517, 0.5638538263559517, 0.5638538263559517, 0.5638538263559517, 0.5638538263559517, 0.5638538263559517, 0.5638538263559517, 0.5638538263559517, 0.5638538263559517, 0.5641724607844391, 0.5641724607844391, 0.5641724607844391, 0.5641724607844391, 0.5641724607844391, 0.5641724607844391, 0.5641724607844391, 0.5641724607844391, 0.5641724607844391, 0.5641724607844391, 0.5641724607844391, 0.5641724607844391]}