{"task_id": "svm-9978", "max_evals": 50, "batch_size": 5, "n_repeat": 3, "scores": [0.663740411776525, 0.668213266319186, 0.668213266319186, 0.668213266319186, 0.6707497133874648, 0.6707497133874648, 0.6707497133874648, 0.6707497133874648, 0.6707497133874648, 0.6707497133874648, 0.6959078673663558, 0.6959078673663558, 0.6959078673663558, 0.6959078673663558, 0.6959078673663558, 0.6959078673663558, 0.6959078673663558, 0.6959078673663558, 0.6959078673663558, 0.6959078673663558, 0.6959078673663558, 0.6959078673663558, 0.6959078673663558, 0.6959078673663558, 0.6959078673663558, 0.6959078673663558, 0.6959078673663558, 0.6959078673663558, 0.6959078673663558, 0.6959078673663558, 0.6959078673663558, 0.6959078673663558, 0.6959078673663558, 0.6959078673663558, 0.6959078673663558, 0.6959078673663558, 0.6959078673663558, 0.7105621151414153, 0.7105621151414153, 0.7105621151414153, 0.7105621151414153, 0.7105621151414153, 0.7105621151414153, 0.7105621151414153, 0.7105621151414153, 0.7105621151414153, 0.7105621151414153, 0.7105621151414153, 0.7105621151414153, 0.7105621151414153]}