{"task_id": "svm-9889", "max_evals": 50, "batch_size": 5, "n_repeat": 3, "scores": [0.6577945376376064, 0.8013180754570554, 0.9481227360797623, 0.951635828853077, 0.952941569420632, 0.952941569420632, 0.952941569420632, 0.952941569420632, 0.952941569420632, 0.952941569420632, 0.952941569420632, 0.952941569420632, 0.952941569420632, 0.952941569420632, 0.952941569420632, 0.952941569420632, 0.952941569420632, 0.952941569420632, 0.952941569420632, 0.952941569420632, 0.952941569420632, 0.952941569420632, 0.952941569420632, 0.952941569420632, 0.952941569420632, 0.952941569420632, 0.952941569420632, 0.952941569420632, 0.952941569420632, 0.952941569420632, 0.952941569420632, 0.952941569420632, 0.952941569420632, 0.952941569420632, 0.952941569420632, 0.952941569420632, 0.952941569420632, 0.952941569420632, 0.952941569420632, 0.9552183007291796, 0.9552183007291796, 0.9566829930857558, 0.9566829930857558, 0.9566829930857558, 0.9566829930857558, 0.9566829930857558, 0.9566829930857558, 0.9568021223650621, 0.9568021223650621, 0.9568021223650621]}