{"task_id": "svm-145878", "max_evals": 50, "batch_size": 5, "n_repeat": 3, "scores": [0.9321697702650084, 0.9420956732861493, 0.9420956732861493, 0.9420956732861493, 0.9426262053643004, 0.9426262053643004, 0.9426262053643004, 0.9426262053643004, 0.9426262053643004, 0.9426262053643004, 0.9426262053643004, 0.9426262053643004, 0.9434458530887101, 0.9434458530887101, 0.9435761240523144, 0.9435761240523144, 0.9435761240523144, 0.9435761240523144, 0.9435761240523144, 0.9435761240523144, 0.9435761240523144, 0.9435761240523144, 0.9435761240523144, 0.9435761240523144, 0.9435761240523144, 0.9435761240523144, 0.9435761240523144, 0.9435761240523144, 0.9435761240523144, 0.9435761240523144, 0.9435761240523144, 0.9435761240523144, 0.9435761240523144, 0.9435761240523144, 0.9435761240523144, 0.9435761240523144, 0.9435761240523144, 0.9435761240523144, 0.9435761240523144, 0.9435761240523144, 0.9435761240523144, 0.9435761240523144, 0.9437731624636386, 0.9437731624636386, 0.9437731624636386, 0.9437731624636386, 0.9437731624636386, 0.9437731624636386, 0.9437731624636386, 0.9437731624636386]}