{"task_id": "svm-9946", "max_evals": 50, "batch_size": 5, "n_repeat": 3, "scores": [0.6666490299823633, 0.9159369774845966, 0.9346132527084908, 0.9379862685815067, 0.9379862685815067, 0.9379862685815067, 0.9379862685815067, 0.9379862685815067, 0.9379862685815067, 0.9379862685815067, 0.9379862685815067, 0.9379862685815067, 0.9434561029799124, 0.9434561029799124, 0.9434561029799124, 0.9434561029799124, 0.9434561029799124, 0.9434561029799124, 0.9434561029799124, 0.9434561029799124, 0.9434561029799124, 0.9434561029799124, 0.9434561029799124, 0.9434561029799124, 0.9434561029799124, 0.9434561029799124, 0.9434561029799124, 0.9434561029799124, 0.9434561029799124, 0.9434561029799124, 0.9434561029799124, 0.9434561029799124, 0.9434561029799124, 0.9434561029799124, 0.9434561029799124, 0.9440268329554042, 0.9440268329554042, 0.9440268329554042, 0.9440268329554042, 0.9440268329554042, 0.9440696649029983, 0.944270482603816, 0.944270482603816, 0.944270482603816, 0.944270482603816, 0.944270482603816, 0.944270482603816, 0.944270482603816, 0.944270482603816, 0.944270482603816]}