{"task_id": "svm-3902", "max_evals": 50, "batch_size": 5, "n_repeat": 3, "scores": [0.6068538092320261, 0.6447499659586057, 0.6447499659586057, 0.7035377519063181, 0.7035377519063181, 0.7035377519063181, 0.7201912275326796, 0.7201912275326796, 0.7201912275326796, 0.7201912275326796, 0.7218209592864925, 0.7218209592864925, 0.7218209592864925, 0.7218209592864925, 0.7218209592864925, 0.7218209592864925, 0.7218209592864925, 0.7218209592864925, 0.7218209592864925, 0.7218209592864925, 0.7218209592864925, 0.7218209592864925, 0.7218209592864925, 0.7218209592864925, 0.7232443150871459, 0.7232443150871459, 0.7232443150871459, 0.7232443150871459, 0.7232443150871459, 0.723760042211329, 0.726759940087146, 0.726759940087146, 0.726759940087146, 0.726759940087146, 0.726759940087146, 0.726759940087146, 0.726759940087146, 0.726759940087146, 0.726759940087146, 0.726759940087146, 0.726759940087146, 0.726759940087146, 0.726759940087146, 0.726759940087146, 0.726759940087146, 0.7269092967047929, 0.7269092967047929, 0.7269092967047929, 0.7269092967047929, 0.7269092967047929]}