{"task_id": "xgb-145979", "max_evals": 50, "batch_size": 5, "n_repeat": 3, "scores": [0.9621717084718844, 0.9695291450125544, 0.9695291450125544, 0.9726054406438452, 0.9756468538173028, 0.9782715582707313, 0.9797810690508296, 0.9797810690508296, 0.9797810690508296, 0.9797810690508296, 0.9797810690508296, 0.9797810690508296, 0.9797810690508296, 0.9797810690508296, 0.9797810690508296, 0.9797810690508296, 0.9797810690508296, 0.9797810690508296, 0.9797810690508296, 0.9804810633303355, 0.9804810633303355, 0.9804810633303355, 0.9804810633303355, 0.9804810633303355, 0.9804810633303355, 0.9807629379309942, 0.9807629379309942, 0.9810094378324626, 0.9810094378324626, 0.9810094378324626, 0.9810094378324626, 0.9810094378324626, 0.9810094378324626, 0.9810094378324626, 0.9810094378324626, 0.9810094378324626, 0.9810094378324626, 0.9810094378324626, 0.9810094378324626, 0.9810094378324626, 0.9810094378324626, 0.9811254151196954, 0.9811254151196954, 0.9811254151196954, 0.9811254151196954, 0.9811254151196954, 0.9811254151196954, 0.9811254151196954, 0.9811254151196954, 0.9811254151196954]}