{"task_id": "xgb-37", "max_evals": 50, "batch_size": 5, "n_repeat": 3, "scores": [0.7868034188034189, 0.816406457739791, 0.8209696106362774, 0.8209696106362774, 0.8209696106362774, 0.8209696106362774, 0.8209696106362774, 0.8209696106362774, 0.8227350427350428, 0.8227350427350428, 0.8227350427350428, 0.8227350427350428, 0.8243646723646725, 0.8243646723646725, 0.8246904083570751, 0.8246904083570751, 0.8246904083570751, 0.8246904083570751, 0.8246904083570751, 0.8262364672364672, 0.8262364672364672, 0.8262364672364672, 0.8262364672364672, 0.8275982905982907, 0.8282602089268756, 0.8282602089268756, 0.8282602089268756, 0.8282602089268756, 0.8282602089268756, 0.8282602089268756, 0.8282602089268756, 0.8303646723646724, 0.8323713200379869, 0.8323713200379869, 0.8323713200379869, 0.8323713200379869, 0.8330550807217474, 0.8330550807217474, 0.8330550807217474, 0.8330550807217474, 0.8330550807217474, 0.8330550807217474, 0.8330550807217474, 0.8330550807217474, 0.8330550807217474, 0.8336495726495726, 0.8336495726495726, 0.8336495726495726, 0.8336495726495726, 0.834034188034188]}