{"task_id": "xgb-3493", "max_evals": 50, "batch_size": 5, "n_repeat": 3, "scores": [0.5236630036630037, 0.6966910866910867, 0.6967317867317867, 0.7122161172161173, 0.7122161172161173, 0.7122161172161173, 0.7122161172161173, 0.824604192104192, 0.824604192104192, 0.824604192104192, 0.8351750101750103, 0.8385938135938137, 0.8385938135938137, 0.8385938135938137, 0.8385938135938137, 0.8385938135938137, 0.9319424094424095, 0.9319424094424095, 0.9319424094424095, 0.9319424094424095, 0.9319424094424095, 0.9319424094424095, 0.9319424094424095, 0.9319424094424095, 0.9319424094424095, 0.9319424094424095, 0.9319424094424095, 0.9319424094424095, 0.9319424094424095, 0.9319424094424095, 0.9319424094424095, 0.9319424094424095, 0.9319424094424095, 0.9319424094424095, 0.9319424094424095, 0.9319424094424095, 0.9586223036223037, 0.9586223036223037, 0.9586223036223037, 0.9586223036223037, 0.9586223036223037, 0.9586223036223037, 0.9586223036223037, 0.9586223036223037, 0.9586223036223037, 0.9586223036223037, 0.9586223036223037, 0.9586223036223037, 0.9586223036223037, 0.9586223036223037]}