{"task_id": "xgb-3492", "max_evals": 50, "batch_size": 5, "n_repeat": 3, "scores": [0.7141768264232992, 0.7439363691292703, 0.7744133061317804, 0.8698685938710188, 0.8698685938710188, 0.8934581257057005, 0.8934581257057005, 0.8934581257057005, 0.8974547243451564, 0.8974547243451564, 0.8974547243451564, 0.8974547243451564, 0.96609268707483, 0.966156462585034, 0.9663690476190476, 0.9663690476190476, 0.9663690476190476, 0.9778061224489796, 0.9778061224489796, 0.9778061224489796, 0.9778061224489796, 0.9778061224489796, 0.9778061224489796, 0.9778061224489796, 0.9778061224489796, 0.9778061224489796, 0.9778061224489796, 0.9778061224489796, 0.9778061224489796, 0.9778061224489796, 0.9778061224489796, 0.9778061224489796, 0.9778061224489796, 0.9778061224489796, 0.9778061224489796, 0.993920068027211, 0.993920068027211, 0.993920068027211, 0.993920068027211, 0.993920068027211, 0.993920068027211, 0.993920068027211, 0.9984268707482994, 0.9984268707482994, 0.9984268707482994, 0.9984268707482994, 0.9984268707482994, 0.9984268707482994, 0.9984268707482994, 0.9984268707482994]}