{"task_id": "xgb-145953", "max_evals": 50, "batch_size": 5, "n_repeat": 3, "scores": [0.879831419679571, 0.9187834874440259, 0.9784221250326383, 0.9794857185198982, 0.9800974465602058, 0.9800974465602058, 0.9803463449032902, 0.9803463449032902, 0.9948018937299574, 0.9948018937299574, 0.9957911833711318, 0.9957911833711318, 0.9957911833711318, 0.9957911833711318, 0.9957911833711318, 0.9957911833711318, 0.9957911833711318, 0.9957911833711318, 0.9957911833711318, 0.9958085806371434, 0.9958085806371434, 0.9958085806371434, 0.9958085806371434, 0.9958085806371434, 0.9958085806371434, 0.9958085806371434, 0.9958085806371434, 0.9964319469076983, 0.9964319469076983, 0.9964319469076983, 0.9964319469076983, 0.9964319469076983, 0.9964319469076983, 0.9964319469076983, 0.9964319469076983, 0.9964319469076983, 0.9964319469076983, 0.9964319469076983, 0.9964319469076983, 0.9964319469076983, 0.9964319469076983, 0.9964319469076983, 0.9964319469076983, 0.9964319469076983, 0.9964319469076983, 0.9965124704152067, 0.9965124704152067, 0.9965124704152067, 0.9965124704152067, 0.9965124704152067]}