{"task_id": "xgb-3917", "max_evals": 50, "batch_size": 5, "n_repeat": 3, "scores": [0.7926345356577196, 0.793467617056257, 0.7944506467165219, 0.7944506467165219, 0.7944506467165219, 0.7953152447320168, 0.7953152447320168, 0.7953152447320168, 0.7953152447320168, 0.7954165021115366, 0.7954165021115366, 0.7954165021115366, 0.7959405908823024, 0.7959405908823024, 0.7965549244207502, 0.7965549244207502, 0.7965549244207502, 0.7965549244207502, 0.7965549244207502, 0.7965549244207502, 0.7965549244207502, 0.7965549244207502, 0.7965549244207502, 0.7965549244207502, 0.7965549244207502, 0.7965549244207502, 0.7965549244207502, 0.7965549244207502, 0.7965549244207502, 0.7965549244207502, 0.7965549244207502, 0.7965549244207502, 0.7965549244207502, 0.7965549244207502, 0.7965549244207502, 0.7965549244207502, 0.7965549244207502, 0.7965549244207502, 0.7965549244207502, 0.7965549244207502, 0.7965549244207502, 0.7965549244207502, 0.7965549244207502, 0.7965549244207502, 0.7965549244207502, 0.7965549244207502, 0.7965549244207502, 0.7965549244207502, 0.7965549244207502, 0.7965549244207502]}