{"task_id": "xgb-9952", "max_evals": 50, "batch_size": 5, "n_repeat": 3, "scores": [0.8862798058207667, 0.9302816330184283, 0.9358471441955225, 0.9358471441955225, 0.9364887896624051, 0.9397946742601578, 0.9397946742601578, 0.9397946742601578, 0.9397946742601578, 0.9397946742601578, 0.9397946742601578, 0.9397946742601578, 0.9397946742601578, 0.9397946742601578, 0.9397946742601578, 0.9397946742601578, 0.9408810769478119, 0.9408810769478119, 0.9408810769478119, 0.9467041005344442, 0.9467041005344442, 0.9467041005344442, 0.9467041005344442, 0.9467041005344442, 0.9467041005344442, 0.9467041005344442, 0.9467041005344442, 0.9467041005344442, 0.9467041005344442, 0.9467041005344442, 0.9467041005344442, 0.9467041005344442, 0.9467041005344442, 0.9467041005344442, 0.9467041005344442, 0.9467041005344442, 0.9467041005344442, 0.9467041005344442, 0.9467041005344442, 0.9467041005344442, 0.9467041005344442, 0.9467041005344442, 0.9467041005344442, 0.9467041005344442, 0.9467041005344442, 0.9467041005344442, 0.9467041005344442, 0.9467041005344442, 0.9467041005344442, 0.9467041005344442]}