{"task_id": "xgb-3896", "max_evals": 50, "batch_size": 5, "n_repeat": 3, "scores": [0.7861902513794571, 0.8786633974014563, 0.8835769439853925, 0.8911979620956552, 0.8911979620956552, 0.8911979620956552, 0.8911979620956552, 0.8922675872753344, 0.8951599394609575, 0.8951599394609575, 0.8951599394609575, 0.8951599394609575, 0.8951599394609575, 0.8951599394609575, 0.8951599394609575, 0.8995613469288175, 0.8995613469288175, 0.8995613469288175, 0.8995613469288175, 0.902878260004958, 0.9033917117759785, 0.9033917117759785, 0.9033917117759785, 0.9033917117759785, 0.9033917117759785, 0.9033917117759785, 0.9033917117759785, 0.9033917117759785, 0.9033917117759785, 0.9033917117759785, 0.9033917117759785, 0.9033917117759785, 0.9033917117759785, 0.9035259118840386, 0.9035259118840386, 0.9035259118840386, 0.9035259118840386, 0.9035259118840386, 0.9035259118840386, 0.9037074279220416, 0.9037074279220416, 0.9037074279220416, 0.9037074279220416, 0.9037074279220416, 0.9037074279220416, 0.9037074279220416, 0.9037074279220416, 0.9037074279220416, 0.9037074279220416, 0.9037074279220416]}