{"task_id": "xgb-14951", "max_evals": 50, "batch_size": 5, "n_repeat": 3, "scores": [0.5874457005959103, 0.5908946064817183, 0.5908946064817183, 0.5939367414578792, 0.5939367414578792, 0.5939854498965517, 0.5939854498965517, 0.5954843539244898, 0.5954843539244898, 0.5954843539244898, 0.5954843539244898, 0.5954843539244898, 0.5954843539244898, 0.5954843539244898, 0.5954843539244898, 0.5954843539244898, 0.5954843539244898, 0.5954843539244898, 0.5954843539244898, 0.5954843539244898, 0.5959896608869903, 0.5959896608869903, 0.5959896608869903, 0.5959896608869903, 0.5959896608869903, 0.5959896608869903, 0.5959896608869903, 0.5959896608869903, 0.5959896608869903, 0.5968882355171142, 0.599762411193301, 0.599762411193301, 0.599762411193301, 0.599762411193301, 0.599762411193301, 0.599762411193301, 0.599762411193301, 0.599762411193301, 0.599762411193301, 0.599762411193301, 0.599762411193301, 0.599762411193301, 0.599762411193301, 0.599762411193301, 0.599762411193301, 0.599762411193301, 0.599762411193301, 0.599762411193301, 0.599762411193301, 0.599762411193301]}