{"task_id": "xgb-145862", "max_evals": 50, "batch_size": 5, "n_repeat": 3, "scores": [0.8661942472641231, 0.9109720496894411, 0.9113861612277762, 0.9115328305235137, 0.9124107923362582, 0.9124107923362582, 0.9149359821223175, 0.9149359821223175, 0.916730717407736, 0.916730717407736, 0.9203930789707186, 0.9203930789707186, 0.9203930789707186, 0.9203930789707186, 0.9203930789707186, 0.9203930789707186, 0.9203930789707186, 0.9232478720956981, 0.9239882677708765, 0.9239882677708765, 0.9239882677708765, 0.9239882677708765, 0.9239882677708765, 0.9239882677708765, 0.9239882677708765, 0.9239882677708765, 0.9239882677708765, 0.9239882677708765, 0.9239882677708765, 0.9239882677708765, 0.9239882677708765, 0.9239882677708765, 0.9239882677708765, 0.9239882677708765, 0.9239882677708765, 0.9239882677708765, 0.9239882677708765, 0.9239882677708765, 0.9239882677708765, 0.9239882677708765, 0.9239882677708765, 0.9239882677708765, 0.9239882677708765, 0.9239882677708765, 0.9239882677708765, 0.9239882677708765, 0.9239882677708765, 0.9239882677708765, 0.9239882677708765, 0.9239882677708765]}