{"task_id": "xgb-3485", "max_evals": 50, "batch_size": 5, "n_repeat": 3, "scores": [0.9257192226656228, 0.9452871008948697, 0.9452871008948697, 0.9452871008948697, 0.9456898510436785, 0.970463274528481, 0.970463274528481, 0.9708672789791796, 0.977234337143412, 0.977234337143412, 0.977234337143412, 0.977234337143412, 0.977234337143412, 0.977234337143412, 0.977234337143412, 0.977234337143412, 0.977234337143412, 0.9789726211507475, 0.9789726211507475, 0.9789726211507475, 0.9789726211507475, 0.9789726211507475, 0.9789726211507475, 0.9789726211507475, 0.9789726211507475, 0.9789726211507475, 0.9789726211507475, 0.9789726211507475, 0.9789726211507475, 0.9789726211507475, 0.9789726211507475, 0.9789726211507475, 0.9789726211507475, 0.9789726211507475, 0.9789726211507475, 0.9789726211507475, 0.9789726211507475, 0.9789726211507475, 0.9789726211507475, 0.9789726211507475, 0.9789726211507475, 0.9789726211507475, 0.9789726211507475, 0.9789726211507475, 0.9789726211507475, 0.9789726211507475, 0.9789726211507475, 0.9789726211507475, 0.9789726211507475, 0.9789726211507475]}