{"task_id": "xgb-145872", "max_evals": 50, "batch_size": 5, "n_repeat": 3, "scores": [0.8577474430050941, 0.8577474430050941, 0.8577474430050941, 0.9401000078933652, 0.9401000078933652, 0.9401000078933652, 0.9582655822543692, 0.9582655822543692, 0.9582655822543692, 0.9582655822543692, 0.9628583548434847, 0.9628583548434847, 0.9680596188280094, 0.9680596188280094, 0.9680596188280094, 0.9694416618320719, 0.9694416618320719, 0.9694416618320719, 0.9694416618320719, 0.9694416618320719, 0.9694416618320719, 0.9735027963471202, 0.9735027963471202, 0.9739440822750535, 0.9739440822750535, 0.9739440822750535, 0.9739440822750535, 0.9739440822750535, 0.9739440822750535, 0.9739440822750535, 0.9739440822750535, 0.9739440822750535, 0.9739440822750535, 0.9739440822750535, 0.9739440822750535, 0.9739440822750535, 0.9739440822750535, 0.9739440822750535, 0.9739440822750535, 0.9739440822750535, 0.9739440822750535, 0.9739440822750535, 0.9739440822750535, 0.9739440822750535, 0.9739440822750535, 0.9739440822750535, 0.9739440822750535, 0.9739440822750535, 0.9739440822750535, 0.9739440822750535]}