{"task_id": "xgb-125923", "max_evals": 50, "batch_size": 5, "n_repeat": 3, "scores": [0.7847999651734797, 0.9335168981179169, 0.9335168981179169, 0.9365291019111055, 0.9365291019111055, 0.9365291019111055, 0.9365291019111055, 0.9365291019111055, 0.9376554496248893, 0.9376554496248893, 0.9376554496248893, 0.9376554496248893, 0.9376554496248893, 0.9376554496248893, 0.9376554496248893, 0.9376554496248893, 0.9376554496248893, 0.9376554496248893, 0.9376554496248893, 0.9376554496248893, 0.9376554496248893, 0.9386338571822442, 0.9386994471289887, 0.9386994471289887, 0.9386994471289887, 0.9394282646235107, 0.9394282646235107, 0.9394282646235107, 0.9394282646235107, 0.9394282646235107, 0.9394282646235107, 0.9394282646235107, 0.9394282646235107, 0.9394282646235107, 0.9394282646235107, 0.9394282646235107, 0.9394282646235107, 0.9394282646235107, 0.9394282646235107, 0.9394282646235107, 0.9394282646235107, 0.9394282646235107, 0.9394282646235107, 0.9394282646235107, 0.9394282646235107, 0.9394282646235107, 0.9394282646235107, 0.9394282646235107, 0.9394282646235107, 0.9394282646235107]}