{"task_id": "xgb-3", "max_evals": 50, "batch_size": 5, "n_repeat": 3, "scores": [0.7914939726835263, 0.9029363692945589, 0.9678164346370773, 0.9678164346370773, 0.9678164346370773, 0.9678164346370773, 0.9907459590622677, 0.9907703004578498, 0.9907703004578498, 0.9907703004578498, 0.9907703004578498, 0.9907703004578498, 0.9907703004578498, 0.9907703004578498, 0.9907703004578498, 0.9907728165524795, 0.9907728165524795, 0.9957005084682695, 0.9957005084682695, 0.9957005084682695, 0.9957005084682695, 0.9957005084682695, 0.9957005084682695, 0.9957005084682695, 0.9957005084682695, 0.9957005084682695, 0.9957005084682695, 0.9957005084682695, 0.9957005084682695, 0.9957005084682695, 0.9957005084682695, 0.9957005084682695, 0.9957005084682695, 0.9957005084682695, 0.9957005084682695, 0.9957005084682695, 0.9957005084682695, 0.9957005084682695, 0.9957005084682695, 0.9957005084682695, 0.9957005084682695, 0.9957005084682695, 0.9957005084682695, 0.9957005084682695, 0.9957005084682695, 0.9957005084682695, 0.9957005084682695, 0.9957005084682695, 0.9957005084682695, 0.9957005084682695]}