{"task_id": "xgb-145878", "max_evals": 50, "batch_size": 5, "n_repeat": 3, "scores": [0.9771597780526351, 0.983313577956435, 0.9929057010009391, 0.9934641196545959, 0.9934641196545959, 0.9934641196545959, 0.9934641196545959, 0.9934641196545959, 0.9934641196545959, 0.9934641196545959, 0.9934641196545959, 0.9934641196545959, 0.9934641196545959, 0.9935891225176939, 0.9935891225176939, 0.993680798918894, 0.9937228864609816, 0.9940736159783778, 0.9940736159783778, 0.9940736159783778, 0.9940736159783778, 0.9940736159783778, 0.9940736159783778, 0.9940736159783778, 0.9940736159783778, 0.9940736159783778, 0.9940736159783778, 0.9940736159783778, 0.9940736159783778, 0.9940736159783778, 0.9940736159783778, 0.9940736159783778, 0.9940736159783778, 0.9940736159783778, 0.9940736159783778, 0.9940736159783778, 0.9940736159783778, 0.9940736159783778, 0.9940736159783778, 0.9940768799102132, 0.9940768799102132, 0.9940768799102132, 0.9940768799102132, 0.9940768799102132, 0.9940768799102132, 0.9940768799102132, 0.9940768799102132, 0.9940768799102132, 0.9940768799102132, 0.9940768799102132]}