{"task_id": "xgb-146064", "max_evals": 50, "batch_size": 5, "n_repeat": 3, "scores": [0.6527630805408583, 0.8065219863665631, 0.8065219863665631, 0.9058943501954966, 0.9863095238095237, 0.9863095238095237, 0.9886054421768709, 0.9886054421768709, 0.9886054421768709, 0.9886054421768709, 0.9886054421768709, 0.9886054421768709, 0.9886054421768709, 0.9886054421768709, 0.9886054421768709, 0.9886054421768709, 0.9886054421768709, 0.9886054421768709, 0.9886054421768709, 0.9956632653061225, 0.9956632653061225, 0.9956632653061225, 0.9956632653061225, 0.9956632653061225, 0.9956632653061225, 0.9956632653061225, 0.9956632653061225, 0.9956632653061225, 0.9956632653061225, 0.9956632653061225, 0.9956632653061225, 0.9956632653061225, 0.9956632653061225, 0.9956632653061225, 0.9956632653061225, 0.9956632653061225, 0.9956632653061225, 0.9956632653061225, 0.9956632653061225, 0.9956632653061225, 0.9956632653061225, 0.9956632653061225, 0.9956632653061225, 0.9956632653061225, 0.9956632653061225, 0.9956632653061225, 0.9956632653061225, 0.9956632653061225, 0.9956632653061225, 0.9956632653061225]}