{"task_id": "xgb-145847", "max_evals": 50, "batch_size": 5, "n_repeat": 3, "scores": [0.783262428210258, 0.9277932181711407, 0.9293038721669801, 0.9304855213652243, 0.9577300991867976, 0.9577300991867976, 0.9577300991867976, 0.9583694409607135, 0.9583694409607135, 0.9610483467208137, 0.9610483467208137, 0.9610483467208137, 0.9610483467208137, 0.9613345551275544, 0.9613345551275544, 0.9613345551275544, 0.9613345551275544, 0.9613345551275544, 0.9613345551275544, 0.9613345551275544, 0.9613345551275544, 0.9613345551275544, 0.9618924472712432, 0.9618924472712432, 0.9618924472712432, 0.9618924472712432, 0.9618924472712432, 0.9618924472712432, 0.9618924472712432, 0.9618924472712432, 0.9618924472712432, 0.9618924472712432, 0.9618924472712432, 0.9618924472712432, 0.9618924472712432, 0.9618924472712432, 0.9618924472712432, 0.9618924472712432, 0.9618924472712432, 0.9618924472712432, 0.9618924472712432, 0.9618924472712432, 0.9618924472712432, 0.9630035583823543, 0.9630035583823543, 0.9630035583823543, 0.9630035583823543, 0.9630035583823543, 0.9630035583823543, 0.9630035583823543]}