{"task_id": "xgb-10101", "max_evals": 50, "batch_size": 5, "n_repeat": 3, "scores": [0.8476684630967397, 0.9363824867178842, 0.9419533310400182, 0.9473731987921873, 0.9473731987921873, 0.947505064403929, 0.947505064403929, 0.947505064403929, 0.947505064403929, 0.947505064403929, 0.947505064403929, 0.9477401291900774, 0.9477401291900774, 0.9477401291900774, 0.9477401291900774, 0.9477401291900774, 0.9477401291900774, 0.9477401291900774, 0.9477401291900774, 0.9477401291900774, 0.9477401291900774, 0.9477401291900774, 0.9477401291900774, 0.9479044834307991, 0.9479044834307991, 0.9479044834307991, 0.9479044834307991, 0.9479044834307991, 0.9479044834307991, 0.9479044834307991, 0.9479044834307991, 0.9479044834307991, 0.9479044834307991, 0.9479044834307991, 0.9479044834307991, 0.9479044834307991, 0.9479044834307991, 0.9479044834307991, 0.9479044834307991, 0.9479044834307991, 0.9479044834307991, 0.9479044834307991, 0.9479044834307991, 0.9479044834307991, 0.9479044834307991, 0.9479044834307991, 0.9479044834307991, 0.9479044834307991, 0.9479044834307991, 0.9479044834307991]}