{"task_id": "xgb-9946", "max_evals": 50, "batch_size": 5, "n_repeat": 3, "scores": [0.9788330012139536, 0.9892887205387205, 0.9894332497308688, 0.9894332497308688, 0.9894332497308688, 0.9905115783687212, 0.9907811676859296, 0.9907811676859296, 0.9907811676859296, 0.9919393481298243, 0.9919393481298243, 0.9922101399482353, 0.9922101399482353, 0.9922101399482353, 0.9922101399482353, 0.9935827664399093, 0.9941855631141346, 0.9941855631141346, 0.9944105453629263, 0.9944105453629263, 0.9944105453629263, 0.9944105453629263, 0.9944105453629263, 0.9944105453629263, 0.9944105453629263, 0.9944105453629263, 0.9944105453629263, 0.9944105453629263, 0.9947637944066515, 0.9951603907556289, 0.9951603907556289, 0.9951603907556289, 0.9951603907556289, 0.9951603907556289, 0.9951603907556289, 0.9951603907556289, 0.9951603907556289, 0.9951603907556289, 0.9951603907556289, 0.9951603907556289, 0.9951603907556289, 0.9951603907556289, 0.9951603907556289, 0.9951603907556289, 0.9951603907556289, 0.9951603907556289, 0.9951603907556289, 0.9951603907556289, 0.9951603907556289, 0.9951603907556289]}