{"task_id": "rf-145839", "max_evals": 50, "batch_size": 5, "n_repeat": 10, "scores": [0.8379118367346938, 0.8379118367346938, 0.8407514285714285, 0.8437683673469387, 0.8457889795918367, 0.8483716326530614, 0.849760612244898, 0.849760612244898, 0.8519265306122449, 0.853365306122449, 0.8534836734693878, 0.8535036734693877, 0.8547869387755102, 0.8549391836734694, 0.8554351020408163, 0.8556163265306121, 0.8568208163265305, 0.8568208163265305, 0.8568208163265305, 0.8570897959183672, 0.8574412244897959, 0.8574412244897959, 0.8585179591836735, 0.8585179591836735, 0.8588379591836734, 0.8588379591836734, 0.8589195918367345, 0.8591755102040816, 0.8591755102040816, 0.8591755102040816, 0.8591755102040816, 0.8591889795918366, 0.8591889795918366, 0.8593097959183673, 0.8593097959183673, 0.8594751020408162, 0.8594751020408162, 0.8594751020408162, 0.8594751020408162, 0.8594751020408162, 0.8594751020408162, 0.8594751020408162, 0.8596477551020408, 0.8596477551020408, 0.8596477551020408, 0.8599665306122448, 0.8599665306122448, 0.8599665306122448, 0.8599742857142857, 0.8599742857142857]}