{"task_id": "rf-145855", "max_evals": 50, "batch_size": 5, "n_repeat": 10, "scores": [0.8390171646190121, 0.8505968392103677, 0.8598615506329115, 0.8614659455554374, 0.8615512534127575, 0.8634001369535156, 0.8635530240577243, 0.8639693583129455, 0.8639693583129455, 0.8649197004751269, 0.8663442331046343, 0.8664955357142856, 0.8675839560507747, 0.8680349719001524, 0.8685358273056059, 0.8685358273056059, 0.869071198099493, 0.869071198099493, 0.869071198099493, 0.869071198099493, 0.869071198099493, 0.869071198099493, 0.8693876537956955, 0.8693876537956955, 0.8694512995071445, 0.8694512995071445, 0.8694512995071445, 0.8697126635464312, 0.869789118178917, 0.869789118178917, 0.869789118178917, 0.869789118178917, 0.86980962796511, 0.86980962796511, 0.86980962796511, 0.86980962796511, 0.86980962796511, 0.86980962796511, 0.86980962796511, 0.86980962796511, 0.8699542380243237, 0.8699574070134384, 0.8699574070134384, 0.8700026703719462, 0.8700026703719462, 0.8700026703719462, 0.8700026703719462, 0.8700026703719462, 0.8700026703719462, 0.8700026703719462]}