{"task_id": "rf-146065", "max_evals": 50, "batch_size": 5, "n_repeat": 10, "scores": [0.8563044871794873, 0.8974439865689865, 0.9172208485958485, 0.9473939255189257, 0.9664551282051281, 0.9710332722832723, 0.9765096153846156, 0.9844549755799756, 0.9851770451770452, 0.9862731990231991, 0.9862909035409035, 0.9862909035409035, 0.9906112637362637, 0.9916581196581197, 0.9924652014652015, 0.9929610805860806, 0.9929610805860806, 0.9929610805860806, 0.9929610805860806, 0.9932229853479854, 0.9932229853479854, 0.994557387057387, 0.994557387057387, 0.9966700244200244, 0.9966759768009767, 0.9966759768009767, 0.9966759768009767, 0.9966759768009767, 0.9966759768009767, 0.9966759768009767, 0.9966984126984126, 0.9966984126984126, 0.9966984126984126, 0.9970138888888889, 0.9970138888888889, 0.9970138888888889, 0.9972823565323564, 0.9972823565323564, 0.9972823565323564, 0.997353785103785, 0.997353785103785, 0.997353785103785, 0.9974126984126984, 0.997952380952381, 0.997952380952381, 0.997952380952381, 0.997952380952381, 0.997952380952381, 0.997952380952381, 0.997952380952381]}