{"task_id": "rf-145878", "max_evals": 50, "batch_size": 5, "n_repeat": 10, "scores": [0.98404119425548, 0.9890380935202364, 0.9897367724867724, 0.9901496942211226, 0.9901496942211226, 0.9905641963856248, 0.9908225108225108, 0.9910168693740122, 0.9911212722462721, 0.9911212722462721, 0.991189368171511, 0.991189368171511, 0.9913422490208206, 0.9913422490208206, 0.9913422490208206, 0.9913707311207312, 0.9913719336219338, 0.9914703153988869, 0.9916905964405963, 0.9916966089466088, 0.9916966089466088, 0.9916966089466088, 0.9916966089466088, 0.9917540283790283, 0.9917540283790283, 0.9917540283790283, 0.9917540283790283, 0.9917540283790283, 0.991824752628324, 0.9920351903387618, 0.9920351903387618, 0.9920351903387618, 0.9920351903387618, 0.9920351903387618, 0.9920351903387618, 0.9920351903387618, 0.9920351903387618, 0.9920351903387618, 0.9920637497423211, 0.9920637497423211, 0.9921437160722875, 0.9921437160722875, 0.9921437160722875, 0.9921437160722875, 0.99218820861678, 0.99218820861678, 0.99218820861678, 0.99218820861678, 0.99218820861678, 0.99218820861678]}