{"task_id": "rf-145804", "max_evals": 50, "batch_size": 5, "n_repeat": 10, "scores": [0.9231858021801097, 0.9456655376389722, 0.9484087281051228, 0.9512495333747706, 0.9523324142299474, 0.9657503698775045, 0.9712057390567826, 0.9712057390567826, 0.9725347926723638, 0.9735940387885359, 0.97371207101283, 0.9776126814362108, 0.9776126814362108, 0.9780721646755802, 0.9780721646755802, 0.9794137110693087, 0.983177939145681, 0.983177939145681, 0.983177939145681, 0.9846781084541993, 0.9846781084541993, 0.9846781084541993, 0.9846781084541993, 0.9850312513405491, 0.9850312513405491, 0.9850312513405491, 0.9850407777969445, 0.9850407777969445, 0.9850407777969445, 0.9850407777969445, 0.9850407777969445, 0.9850407777969445, 0.9857910290215791, 0.9859806614076062, 0.986124368287556, 0.986124368287556, 0.986124368287556, 0.986124368287556, 0.986124368287556, 0.986124368287556, 0.9863190981834246, 0.9863190981834246, 0.9863190981834246, 0.9863973748508853, 0.9863973748508853, 0.9865902724726254, 0.9865902724726254, 0.9866668788727612, 0.9866668788727612, 0.9866668788727612]}