{"task_id": "rf-145862", "max_evals": 50, "batch_size": 5, "n_repeat": 10, "scores": [0.8788122079266489, 0.9070116188504388, 0.9092620082815734, 0.9111098590160702, 0.9157312481514346, 0.9164586315685694, 0.9164586315685694, 0.9165615128660158, 0.9169152518978606, 0.9169152518978606, 0.9175222863058267, 0.9175237725524992, 0.918036111111111, 0.9182158483683329, 0.9183395691609977, 0.9183642758552697, 0.9188977669328601, 0.9188977669328601, 0.9188977669328601, 0.9188977669328601, 0.9189679089026915, 0.9189679089026915, 0.9189679089026915, 0.9189679089026915, 0.9189679089026915, 0.9189679089026915, 0.9189679089026915, 0.9189679089026915, 0.9189679089026915, 0.9189679089026915, 0.9192701838706497, 0.9192701838706497, 0.9192701838706497, 0.9192701838706497, 0.9193221704623877, 0.9193221704623877, 0.9193221704623877, 0.9194128413684315, 0.9195578157349896, 0.9195578157349896, 0.9195578157349896, 0.9195578157349896, 0.9195578157349896, 0.9197392512077294, 0.9197392512077294, 0.9200255102040817, 0.9200255102040817, 0.9204579315784285, 0.9204579315784285, 0.9204579315784285]}