{"task_id": "rf-145976", "max_evals": 50, "batch_size": 5, "n_repeat": 10, "scores": [0.8225921652421653, 0.8256131054131053, 0.8261356125356125, 0.8290219373219372, 0.8314005698005698, 0.8329592592592592, 0.8332638176638177, 0.8332638176638177, 0.8343299145299146, 0.8348321937321938, 0.8358441595441596, 0.8358441595441596, 0.8358441595441596, 0.8359521367521368, 0.8359521367521368, 0.8359521367521368, 0.8359521367521368, 0.8359521367521368, 0.8360706552706553, 0.8360706552706553, 0.8360706552706553, 0.8360706552706553, 0.8360706552706553, 0.8360706552706553, 0.8362199430199431, 0.8362199430199431, 0.8362199430199431, 0.8362199430199431, 0.8362199430199431, 0.8362199430199431, 0.8362199430199431, 0.8362199430199431, 0.8363253561253561, 0.8363253561253561, 0.8363253561253561, 0.8363253561253561, 0.8363253561253561, 0.8363253561253561, 0.8363253561253561, 0.8363253561253561, 0.8363253561253561, 0.8363253561253561, 0.8363253561253561, 0.8363253561253561, 0.8363253561253561, 0.8363253561253561, 0.8363253561253561, 0.8363928774928773, 0.8363928774928773, 0.8363928774928773]}