{"task_id": "rf-145972", "max_evals": 50, "batch_size": 5, "n_repeat": 10, "scores": [0.7728214285714284, 0.7768761904761903, 0.7838738095238094, 0.7876571428571427, 0.7876571428571427, 0.7925595238095238, 0.7942833333333332, 0.7952619047619047, 0.7959333333333333, 0.7959333333333333, 0.7959785714285713, 0.7959785714285713, 0.7959785714285713, 0.7966547619047619, 0.797002380952381, 0.797207142857143, 0.7980000000000002, 0.7980000000000002, 0.7990761904761905, 0.79915, 0.79915, 0.7995119047619048, 0.7995119047619048, 0.7995119047619048, 0.8003928571428572, 0.8003928571428572, 0.8003928571428572, 0.8003928571428572, 0.8003928571428572, 0.801204761904762, 0.801204761904762, 0.8016190476190477, 0.8016357142857142, 0.8016357142857142, 0.8016357142857142, 0.8016357142857142, 0.8016357142857142, 0.8016357142857142, 0.8016357142857142, 0.8016357142857142, 0.8016357142857142, 0.8023690476190476, 0.8026428571428571, 0.8026428571428571, 0.8026428571428571, 0.8026428571428571, 0.8026666666666668, 0.8026666666666668, 0.8026666666666668, 0.8026666666666668]}