{"task_id": "rf-145836", "max_evals": 50, "batch_size": 5, "n_repeat": 10, "scores": [0.6846382295608302, 0.7607241142070864, 0.7960322784084395, 0.8060964912280703, 0.811609047127623, 0.820356897144823, 0.820356897144823, 0.820356897144823, 0.8249750601995185, 0.8251129457631006, 0.82640436876505, 0.82640436876505, 0.82640436876505, 0.8272738218094255, 0.8314803348239881, 0.831715972938883, 0.831715972938883, 0.8333101135190919, 0.8333101135190919, 0.8333101135190919, 0.8333101135190919, 0.8333101135190919, 0.8355638688223828, 0.8355638688223828, 0.8355638688223828, 0.8355638688223828, 0.8370808966861599, 0.8370808966861599, 0.8370808966861599, 0.8370808966861599, 0.8370808966861599, 0.8370808966861599, 0.8374303405572755, 0.8374303405572755, 0.8374303405572755, 0.8374303405572755, 0.8374303405572755, 0.8374303405572755, 0.8374303405572755, 0.8374303405572755, 0.8374303405572755, 0.8382562206169016, 0.8382562206169016, 0.8382562206169016, 0.8382562206169016, 0.8382562206169016, 0.8382562206169016, 0.8382562206169016, 0.8382562206169016, 0.8382562206169016]}