{"task_id": "rf-3896", "max_evals": 50, "batch_size": 5, "n_repeat": 10, "scores": [0.8932304064749195, 0.8932304064749195, 0.8967755638418785, 0.8967755638418785, 0.897639913174665, 0.897639913174665, 0.897639913174665, 0.8977328604607058, 0.8980845999321945, 0.8980845999321945, 0.898212488734931, 0.898212488734931, 0.898212488734931, 0.8982409484520403, 0.8982409484520403, 0.8984586364321496, 0.8984586364321496, 0.8984586364321496, 0.8984586364321496, 0.8984586364321496, 0.8985121271211257, 0.8985121271211257, 0.8986127670177793, 0.8986127670177793, 0.898617261729364, 0.898617261729364, 0.898617261729364, 0.8986210118487475, 0.8986599207518523, 0.8986599207518523, 0.8986599207518523, 0.8986599207518523, 0.8986599207518523, 0.8986952153274643, 0.8986952153274643, 0.8987658565322463, 0.8987658565322463, 0.8987658565322463, 0.8989495693812822, 0.8989626212451844, 0.8989626212451844, 0.8989626212451844, 0.8989626212451844, 0.8989702799078245, 0.8989702799078245, 0.8989702799078245, 0.8989755712651684, 0.8989755712651684, 0.8989755712651684, 0.8989755712651684]}