{"task_id": "rf-3493", "max_evals": 50, "batch_size": 5, "n_repeat": 10, "scores": [0.8468778998779, 0.8938985042735043, 0.899618894993895, 0.9379664224664225, 0.9585581501831502, 0.9731952075702075, 0.9731952075702075, 0.9744227716727718, 0.982843253968254, 0.9829039987789988, 0.9897061965811966, 0.9897061965811966, 0.9898595848595848, 0.9951593406593409, 0.9951593406593409, 0.9951593406593409, 0.9958580586080588, 0.9958580586080588, 0.9978154761904763, 0.9978511904761905, 0.9978511904761905, 0.9978511904761905, 0.9978511904761905, 0.9978511904761905, 0.9978511904761905, 0.9978511904761905, 0.9978511904761905, 0.9980535714285714, 0.9982440476190476, 0.9982440476190476, 0.9982440476190476, 0.9982440476190476, 0.9982440476190476, 0.9982440476190476, 0.9982440476190476, 0.9982440476190476, 0.9982440476190476, 0.9982440476190476, 0.9982440476190476, 0.9982440476190476, 0.9982440476190476, 0.9982440476190476, 0.9982440476190476, 0.9982440476190476, 0.9982440476190476, 0.9982440476190476, 0.9982440476190476, 0.9982440476190476, 0.9982678571428572, 0.9982678571428572]}