{"task_id": "rf-3917", "max_evals": 50, "batch_size": 5, "n_repeat": 10, "scores": [0.7688595119839726, 0.7787911183741248, 0.7806144713447005, 0.7823080197413848, 0.7855917862163154, 0.7859284406010865, 0.7860464388149747, 0.7864049131505564, 0.7864049131505564, 0.7873515270874585, 0.7892757762286412, 0.7897021699759189, 0.7899041763081509, 0.7899493236576106, 0.7899493236576106, 0.7903052893943199, 0.7903052893943199, 0.7903390833314312, 0.7906647963851687, 0.7906711236834798, 0.7906711236834798, 0.7907702380816514, 0.7908974318165175, 0.7908974318165175, 0.7909861569507612, 0.7909861569507612, 0.7910330511505108, 0.7910330511505108, 0.7914057997272328, 0.7917756921182828, 0.7917756921182828, 0.7917756921182828, 0.7917756921182828, 0.7917756921182828, 0.7917756921182828, 0.7917756921182828, 0.7917756921182828, 0.7917756921182828, 0.7917756921182828, 0.7917756921182828, 0.7917756921182828, 0.7917756921182828, 0.7917756921182828, 0.7917913749850206, 0.7917913749850206, 0.7917913749850206, 0.7917913749850206, 0.7918992609344655, 0.7920085862707167, 0.7920085862707167]}