{"task_id": "rf-3918", "max_evals": 50, "batch_size": 5, "n_repeat": 10, "scores": [0.8483694854902378, 0.850246444241438, 0.850246444241438, 0.8509052347834205, 0.8509052347834205, 0.8523734813426864, 0.8528378470740424, 0.8528378470740424, 0.8542587502000426, 0.8542587502000426, 0.8543291735570255, 0.8543291735570255, 0.8543291735570255, 0.8550693481276006, 0.8550693481276006, 0.8555282960364877, 0.8555282960364877, 0.8555282960364877, 0.8555282960364877, 0.8555282960364877, 0.8558521484583379, 0.8558521484583379, 0.8558521484583379, 0.8558521484583379, 0.8558521484583379, 0.8558521484583379, 0.8558521484583379, 0.8558521484583379, 0.8558521484583379, 0.8558521484583379, 0.8558521484583379, 0.8560165835378214, 0.8560165835378214, 0.8560165835378214, 0.8560165835378214, 0.8560165835378214, 0.8562830903926171, 0.8562830903926171, 0.8562830903926171, 0.8562830903926171, 0.8562830903926171, 0.8562830903926171, 0.8562830903926171, 0.8563318674650592, 0.8563318674650592, 0.8563318674650592, 0.8563318674650592, 0.8563318674650592, 0.8563318674650592, 0.8563318674650592]}