{"task_id": "rf-37", "max_evals": 50, "batch_size": 5, "n_repeat": 10, "scores": [0.8200672364672364, 0.8200672364672364, 0.8250467236467237, 0.8269957264957265, 0.8269957264957265, 0.8297048433048433, 0.8302074074074074, 0.8309783475783477, 0.8319247863247863, 0.8342572649572648, 0.8344868945868946, 0.8348219373219372, 0.835062678062678, 0.835062678062678, 0.8352014245014244, 0.8353504273504273, 0.8356102564102563, 0.8356105413105412, 0.8356105413105412, 0.8356105413105412, 0.8356105413105412, 0.8358136752136751, 0.8358136752136751, 0.8358136752136751, 0.8358136752136751, 0.8359686609686608, 0.8359686609686608, 0.8359686609686608, 0.8362840455840456, 0.8362840455840456, 0.8362840455840456, 0.8364792022792022, 0.8365162393162393, 0.8365162393162393, 0.8365162393162393, 0.8365162393162393, 0.8365162393162393, 0.8365162393162393, 0.8365162393162393, 0.8365162393162393, 0.8365162393162393, 0.8365162393162393, 0.8365162393162393, 0.8365162393162393, 0.8365162393162393, 0.8365162393162393, 0.8365162393162393, 0.836580056980057, 0.836580056980057, 0.8366435897435898]}