{"task_id": "rf-3902", "max_evals": 50, "batch_size": 5, "n_repeat": 10, "scores": [0.9280519812091503, 0.9320652062908495, 0.9320652062908495, 0.9377145884395424, 0.9397039675245097, 0.9432966962826796, 0.9443830422794116, 0.9448608558006535, 0.9448608558006535, 0.9448608558006535, 0.9449140880310457, 0.945142463235294, 0.9454621119281045, 0.9454621119281045, 0.9461783854166667, 0.9461783854166667, 0.9461783854166667, 0.9462565104166666, 0.9462565104166666, 0.9465461601307188, 0.9467284517973855, 0.9467284517973855, 0.9467284517973855, 0.9467284517973855, 0.9467284517973855, 0.9467284517973855, 0.9467284517973855, 0.9469574652777777, 0.9469574652777777, 0.9469574652777777, 0.9469574652777777, 0.9469574652777777, 0.9469574652777777, 0.9469953788807188, 0.9469953788807188, 0.9469953788807188, 0.9472783905228758, 0.9473626429738561, 0.9473626429738561, 0.9473626429738561, 0.9473626429738561, 0.9475001276552286, 0.9475280841503266, 0.9475280841503266, 0.9475280841503266, 0.9475280841503266, 0.9475280841503266, 0.9475280841503266, 0.9475280841503266, 0.9475280841503266]}