{"task_id": "rf-49", "max_evals": 50, "batch_size": 5, "n_repeat": 3, "scores": [0.8838547822735047, 0.884760080854325, 0.9157901794366058, 0.9532858858760188, 0.9703616843718046, 0.9765921998211687, 0.9765921998211687, 0.9765921998211687, 0.977835917684115, 0.977835917684115, 0.977835917684115, 0.977835917684115, 0.977835917684115, 0.9792822277167628, 0.9792822277167628, 0.9792822277167628, 0.9792822277167628, 0.979702441419709, 0.9840286923936513, 0.9840286923936513, 0.9854086709083546, 0.9854086709083546, 0.9854086709083546, 0.9854086709083546, 0.9854086709083546, 0.9854086709083546, 0.9854086709083546, 0.9854086709083546, 0.9863020357485887, 0.9863020357485887, 0.9863020357485887, 0.9863020357485887, 0.9863020357485887, 0.9863020357485887, 0.9863020357485887, 0.9863020357485887, 0.9863020357485887, 0.9863020357485887, 0.9863020357485887, 0.9863020357485887, 0.9863020357485887, 0.9863020357485887, 0.9863020357485887, 0.9863020357485887, 0.9863020357485887, 0.9863020357485887, 0.9863020357485887, 0.9863020357485887, 0.9863020357485887, 0.9863020357485887]}