{"task_id": "rf-9983", "max_evals": 50, "batch_size": 5, "n_repeat": 3, "scores": [0.5635726409192673, 0.5684313974402434, 0.5684313974402434, 0.5736263122921312, 0.5736263122921312, 0.5741256837518579, 0.5746594310664094, 0.5769825681949646, 0.5769825681949646, 0.5790888219117537, 0.580465206466377, 0.580465206466377, 0.580465206466377, 0.580465206466377, 0.5812486552164247, 0.5812486552164247, 0.5812486552164247, 0.5812486552164247, 0.5812486552164247, 0.5812486552164247, 0.5812486552164247, 0.5812486552164247, 0.5820203496120187, 0.5820203496120187, 0.5820203496120187, 0.5820203496120187, 0.5820203496120187, 0.5820203496120187, 0.5822989144763894, 0.5826107104479068, 0.5826107104479068, 0.5826107104479068, 0.5826107104479068, 0.5826107104479068, 0.5826107104479068, 0.5826107104479068, 0.5826107104479068, 0.5826107104479068, 0.5826107104479068, 0.5826107104479068, 0.5826107104479068, 0.5826107104479068, 0.5826107104479068, 0.5826107104479068, 0.5826107104479068, 0.5826107104479068, 0.5826107104479068, 0.5826107104479068, 0.5826733005561087, 0.5826733005561087]}