{"task_id": "rf-9971", "max_evals": 50, "batch_size": 5, "n_repeat": 3, "scores": [0.7343739324998292, 0.7416315103277084, 0.7416315103277084, 0.7417829530186059, 0.7417829530186059, 0.7419906885518435, 0.7419906885518435, 0.7433668386053608, 0.7433668386053608, 0.7433668386053608, 0.7433668386053608, 0.7433668386053608, 0.7438769613536471, 0.7438769613536471, 0.7438769613536471, 0.7438769613536471, 0.744253006080481, 0.744253006080481, 0.744253006080481, 0.7485153207624512, 0.7485755277720845, 0.7485755277720845, 0.7485755277720845, 0.7485755277720845, 0.7485755277720845, 0.7485755277720845, 0.7485755277720845, 0.7485755277720845, 0.7485755277720845, 0.7485755277720845, 0.7485755277720845, 0.7485755277720845, 0.7485755277720845, 0.7521310150076291, 0.7521310150076291, 0.7521310150076291, 0.7521310150076291, 0.7521310150076291, 0.7521310150076291, 0.7521310150076291, 0.7521310150076291, 0.7521310150076291, 0.7521310150076291, 0.7521310150076291, 0.7521310150076291, 0.7521310150076291, 0.7521310150076291, 0.7521310150076291, 0.7521310150076291, 0.7521310150076291]}