{"task_id": "rf-9952", "max_evals": 50, "batch_size": 5, "n_repeat": 3, "scores": [0.8569480613735393, 0.8900953503968695, 0.9124192067239498, 0.9264252480025658, 0.9593777953451254, 0.9593777953451254, 0.9657617144176521, 0.9657617144176521, 0.9657617144176521, 0.9657617144176521, 0.9657617144176521, 0.9657617144176521, 0.9661010019548352, 0.9669461696446291, 0.9669461696446291, 0.9669461696446291, 0.9669461696446291, 0.9675016206876008, 0.9681984461348128, 0.9684439765060547, 0.9684439765060547, 0.9684439765060547, 0.9684439765060547, 0.9684439765060547, 0.9684439765060547, 0.9685112429743589, 0.9685112429743589, 0.9686922200800931, 0.9686922200800931, 0.9686922200800931, 0.9686922200800931, 0.9686922200800931, 0.9686922200800931, 0.9686922200800931, 0.9686922200800931, 0.9687357035972298, 0.9687357035972298, 0.9687357035972298, 0.9687357035972298, 0.9687357035972298, 0.9687357035972298, 0.9687357035972298, 0.9687357035972298, 0.9687357035972298, 0.9687357035972298, 0.9687357035972298, 0.9687357035972298, 0.9687950890241158, 0.9687950890241158, 0.9687950890241158]}