{"task_id": "rf-9970", "max_evals": 50, "batch_size": 5, "n_repeat": 3, "scores": [0.5825888600236894, 0.5825888600236894, 0.5825888600236894, 0.5825888600236894, 0.5825888600236894, 0.5825888600236894, 0.5834054092388545, 0.5975236072541233, 0.5975236072541233, 0.5982606987866663, 0.5982606987866663, 0.5982606987866663, 0.6002121467745628, 0.610490839031722, 0.6127988083151682, 0.6146619574089004, 0.6146619574089004, 0.6185721542894682, 0.6185721542894682, 0.6185721542894682, 0.6185721542894682, 0.6185721542894682, 0.6185721542894682, 0.6185721542894682, 0.6185721542894682, 0.6185721542894682, 0.6185721542894682, 0.6185721542894682, 0.6185721542894682, 0.6185721542894682, 0.6185721542894682, 0.6185721542894682, 0.619092026486309, 0.619092026486309, 0.6192475526789891, 0.6192475526789891, 0.6209460643793484, 0.6209460643793484, 0.6209460643793484, 0.6209460643793484, 0.6209460643793484, 0.6209460643793484, 0.6209460643793484, 0.6209460643793484, 0.6209460643793484, 0.6209460643793484, 0.6209460643793484, 0.6209460643793484, 0.6209460643793484, 0.6209460643793484]}