{"task_id": "rf-9978", "max_evals": 50, "batch_size": 5, "n_repeat": 3, "scores": [0.8482354123083833, 0.8617566541384486, 0.865900606023, 0.865900606023, 0.8662399242397382, 0.8662399242397382, 0.8662399242397382, 0.8662399242397382, 0.8662399242397382, 0.8662399242397382, 0.866355751161224, 0.8691139905329219, 0.8691139905329219, 0.8691139905329219, 0.8691139905329219, 0.8691139905329219, 0.8691845725632025, 0.8691845725632025, 0.8691845725632025, 0.8691845725632025, 0.8691845725632025, 0.8696613244453899, 0.8696613244453899, 0.8696613244453899, 0.8696613244453899, 0.8696613244453899, 0.8696613244453899, 0.8696613244453899, 0.8696613244453899, 0.8696613244453899, 0.8696613244453899, 0.8696613244453899, 0.8696613244453899, 0.8696613244453899, 0.8700132004278505, 0.8700132004278505, 0.8700132004278505, 0.8704778746941816, 0.8704778746941816, 0.8704778746941816, 0.8704778746941816, 0.8704778746941816, 0.8704778746941816, 0.8704778746941816, 0.8704778746941816, 0.8704778746941816, 0.8704778746941816, 0.8704778746941816, 0.8704778746941816, 0.8704778746941816]}