{"task_id": "rf-9914", "max_evals": 50, "batch_size": 5, "n_repeat": 3, "scores": [0.988060358045372, 0.988060358045372, 0.988060358045372, 0.988060358045372, 0.9890048506206588, 0.9890048506206588, 0.9904138249936985, 0.9907973907829382, 0.9910561285430695, 0.9910561285430695, 0.9910561285430695, 0.9910561285430695, 0.9910561285430695, 0.9910561285430695, 0.9911363582968793, 0.9911363582968793, 0.9911363582968793, 0.9911363582968793, 0.9911363582968793, 0.9911363582968793, 0.9911363582968793, 0.9911363582968793, 0.9911363582968793, 0.9911363582968793, 0.9911363582968793, 0.9911363582968793, 0.9911363582968793, 0.9911363582968793, 0.9911363582968793, 0.9911363582968793, 0.9911363582968793, 0.9911363582968793, 0.9911363582968793, 0.9911363582968793, 0.9911363582968793, 0.9911363582968793, 0.9911363582968793, 0.9911363582968793, 0.9911363582968793, 0.9911363582968793, 0.9911363582968793, 0.9911363582968793, 0.9911363582968793, 0.9911363582968793, 0.9911363582968793, 0.9911363582968793, 0.9911363582968793, 0.9911363582968793, 0.9911363582968793, 0.9911363582968793]}