{"task_id": "svm-3485", "max_evals": 50, "batch_size": 5, "n_repeat": 3, "scores": [0.7984809387847561, 0.9537624964511884, 0.9714026779891872, 0.9744920944563308, 0.9787694915442257, 0.9787694915442257, 0.9787694915442257, 0.9787694915442257, 0.9787694915442257, 0.9787694915442257, 0.9787694915442257, 0.9787694915442257, 0.9787694915442257, 0.9787694915442257, 0.9787694915442257, 0.9787694915442257, 0.9787694915442257, 0.9787694915442257, 0.9787694915442257, 0.9787694915442257, 0.9787694915442257, 0.9787694915442257, 0.9787694915442257, 0.9787694915442257, 0.978795811558526, 0.978795811558526, 0.978795811558526, 0.978795811558526, 0.978795811558526, 0.978795811558526, 0.9789833976681349, 0.9789833976681349, 0.9789833976681349, 0.9789833976681349, 0.9789833976681349, 0.9789833976681349, 0.9789833976681349, 0.9789833976681349, 0.9789833976681349, 0.9789833976681349, 0.9789833976681349, 0.9789833976681349, 0.9789833976681349, 0.9789833976681349, 0.9789833976681349, 0.9789833976681349, 0.9789833976681349, 0.9789833976681349, 0.9789833976681349, 0.9789833976681349]}