{"task_id": "svm-37", "max_evals": 50, "batch_size": 5, "n_repeat": 3, "scores": [0.46297720797720804, 0.5, 0.5, 0.5029240265906932, 0.5456604938271605, 0.5456604938271605, 0.5456604938271605, 0.5456604938271605, 0.6646514719848055, 0.6646514719848055, 0.6646514719848055, 0.6646514719848055, 0.6646514719848055, 0.6646514719848055, 0.6891661918328585, 0.6891661918328585, 0.6891661918328585, 0.6891661918328585, 0.6891661918328585, 0.6891661918328585, 0.6900731244064578, 0.6900731244064578, 0.6900731244064578, 0.6900731244064578, 0.6900731244064578, 0.6908461538461538, 0.6908461538461538, 0.6908461538461538, 0.6908461538461538, 0.6908461538461538, 0.6908461538461538, 0.6908461538461538, 0.6908461538461538, 0.6908461538461538, 0.6908461538461538, 0.6908461538461538, 0.6908461538461538, 0.6908461538461538, 0.6908461538461538, 0.6908461538461538, 0.6908461538461538, 0.6908461538461538, 0.6908461538461538, 0.6908461538461538, 0.6908461538461538, 0.6908461538461538, 0.6908461538461538, 0.6908461538461538, 0.6908461538461538, 0.6908461538461538]}