{"task_id": "svm-3899", "max_evals": 50, "batch_size": 5, "n_repeat": 3, "scores": [0.5001781113470857, 0.5001781113470857, 0.5089092039820334, 0.5089092039820334, 0.5089092039820334, 0.5089092039820334, 0.5104111918363041, 0.5104111918363041, 0.5104111918363041, 0.5137600005268547, 0.5137600005268547, 0.5137600005268547, 0.5137600005268547, 0.5284116904816023, 0.5286453992688778, 0.5468644607711503, 0.5468644607711503, 0.5468644607711503, 0.5468644607711503, 0.5468644607711503, 0.5468644607711503, 0.5468644607711503, 0.5468644607711503, 0.5468644607711503, 0.5468644607711503, 0.5468644607711503, 0.5468644607711503, 0.5468644607711503, 0.5468644607711503, 0.5468644607711503, 0.5468644607711503, 0.5468644607711503, 0.5468644607711503, 0.5468644607711503, 0.5468644607711503, 0.5468644607711503, 0.5468644607711503, 0.5468644607711503, 0.5468644607711503, 0.5468644607711503, 0.5468644607711503, 0.5468644607711503, 0.5606369928214388, 0.5606369928214388, 0.5606369928214388, 0.5606369928214388, 0.5606369928214388, 0.5606369928214388, 0.5606369928214388, 0.5606369928214388]}