{"task_id": "svm-3492", "max_evals": 50, "batch_size": 5, "n_repeat": 3, "scores": [0.631637260528354, 0.750934266024654, 0.7924950192697106, 0.7924950192697106, 0.8642846061607085, 0.8642846061607085, 0.8642846061607085, 0.8642846061607085, 0.8994302196187117, 0.8994302196187117, 0.8994302196187117, 0.8994302196187117, 0.8994302196187117, 0.8994302196187117, 0.8994302196187117, 0.8994302196187117, 0.8994302196187117, 0.8994302196187117, 0.8994302196187117, 0.8994302196187117, 0.8994302196187117, 0.8999748922202625, 0.8999748922202625, 0.8999748922202625, 0.8999748922202625, 0.8999748922202625, 0.8999748922202625, 0.8999748922202625, 0.8999748922202625, 0.8999748922202625, 0.8999748922202625, 0.8999748922202625, 0.8999748922202625, 0.945405188824501, 0.945405188824501, 0.945405188824501, 0.945405188824501, 0.945405188824501, 0.945405188824501, 0.945405188824501, 0.945405188824501, 0.9464031428758061, 0.9464031428758061, 0.9464031428758061, 0.9464031428758061, 0.9464031428758061, 0.9464031428758061, 0.9464031428758061, 0.9464031428758061, 0.9464031428758061]}