{"task_id": "svm-9952", "max_evals": 50, "batch_size": 5, "n_repeat": 3, "scores": [0.675439532152259, 0.8132957939519617, 0.8132957939519617, 0.9006328487608878, 0.9101510879809472, 0.9101510879809472, 0.9101510879809472, 0.9101510879809472, 0.9291890414753468, 0.9291890414753468, 0.9329397520791396, 0.9329397520791396, 0.9329397520791396, 0.9329397520791396, 0.9329397520791396, 0.9330592162282526, 0.9330592162282526, 0.9330592162282526, 0.9330592162282526, 0.9330592162282526, 0.9330592162282526, 0.9330592162282526, 0.9330592162282526, 0.9330592162282526, 0.9330592162282526, 0.9330592162282526, 0.9336297674702033, 0.933907912041667, 0.9345270433926062, 0.9345270433926062, 0.9345270433926062, 0.9345270433926062, 0.9345270433926062, 0.9345270433926062, 0.9345270433926062, 0.9345270433926062, 0.9346595386442539, 0.9346595386442539, 0.9346595386442539, 0.9349615412289806, 0.9349615412289806, 0.9349615412289806, 0.9349615412289806, 0.9349615412289806, 0.9349615412289806, 0.9349615412289806, 0.9349615412289806, 0.9349615412289806, 0.9349615412289806, 0.935282410108722]}