{"task_id": "svm-146064", "max_evals": 50, "batch_size": 5, "n_repeat": 3, "scores": [0.7024270562134319, 0.7024270562134319, 0.8660108607915046, 0.8663084798391236, 0.8663084798391236, 0.8663084798391236, 0.9156215006578763, 0.9156215006578763, 0.9347497212190774, 0.9347497212190774, 0.9347497212190774, 0.9347497212190774, 0.9347497212190774, 0.9347497212190774, 0.9347497212190774, 0.9347497212190774, 0.9347497212190774, 0.9347497212190774, 0.9347497212190774, 0.9347497212190774, 0.9347497212190774, 0.9347497212190774, 0.9347497212190774, 0.9347497212190774, 0.9347497212190774, 0.9347497212190774, 0.9347497212190774, 0.9347497212190774, 0.9347497212190774, 0.9347497212190774, 0.9347497212190774, 0.9347497212190774, 0.9347497212190774, 0.9347497212190774, 0.9347497212190774, 0.9347497212190774, 0.9347497212190774, 0.9347497212190774, 0.9347497212190774, 0.9347922382258802, 0.9347922382258802, 0.961619332232207, 0.961619332232207, 0.961619332232207, 0.961619332232207, 0.961619332232207, 0.961619332232207, 0.961619332232207, 0.961619332232207, 0.961619332232207]}