{"task_id": "svm-3913", "max_evals": 50, "batch_size": 5, "n_repeat": 3, "scores": [0.6858084327596523, 0.6900142540386444, 0.7031723154893886, 0.7154109034596838, 0.7154109034596838, 0.7154109034596838, 0.7168762538274733, 0.7168762538274733, 0.7289501284623237, 0.7289501284623237, 0.7289501284623237, 0.7289501284623237, 0.7618787174884737, 0.7618787174884737, 0.7642147960440644, 0.8135133565621371, 0.8135133565621371, 0.8135133565621371, 0.8135133565621371, 0.8135133565621371, 0.8157236124309296, 0.8157236124309296, 0.8157236124309296, 0.8157236124309296, 0.8157236124309296, 0.8157236124309296, 0.8157236124309296, 0.8157236124309296, 0.8157236124309296, 0.8157236124309296, 0.8157236124309296, 0.8157236124309296, 0.8157236124309296, 0.8157236124309296, 0.8157236124309296, 0.8157236124309296, 0.8157236124309296, 0.8157236124309296, 0.8157236124309296, 0.8157236124309296, 0.8157236124309296, 0.8593216133460037, 0.8593216133460037, 0.8593216133460037, 0.8593216133460037, 0.8593216133460037, 0.8593216133460037, 0.8603220356878895, 0.8606472389399219, 0.8606472389399219]}