{"task_id": "svm-9971", "max_evals": 50, "batch_size": 5, "n_repeat": 3, "scores": [0.5287285645965704, 0.5491058618569379, 0.5491058618569379, 0.5491058618569379, 0.5527757851107923, 0.5527757851107923, 0.5527757851107923, 0.5527757851107923, 0.557643016556216, 0.557643016556216, 0.5796677512468402, 0.5796677512468402, 0.5796677512468402, 0.5796677512468402, 0.5911849394229237, 0.5911849394229237, 0.5911849394229237, 0.5911849394229237, 0.5911849394229237, 0.5911849394229237, 0.5911849394229237, 0.5911849394229237, 0.5911849394229237, 0.5911849394229237, 0.5911849394229237, 0.5911849394229237, 0.5911849394229237, 0.5911849394229237, 0.5911849394229237, 0.5911849394229237, 0.5993426333948213, 0.5993426333948213, 0.5993426333948213, 0.5993426333948213, 0.5993426333948213, 0.5993426333948213, 0.5993426333948213, 0.5993426333948213, 0.5993426333948213, 0.5993426333948213, 0.5993426333948213, 0.5993426333948213, 0.5993426333948213, 0.5993426333948213, 0.5993426333948213, 0.5993426333948213, 0.5993426333948213, 0.5993426333948213, 0.5993426333948213, 0.5993426333948213]}