{"task_id": "svm-145878", "max_evals": 50, "batch_size": 5, "n_repeat": 3, "scores": [0.5, 0.5, 0.5, 0.5, 0.5, 0.7896575734670973, 0.7896575734670973, 0.7896575734670973, 0.9368901028424838, 0.9368901028424838, 0.9368901028424838, 0.9368901028424838, 0.9368901028424838, 0.9368901028424838, 0.9368901028424838, 0.9368901028424838, 0.9368901028424838, 0.9368901028424838, 0.9368901028424838, 0.942042018827733, 0.942042018827733, 0.942042018827733, 0.942042018827733, 0.942042018827733, 0.942042018827733, 0.942042018827733, 0.942042018827733, 0.942042018827733, 0.942042018827733, 0.942042018827733, 0.942042018827733, 0.942042018827733, 0.942042018827733, 0.942042018827733, 0.9422972926544354, 0.9422972926544354, 0.9422972926544354, 0.9422972926544354, 0.9422972926544354, 0.9422972926544354, 0.9422972926544354, 0.9422972926544354, 0.9422972926544354, 0.9422972926544354, 0.9422972926544354, 0.9422972926544354, 0.9429213907785335, 0.9429213907785335, 0.9429213907785335, 0.9429213907785335]}