{"task_id": "svm-10101", "max_evals": 50, "batch_size": 5, "n_repeat": 3, "scores": [0.5063840155945419, 0.5190555364445973, 0.5190555364445973, 0.5190555364445973, 0.5190555364445973, 0.5190555364445973, 0.5190555364445973, 0.5190555364445973, 0.5190555364445973, 0.5190555364445973, 0.5190555364445973, 0.5328135152696556, 0.5328135152696556, 0.5328135152696556, 0.5328135152696556, 0.5328135152696556, 0.5328135152696556, 0.5328135152696556, 0.5328135152696556, 0.5328135152696556, 0.5328135152696556, 0.5328135152696556, 0.5328135152696556, 0.5328135152696556, 0.5328135152696556, 0.5328135152696556, 0.5328135152696556, 0.5328135152696556, 0.5328135152696556, 0.5328135152696556, 0.5328135152696556, 0.5328135152696556, 0.5328135152696556, 0.5328135152696556, 0.5328135152696556, 0.5328135152696556, 0.5491113404426098, 0.5491113404426098, 0.5491113404426098, 0.5491113404426098, 0.5491113404426098, 0.5491113404426098, 0.5491113404426098, 0.5491113404426098, 0.5491113404426098, 0.5613843978137064, 0.5613843978137064, 0.5613843978137064, 0.5613843978137064, 0.5613843978137064]}