{"task_id": "svm-3494", "max_evals": 50, "batch_size": 5, "n_repeat": 3, "scores": [0.6589249458502332, 0.7499995029449051, 0.9135371785515464, 0.9135371785515464, 0.9382806688841171, 0.9382806688841171, 0.9382806688841171, 0.9382806688841171, 0.9382806688841171, 0.9382806688841171, 0.9778818084852569, 0.9778818084852569, 0.9778818084852569, 0.9778818084852569, 0.9778818084852569, 0.9778818084852569, 0.9778818084852569, 0.9778818084852569, 0.9778818084852569, 0.9778818084852569, 0.9778818084852569, 0.9778818084852569, 0.9778818084852569, 0.9778818084852569, 0.9778818084852569, 0.9778818084852569, 0.9778818084852569, 0.9778818084852569, 0.9778818084852569, 0.9778818084852569, 0.9778818084852569, 0.9778818084852569, 0.9778818084852569, 0.9778818084852569, 0.9778818084852569, 0.9778818084852569, 0.9778818084852569, 0.9778818084852569, 0.9778818084852569, 0.9778818084852569, 0.9778818084852569, 0.9832821074200385, 0.9832821074200385, 0.9832821074200385, 0.9832821074200385, 0.9832821074200385, 0.9832821074200385, 0.9832821074200385, 0.9832821074200385, 0.9832821074200385]}