{"task_id": "xgb-9967", "max_evals": 50, "batch_size": 5, "n_repeat": 3, "scores": [0.6968688679425754, 0.8475487141880165, 0.8475487141880165, 0.8475487141880165, 0.8475487141880165, 0.8475487141880165, 0.8601924142164407, 0.8601924142164407, 0.9255608020097869, 0.9255608020097869, 0.9255608020097869, 0.9255608020097869, 0.9255608020097869, 0.9255608020097869, 0.9255608020097869, 0.9255608020097869, 0.932663303500583, 0.932663303500583, 0.932663303500583, 0.9363140452117175, 0.9363140452117175, 0.9363140452117175, 0.9415541203749882, 0.9415541203749882, 0.9415541203749882, 0.9415541203749882, 0.9415541203749882, 0.9415541203749882, 0.9415541203749882, 0.9538691443200856, 0.9542295470309408, 0.9542295470309408, 0.9542295470309408, 0.9542295470309408, 0.9542295470309408, 0.9542295470309408, 0.9542295470309408, 0.9542295470309408, 0.9542295470309408, 0.9542295470309408, 0.9542295470309408, 0.9542295470309408, 0.9542295470309408, 0.9542295470309408, 0.9723911468192611, 0.9723911468192611, 0.9723911468192611, 0.9723911468192611, 0.9723911468192611, 0.9723911468192611]}