{"task_id": "xgb-3", "max_evals": 50, "batch_size": 5, "n_repeat": 3, "scores": [0.5, 0.9180786761819798, 0.9251994389667373, 0.9795729889084774, 0.9795729889084774, 0.9795729889084774, 0.9795729889084774, 0.9795729889084774, 0.9795729889084774, 0.9795729889084774, 0.9795729889084774, 0.9795729889084774, 0.9795729889084774, 0.9891716750930399, 0.9891716750930399, 0.9891716750930399, 0.9891716750930399, 0.9891716750930399, 0.9891716750930399, 0.9891716750930399, 0.9891716750930399, 0.9891716750930399, 0.9891716750930399, 0.9891716750930399, 0.9891716750930399, 0.9891716750930399, 0.9891716750930399, 0.9891716750930399, 0.9891716750930399, 0.9891716750930399, 0.9891716750930399, 0.9891716750930399, 0.9891716750930399, 0.9891716750930399, 0.9891716750930399, 0.9891716750930399, 0.9891716750930399, 0.9891716750930399, 0.9891716750930399, 0.9891716750930399, 0.9891716750930399, 0.9891716750930399, 0.989889912049691, 0.989889912049691, 0.989889912049691, 0.9950325838390816, 0.9950325838390816, 0.9950325838390816, 0.9950325838390816, 0.9950325838390816]}