{"task_id": "xgb-3918", "max_evals": 50, "batch_size": 5, "n_repeat": 3, "scores": [0.7436184997243857, 0.802939127013763, 0.802939127013763, 0.802939127013763, 0.802939127013763, 0.802939127013763, 0.802939127013763, 0.8143992385042141, 0.8143992385042141, 0.8143992385042141, 0.8143992385042141, 0.8143992385042141, 0.8143992385042141, 0.8143992385042141, 0.8143992385042141, 0.8143992385042141, 0.8143992385042141, 0.8158064275934421, 0.8158064275934421, 0.8301312057683415, 0.8301312057683415, 0.8301312057683415, 0.8301312057683415, 0.8301312057683415, 0.8301312057683415, 0.8301312057683415, 0.8301312057683415, 0.8301312057683415, 0.8301312057683415, 0.8301312057683415, 0.8301312057683415, 0.8301312057683415, 0.8368850354742344, 0.8368850354742344, 0.8368850354742344, 0.8368850354742344, 0.8368850354742344, 0.8368850354742344, 0.8371695406131084, 0.8371695406131084, 0.8371695406131084, 0.8371695406131084, 0.8371695406131084, 0.8371695406131084, 0.8371695406131084, 0.8371695406131084, 0.8371695406131084, 0.8371695406131084, 0.8409828541199901, 0.8409828541199901]}