{"task_id": "xgb-145872", "max_evals": 50, "batch_size": 5, "n_repeat": 3, "scores": [0.6753780695104069, 0.7834146819955962, 0.8121305439688052, 0.8121305439688052, 0.8121305439688052, 0.8121305439688052, 0.8121305439688052, 0.8121305439688052, 0.8121305439688052, 0.8121305439688052, 0.8121305439688052, 0.8121305439688052, 0.8121305439688052, 0.8121305439688052, 0.8121305439688052, 0.8121305439688052, 0.8121305439688052, 0.8121305439688052, 0.8121305439688052, 0.8121305439688052, 0.8538858719993918, 0.8538858719993918, 0.8538858719993918, 0.8538858719993918, 0.8538858719993918, 0.8538858719993918, 0.8538858719993918, 0.8538858719993918, 0.8538858719993918, 0.8538858719993918, 0.8538858719993918, 0.8538858719993918, 0.8538858719993918, 0.8538858719993918, 0.8717086368374277, 0.8717086368374277, 0.8717086368374277, 0.8717086368374277, 0.8717086368374277, 0.878902600593129, 0.878902600593129, 0.878902600593129, 0.878902600593129, 0.878902600593129, 0.878902600593129, 0.878902600593129, 0.878902600593129, 0.878902600593129, 0.878902600593129, 0.878902600593129]}