{"task_id": "xgb-10093", "max_evals": 2, "batch_size": 5, "n_repeat": 2, "scores": [0.9209086426946651, 0.9973831280884775]}