{"task_id": "xgb-10093", "max_evals": 50, "batch_size": 5, "n_repeat": 3, "scores": [0.9435681696790411, 0.9435681696790411, 0.9728305488012131, 0.9796860818215434, 0.9796860818215434, 0.9950677737562983, 0.9950677737562983, 0.9992252426894358, 0.9992252426894358, 0.9992252426894358, 0.9992252426894358, 0.9992252426894358, 0.9992252426894358, 0.9992252426894358, 0.9992252426894358, 0.9992394361462523, 0.9992394361462523, 0.9992394361462523, 0.9992394361462523, 0.9992394361462523, 0.9992394361462523, 0.9992394361462523, 0.9992394361462523, 0.9992394361462523, 0.9992394361462523, 0.9992394361462523, 0.9992394361462523, 0.9992394361462523, 0.9992394361462523, 0.9992394361462523, 0.9992394361462523, 0.9992394361462523, 0.9992680098158959, 0.9992680098158959, 0.9992967702415502, 0.9992967702415502, 0.9992967702415502, 0.9995832539620287, 0.9995832539620287, 0.9995832539620287, 0.9995832539620287, 0.9995832539620287, 0.9995832539620287, 0.9995832539620287, 0.9995832539620287, 0.9995832539620287, 0.9995832539620287, 0.9995832539620287, 0.9995832539620287, 0.9995976341748559]}