{"task_id": "xgb-10101", "max_evals": 2, "batch_size": 5, "n_repeat": 2, "scores": [0.8097351221190231, 0.8097351221190231]}