{"task_id": "xgb-145878", "max_evals": 50, "batch_size": 5, "n_repeat": 3, "scores": [0.8225580063675301, 0.9823719622529147, 0.9823719622529147, 0.9823719622529147, 0.9823719622529147, 0.9872367094986142, 0.9872367094986142, 0.9885624384433909, 0.9885624384433909, 0.9885624384433909, 0.9885624384433909, 0.9885624384433909, 0.9893181245562198, 0.9894182184658376, 0.9901159841040794, 0.9901159841040794, 0.9901159841040794, 0.9901159841040794, 0.9901159841040794, 0.9901159841040794, 0.9901159841040794, 0.9901159841040794, 0.9913189720332577, 0.9913189720332577, 0.9913189720332577, 0.9913189720332577, 0.9913189720332577, 0.9913189720332577, 0.9925222176412651, 0.9925222176412651, 0.9925222176412651, 0.9925222176412651, 0.9925222176412651, 0.9925222176412651, 0.9925222176412651, 0.9925222176412651, 0.9925222176412651, 0.9925222176412651, 0.9925222176412651, 0.9932970865113723, 0.9932970865113723, 0.9932970865113723, 0.9932970865113723, 0.9932970865113723, 0.9932970865113723, 0.9932970865113723, 0.9932970865113723, 0.9932970865113723, 0.9932970865113723, 0.9932970865113723]}