{"task_id": "xgb-14951", "max_evals": 50, "batch_size": 5, "n_repeat": 3, "scores": [0.5690570732618704, 0.5802815574073755, 0.5807441410589621, 0.585988933908206, 0.585988933908206, 0.585988933908206, 0.585988933908206, 0.585988933908206, 0.585988933908206, 0.585988933908206, 0.585988933908206, 0.5863171495778854, 0.5863171495778854, 0.5863171495778854, 0.5863171495778854, 0.5863171495778854, 0.586823896533402, 0.586823896533402, 0.586823896533402, 0.586823896533402, 0.586823896533402, 0.586823896533402, 0.586823896533402, 0.586823896533402, 0.586823896533402, 0.586823896533402, 0.586823896533402, 0.5887839331392407, 0.5887839331392407, 0.5887839331392407, 0.5887839331392407, 0.5887839331392407, 0.5887839331392407, 0.5887839331392407, 0.5887839331392407, 0.5887839331392407, 0.5887839331392407, 0.5887839331392407, 0.5976740687877654, 0.5976740687877654, 0.5976740687877654, 0.5976740687877654, 0.5976740687877654, 0.5976740687877654, 0.5976740687877654, 0.5976740687877654, 0.5976740687877654, 0.5976740687877654, 0.5976740687877654, 0.5976740687877654]}