{"task_id": "xgb-3913", "max_evals": 50, "batch_size": 5, "n_repeat": 3, "scores": [0.7007355787843593, 0.8142552704747826, 0.8142552704747826, 0.8142552704747826, 0.8142552704747826, 0.8142552704747826, 0.8198132896913385, 0.8198132896913385, 0.8218838207862599, 0.8218838207862599, 0.8218838207862599, 0.8218838207862599, 0.8218838207862599, 0.8218838207862599, 0.8247997395558371, 0.8247997395558371, 0.8247997395558371, 0.8247997395558371, 0.8247997395558371, 0.8247997395558371, 0.8263023967902017, 0.8263023967902017, 0.8263023967902017, 0.8263023967902017, 0.8263023967902017, 0.8263023967902017, 0.8263023967902017, 0.8263023967902017, 0.8263023967902017, 0.8263023967902017, 0.8263023967902017, 0.8263023967902017, 0.8274321613346004, 0.8274321613346004, 0.8274321613346004, 0.8274321613346004, 0.8274321613346004, 0.8274321613346004, 0.8275326435082532, 0.8275326435082532, 0.8275326435082532, 0.8275326435082532, 0.8275326435082532, 0.8275326435082532, 0.8275326435082532, 0.8275326435082532, 0.8275326435082532, 0.8275326435082532, 0.8275326435082532, 0.8275326435082532]}