{"task_id": "xgb-9914", "max_evals": 50, "batch_size": 5, "n_repeat": 3, "scores": [0.8724329049116681, 0.8767718381832008, 0.8767718381832008, 0.8767718381832008, 0.9636880424412396, 0.9636880424412396, 0.9636880424412396, 0.9636880424412396, 0.9645397283124663, 0.9645397283124663, 0.9645397283124663, 0.9645397283124663, 0.9645397283124663, 0.9645397283124663, 0.9730017245342495, 0.9730017245342495, 0.9739448466418787, 0.9739448466418787, 0.9739448466418787, 0.9739448466418787, 0.9739448466418787, 0.9739448466418787, 0.9830756034034568, 0.9830756034034568, 0.9830756034034568, 0.9830756034034568, 0.9830756034034568, 0.9901052584496921, 0.9901052584496921, 0.9901052584496921, 0.9906096059741919, 0.9906096059741919, 0.9906096059741919, 0.9906096059741919, 0.9906096059741919, 0.9906096059741919, 0.9906096059741919, 0.9906096059741919, 0.9906096059741919, 0.9906096059741919, 0.9906096059741919, 0.9906096059741919, 0.9906096059741919, 0.9906096059741919, 0.9906096059741919, 0.9906096059741919, 0.9906096059741919, 0.9906096059741919, 0.9906096059741919, 0.9906096059741919]}