{"task_id": "xgb-125923", "max_evals": 50, "batch_size": 5, "n_repeat": 3, "scores": [0.7734135431631187, 0.7756607243916243, 0.9157515635656552, 0.9157515635656552, 0.9225691814316601, 0.922888460812909, 0.922888460812909, 0.922888460812909, 0.9284019343229869, 0.9349907854831453, 0.9375058406976913, 0.9375058406976913, 0.9375058406976913, 0.9375058406976913, 0.9375058406976913, 0.9375058406976913, 0.9375058406976913, 0.9375058406976913, 0.9375058406976913, 0.9375058406976913, 0.9375058406976913, 0.9375058406976913, 0.9375058406976913, 0.9375058406976913, 0.9375058406976913, 0.9375058406976913, 0.9375058406976913, 0.9375058406976913, 0.9375058406976913, 0.9375058406976913, 0.9375058406976913, 0.9375058406976913, 0.9375058406976913, 0.9378953898393627, 0.9378953898393627, 0.9378953898393627, 0.9378953898393627, 0.9378953898393627, 0.9383159926283865, 0.9383159926283865, 0.9383159926283865, 0.9383159926283865, 0.9383159926283865, 0.9383159926283865, 0.9383159926283865, 0.9383159926283865, 0.9383159926283865, 0.9383159926283865, 0.9383159926283865, 0.9383159926283865]}