{"task_id": "xgb-9952", "max_evals": 50, "batch_size": 5, "n_repeat": 3, "scores": [0.7223403537969185, 0.7223403537969185, 0.8853349270871939, 0.8853349270871939, 0.8944166543342749, 0.8944166543342749, 0.8944166543342749, 0.8944166543342749, 0.8944166543342749, 0.8965242288749891, 0.8965242288749891, 0.8965242288749891, 0.8965242288749891, 0.8965242288749891, 0.8965242288749891, 0.9105713169354964, 0.9105713169354964, 0.9105713169354964, 0.9105713169354964, 0.9105713169354964, 0.9105713169354964, 0.9105713169354964, 0.9105713169354964, 0.9105713169354964, 0.9105713169354964, 0.9105713169354964, 0.9105713169354964, 0.9105713169354964, 0.9105713169354964, 0.9105713169354964, 0.9105713169354964, 0.9105713169354964, 0.9105713169354964, 0.9105713169354964, 0.9210380703341787, 0.9210380703341787, 0.9233684044503709, 0.9233684044503709, 0.923756330693934, 0.923756330693934, 0.923756330693934, 0.923756330693934, 0.923756330693934, 0.923756330693934, 0.923756330693934, 0.923756330693934, 0.923756330693934, 0.923756330693934, 0.923756330693934, 0.923756330693934]}