{"task_id": "xgb-3896", "max_evals": 50, "batch_size": 5, "n_repeat": 3, "scores": [0.741903238772387, 0.7554689354172259, 0.8653452531455059, 0.8653452531455059, 0.8653452531455059, 0.8653452531455059, 0.8776217868432443, 0.8904588166581645, 0.8904588166581645, 0.8904588166581645, 0.8904588166581645, 0.8904588166581645, 0.8904588166581645, 0.8904588166581645, 0.8944454477956373, 0.8944454477956373, 0.8961948170045847, 0.8961948170045847, 0.8961948170045847, 0.8961948170045847, 0.8961948170045847, 0.8961948170045847, 0.8961948170045847, 0.8961948170045847, 0.8961948170045847, 0.8961948170045847, 0.8980221684788093, 0.899936796418836, 0.899936796418836, 0.899936796418836, 0.899936796418836, 0.899936796418836, 0.899936796418836, 0.899936796418836, 0.899936796418836, 0.899936796418836, 0.899936796418836, 0.899936796418836, 0.899936796418836, 0.9007187841978674, 0.9007187841978674, 0.9007187841978674, 0.9007187841978674, 0.9007187841978674, 0.9007187841978674, 0.9007187841978674, 0.9007187841978674, 0.9007187841978674, 0.9007187841978674, 0.9007187841978674]}