{"task_id": "xgb-3917", "max_evals": 50, "batch_size": 5, "n_repeat": 3, "scores": [0.7241633466356491, 0.7909820539206643, 0.791101876011702, 0.791101876011702, 0.791101876011702, 0.791101876011702, 0.791101876011702, 0.791101876011702, 0.7912061545283035, 0.7913364314675535, 0.791658280398296, 0.7924815068169613, 0.7924815068169613, 0.7924815068169613, 0.7947066577440337, 0.7947066577440337, 0.7947066577440337, 0.7947066577440337, 0.7947066577440337, 0.7947066577440337, 0.7947066577440337, 0.7947066577440337, 0.7947066577440337, 0.7947066577440337, 0.7947066577440337, 0.7947066577440337, 0.7947066577440337, 0.7947066577440337, 0.7950169090550854, 0.7950169090550854, 0.7950169090550854, 0.7950169090550854, 0.7950169090550854, 0.7950169090550854, 0.7950169090550854, 0.7950169090550854, 0.7950169090550854, 0.7950169090550854, 0.7950169090550854, 0.7950169090550854, 0.7950169090550854, 0.7950169090550854, 0.7950169090550854, 0.7950169090550854, 0.7950169090550854, 0.7950169090550854, 0.7950169090550854, 0.7950169090550854, 0.7950169090550854, 0.7950169090550854]}