{"task_id": "xgb-37", "max_evals": 50, "batch_size": 5, "n_repeat": 3, "scores": [0.6059962013295347, 0.7021771130104465, 0.8033575498575499, 0.8048276353276353, 0.8048276353276353, 0.8048276353276353, 0.8048276353276353, 0.8048276353276353, 0.8048276353276353, 0.8048276353276353, 0.8048276353276353, 0.8048276353276353, 0.8048276353276353, 0.8048276353276353, 0.8116571699905033, 0.8116571699905033, 0.8119905033238366, 0.8119905033238366, 0.8119905033238366, 0.8197673314339982, 0.8202041785375119, 0.8202041785375119, 0.8202041785375119, 0.8202041785375119, 0.8202041785375119, 0.8202041785375119, 0.8202041785375119, 0.8202041785375119, 0.8202041785375119, 0.8202041785375119, 0.8202041785375119, 0.8202041785375119, 0.8202041785375119, 0.8202041785375119, 0.8202041785375119, 0.8202041785375119, 0.8202041785375119, 0.8202041785375119, 0.8202041785375119, 0.8202041785375119, 0.8202041785375119, 0.8202041785375119, 0.82164767331434, 0.82164767331434, 0.82164767331434, 0.82164767331434, 0.82164767331434, 0.82164767331434, 0.82164767331434, 0.8270275403608737]}