{"task_id": "xgb-3485", "max_evals": 50, "batch_size": 5, "n_repeat": 3, "scores": [0.6299297216954787, 0.915283362740999, 0.915283362740999, 0.915283362740999, 0.915283362740999, 0.9394018554526061, 0.9394018554526061, 0.9394018554526061, 0.9394018554526061, 0.9394018554526061, 0.9394018554526061, 0.9394018554526061, 0.9394018554526061, 0.9394018554526061, 0.9676966544819164, 0.9676966544819164, 0.9676966544819164, 0.9676966544819164, 0.9676966544819164, 0.9676966544819164, 0.9676966544819164, 0.9676966544819164, 0.9676966544819164, 0.9676966544819164, 0.9676966544819164, 0.9676966544819164, 0.9676966544819164, 0.9676966544819164, 0.9676966544819164, 0.9676966544819164, 0.9676966544819164, 0.9676966544819164, 0.9676966544819164, 0.9676966544819164, 0.9676966544819164, 0.9676966544819164, 0.9676966544819164, 0.9676966544819164, 0.9676966544819164, 0.9676966544819164, 0.9676966544819164, 0.9676966544819164, 0.9676966544819164, 0.9676966544819164, 0.9676966544819164, 0.9676966544819164, 0.9676966544819164, 0.9676966544819164, 0.9676966544819164, 0.9676966544819164]}