{"task_id": "xgb-146064", "max_evals": 50, "batch_size": 5, "n_repeat": 3, "scores": [0.5387136301708613, 0.693080750818846, 0.693080750818846, 0.693080750818846, 0.7184777511827777, 0.7184777511827777, 0.7184777511827777, 0.753011621315193, 0.753011621315193, 0.8204331835614905, 0.8204331835614905, 0.8204331835614905, 0.8204331835614905, 0.8334175508337767, 0.8334175508337767, 0.8334175508337767, 0.8334175508337767, 0.8334175508337767, 0.8334175508337767, 0.8334175508337767, 0.8334175508337767, 0.8334175508337767, 0.8334175508337767, 0.8334175508337767, 0.8334175508337767, 0.8334175508337767, 0.8334175508337767, 0.8334175508337767, 0.8334175508337767, 0.8334175508337767, 0.8334175508337767, 0.8334175508337767, 0.8334175508337767, 0.8334175508337767, 0.8334175508337767, 0.8334175508337767, 0.8334175508337767, 0.8334175508337767, 0.8334175508337767, 0.8334175508337767, 0.8334175508337767, 0.8334175508337767, 0.8334175508337767, 0.8334175508337767, 0.8350890115991527, 0.8350890115991527, 0.8350890115991527, 0.8350890115991527, 0.8350890115991527, 0.8350890115991527]}