{"task_id": "xgb-145857", "max_evals": 50, "batch_size": 5, "n_repeat": 3, "scores": [0.6296238515667568, 0.7762588201435837, 0.8925916848504012, 0.8925916848504012, 0.8925916848504012, 0.8935898251800757, 0.8935898251800757, 0.8935898251800757, 0.8935898251800757, 0.8935898251800757, 0.8935898251800757, 0.8935898251800757, 0.8935898251800757, 0.9051295542588434, 0.9051295542588434, 0.9051295542588434, 0.9051295542588434, 0.9051295542588434, 0.9051295542588434, 0.9051295542588434, 0.921142286977172, 0.921142286977172, 0.921142286977172, 0.921142286977172, 0.921142286977172, 0.921142286977172, 0.921142286977172, 0.921142286977172, 0.921142286977172, 0.921142286977172, 0.921142286977172, 0.9417420059546414, 0.9417420059546414, 0.9417420059546414, 0.9417420059546414, 0.9417420059546414, 0.9417420059546414, 0.9417420059546414, 0.9417420059546414, 0.9417420059546414, 0.9417420059546414, 0.9417420059546414, 0.9417420059546414, 0.9417420059546414, 0.9417420059546414, 0.9417420059546414, 0.9417420059546414, 0.9417420059546414, 0.9417420059546414, 0.9417420059546414]}