{"task_id": "xgb-3492", "max_evals": 50, "batch_size": 5, "n_repeat": 3, "scores": [0.5, 0.508884713007288, 0.5684621791103273, 0.5944996757276299, 0.5944996757276299, 0.5944996757276299, 0.6292429523249629, 0.6801482904547278, 0.6801482904547278, 0.6801482904547278, 0.6801482904547278, 0.6805522020193537, 0.6805522020193537, 0.6824313779009548, 0.7041521735580378, 0.7041521735580378, 0.7041521735580378, 0.7041521735580378, 0.7041521735580378, 0.7041521735580378, 0.714733513432808, 0.714733513432808, 0.714733513432808, 0.714733513432808, 0.714733513432808, 0.7264894658137604, 0.7264894658137604, 0.7264894658137604, 0.7264894658137604, 0.7264894658137604, 0.7264894658137604, 0.7264894658137604, 0.7264894658137604, 0.7457442750762856, 0.7457442750762856, 0.7457442750762856, 0.7457442750762856, 0.7457442750762856, 0.7457442750762856, 0.7457442750762856, 0.7457442750762856, 0.7457442750762856, 0.7457442750762856, 0.7513519125071153, 0.7513519125071153, 0.7513519125071153, 0.7774490145852578, 0.7774490145852578, 0.7774490145852578, 0.7774490145852578]}