{"task_id": "xgb-125923", "max_evals": 2, "batch_size": 5, "n_repeat": 2, "scores": [0.9194033781724784, 0.926962420007836]}