{"task_id": "xgb-146064", "max_evals": 50, "batch_size": 2, "n_repeat": 1, "experiments": [{"colsample_bylevel": [0.6725608545025867, 0.05470950576033419, 0.38831697944402915, 0.1452275277034023, 0.6058026039990984, 0.7659245813416325, 0.39839030628351624, 0.13074097310098937, 0.10520820270208206, 0.31173324352599985, 0.8699209456143197, 0.6094461131167189, 0.5267882640387167, 0.4773947810883317, 0.9128126664542912, 0.6385652084441884, 0.20277889106188685, 0.8591413406543592, 0.8415320526360025, 0.9751449745046943, 0.30737156429576906, 0.2810677789746388, 0.25823908337897994, 0.3412151178983354, 0.23716495610118, 0.46647294409059303, 0.30380385458944786, 0.41805303072640704, 0.5398099855310309, 0.06109746688798248, 0.19732218345770763, 0.36457534627302174, 0.05479419699982491, 0.27656182787445677, 0.7074132117345877, 0.1830085892903237, 0.44483525345526476, 0.09786866660559884, 0.5772740001952914, 0.3430537364700307, 0.16703611892235742, 0.3944595795587559, 0.7069020027249695, 0.49265569661145037, 0.11827612515933075, 0.22064940642733738, 0.30875228101598956, 0.5563669141946347, 0.2688800001934362, 0.41612302705635695], "colsample_bytree": [0.8131555898986501, 0.692064682544658, 0.9592437048772878, 0.9435313730737913, 0.5415463048477545, 0.9381343944465712, 0.3084920595278204, 0.7667878111041416, 0.8538248360967818, 0.968725620042726, 0.9888448267004497, 0.6102255229606648, 0.2407425629009703, 0.7616975382768246, 0.27827089201332494, 0.5083470005902729, 0.8309336464725873, 0.6881351263025972, 0.7066818293422168, 0.7941878886799814, 0.419846356725044, 0.40624109003462044, 0.0735250000637438, 0.392209642625779, 0.15287728438406234, 0.4353579849801567, 0.3764147305708894, 0.48610131081523156, 0.14675353045963108, 0.5796967897545611, 0.3305849004967587, 0.4513683804682484, 0.2393529450535475, 0.6129536459185474, 0.17725098306199688, 0.08136577533071587, 0.39438282046726514, 0.5679823463794825, 0.34261785063793115, 0.6535559817753839, 0.43326548480111904, 0.8914208571231921, 0.2721252907381566, 0.541558834636952, 0.4738648736756655, 0.19214254013148735, 0.5217357325851576, 0.10488509168188609, 0.7258841261761053, 0.6404827475607688], "learning_rate": [0.023277635184061056, 0.12743351232655598, 0.09033013368211165, 0.004137259145330603, 0.010516143584657005, 0.006175744384840515, 0.011299353643131053, 0.2847146291355004, 0.398712606854907, 0.14942785306920447, 0.0010432584839688442, 0.13955489589051284, 0.12467564509347213, 0.09137434456079431, 0.20220296210589428, 0.03729526695347975, 0.5030020510877363, 0.09793304166112966, 0.006922538127201904, 0.036448956778168895, 0.9736663323472456, 0.6672084122200065, 0.9279034305953828, 0.7591020924839118, 0.9225015186710971, 0.5150518464991939, 0.002543188463368478, 0.06059282463366698, 0.25142406452597554, 0.02275162787769167, 0.7029970641185854, 0.3566669156085991, 0.9944970194068491, 0.05876403272386281, 0.017805410744605777, 0.001234494909124577, 0.5279151280810981, 0.2000749153092158, 0.0023733090560601935, 0.35115531476987955, 0.05871122199497341, 0.21054425071345054, 0.6414247952807488, 0.3198993855178692, 0.01461538791152054, 0.15639934866844443, 0.0778896764580914, 0.44111790798316236, 0.007858133170244076, 0.003593684727796186], "max_depth": [2.0, 14.0, 11.0, 7.0, 13.0, 4.0, 4.0, 7.0, 15.0, 14.0, 5.0, 2.0, 11.0, 2.0, 6.0, 11.0, 11.0, 7.0, 4.0, 12.0, 9.0, 9.0, 10.0, 9.0, 9.0, 9.0, 8.0, 8.0, 10.0, 6.0, 13.0, 10.0, 12.0, 6.0, 8.0, 3.0, 12.0, 14.0, 7.0, 9.0, 5.0, 15.0, 13.0, 10.0, 5.0, 8.0, 7.0, 3.0, 11.0, 14.0], "min_child_weight": [2.5938564866755045, 2.0228709969218572, 24.67514129387061, 31.59692916518581, 3.721709222018006, 4.811249934934902, 11.14730597049306, 5.180775378187398, 61.81495620445454, 4.206070432496079, 11.735651600095487, 6.456362264587404, 4.075356240793311, 1.4233414988589235, 17.514148751879663, 28.960452057413384, 7.00513846861788, 5.171846887742294, 1.0652641359700044, 3.0386883428527844, 1.1337967239968256, 1.0014205108566976, 1.3763384205887186, 1.044641681791509, 1.9401054448875352, 83.86172551630872, 1.5426711596702776, 1.0157532075547826, 2.399945907757217, 1.6935234647738748, 2.739116678623979, 52.486348286430996, 1.2004844913958674, 2.2012043595924706, 15.266446828925845, 3.2726750635133803, 8.086082733602474, 1.9337666972479424, 51.86397110733031, 20.385513712269685, 9.102994529558904, 13.059854587723498, 1.3069241089068828, 36.13911097369708, 3.662051675222096, 5.671723458782985, 1.742150554729664, 4.477961061744816, 95.2044991999193, 2.502583640911376], "n_estimators": [3170.0, 105.0, 3832.0, 4945.0, 1382.0, 3530.0, 885.0, 2492.0, 1835.0, 2117.0, 3923.0, 2604.0, 2158.0, 1142.0, 2240.0, 1001.0, 1929.0, 453.0, 583.0, 946.0, 1380.0, 1464.0, 1587.0, 48.0, 2865.0, 1453.0, 355.0, 1653.0, 3055.0, 705.0, 1283.0, 27.0, 3476.0, 2723.0, 1798.0, 4650.0, 2416.0, 4354.0, 248.0, 1264.0, 718.0, 3491.0, 2322.0, 2001.0, 3212.0, 1569.0, 1087.0, 3860.0, 811.0, 1767.0], "reg_alpha": [28.31568467943136, 518.0813792481687, 0.0288336886631189, 0.0017641908090853934, 0.017700804872697713, 22.197805920974723, 6.206000780238826, 0.0035381874019857974, 103.76003083799051, 0.417768041201771, 0.015273780096759497, 1.9918587826891927, 0.603110757425873, 0.6224626206990009, 126.50050237135132, 3.9487974435612685, 0.022054028211335033, 0.0010564886888796419, 0.003022252148414711, 465.8034940252677, 0.28332718335394247, 0.07628276889984836, 0.17737856903316068, 0.1579062497558069, 0.085843864329899, 0.0073451557912501755, 0.0585863245862805, 1.6154533841465324, 14.18975906982497, 0.24405725274445964, 0.10581077419507887, 0.04628463773211906, 0.00860521742954973, 4.979042891279123, 1.3599448398565384, 54.4711881785221, 0.32212064608159297, 9.89994628249232, 0.007260418991580114, 0.03600896698048872, 0.001341535131939509, 2.459577697489112, 0.672535892143404, 28.212551604471095, 0.8818037250284382, 0.01539589944098869, 0.09183561425992164, 3.238212126864374, 0.002521716198159326, 273.5706863881565], "reg_lambda": [3.9432696433783807, 0.02391545672346785, 0.655157881765961, 0.563556422640608, 60.989292976985254, 0.3334782300759956, 0.17752437307731544, 141.33895200801055, 479.9246865890165, 0.1219625107022968, 84.7361087608369, 415.52815162001735, 21.490809758608368, 0.09070225403110342, 0.0025001039153836322, 0.06341326101043036, 0.29156678442217626, 0.06152164135379585, 946.2458110819957, 2.882740912191768, 0.002879765875759085, 0.0013083422130728418, 0.001213595575588004, 0.005594257929857992, 0.010397924835432512, 0.0014478314486003794, 0.005780134710514585, 0.02187876137149765, 5.089411150087196, 0.002614444930588218, 0.027903893571414994, 0.012442076748706359, 0.0034069234198556473, 0.0010648423197283834, 1.049643588043887, 0.03278155933172994, 1.695102228163434, 18.243180796757812, 0.35160886957895593, 0.01067867373967344, 0.001869514979562822, 0.004535184557292252, 11.087816456953714, 0.14339550526278072, 0.017144048101240154, 0.05384424979390464, 0.6613698456418873, 0.0010305781805004818, 52.604076326751866, 0.007279426541627505],