{"task_id": "rf-145972", "max_evals": 50, "batch_size": 5, "n_repeat": 10, "scores": [0.7925619047619048, 0.7925619047619048, 0.7940714285714285, 0.7940714285714285, 0.7953571428571429, 0.7953571428571429, 0.7953571428571429, 0.7955857142857143, 0.7957952380952381, 0.7970666666666667, 0.7971, 0.7971333333333334, 0.7971952380952381, 0.7974095238095238, 0.7981857142857143, 0.7981857142857143, 0.7983619047619047, 0.7985190476190475, 0.7985190476190475, 0.7987333333333332, 0.7992238095238096, 0.7995761904761903, 0.8004190476190475, 0.8005857142857142, 0.8017404761904763, 0.8017404761904763, 0.8021095238095238, 0.8022214285714286, 0.8025285714285715, 0.8027238095238095, 0.8027238095238095, 0.8027238095238095, 0.8027238095238095, 0.803152380952381, 0.803152380952381, 0.803152380952381, 0.803152380952381, 0.8033476190476192, 0.8033476190476192, 0.8038285714285716, 0.8039571428571429, 0.8039571428571429, 0.8039571428571429, 0.8039571428571429, 0.8039571428571429, 0.8039571428571429, 0.8039571428571429, 0.8039571428571429, 0.8039571428571429, 0.8039571428571429]}