{"task_id": "rf-145878", "max_evals": 50, "batch_size": 5, "n_repeat": 10, "scores": [0.9884547086511372, 0.9902677798392083, 0.9903806603449461, 0.9906442314299456, 0.9907512540369682, 0.9908031849103278, 0.9909482409125265, 0.9910565519136949, 0.9910713598570741, 0.991087370301656, 0.9910985707414278, 0.9911642616642615, 0.9911893595822165, 0.9913580189651618, 0.9913580189651618, 0.9913580189651618, 0.9914100185528756, 0.9914884044526902, 0.9914884044526902, 0.9914884044526902, 0.991737554112554, 0.991877800109943, 0.9918934326255755, 0.9919782089603517, 0.992044277812135, 0.992044277812135, 0.992044277812135, 0.992044277812135, 0.992044277812135, 0.992044277812135, 0.992044277812135, 0.992044277812135, 0.992044277812135, 0.992044277812135, 0.992044277812135, 0.9920837370301656, 0.9920837370301656, 0.9920837370301656, 0.9920837370301656, 0.9920837370301656, 0.9920837370301656, 0.9920837370301656, 0.9920837370301656, 0.9920837370301656, 0.9920837370301656, 0.9920837370301656, 0.9921264258228545, 0.9921264258228545, 0.9921264258228545, 0.9921264258228545]}