{"task_id": "rf-145836", "max_evals": 50, "batch_size": 5, "n_repeat": 10, "scores": [0.6578422772617818, 0.7298689943813782, 0.747338607957803, 0.7602981309482857, 0.7717148262813899, 0.7719361311776172, 0.7734502923976608, 0.785714940947139, 0.785714940947139, 0.7921422428620571, 0.798584164660016, 0.8037378167641325, 0.8037378167641325, 0.8048196881091618, 0.8059921453961701, 0.8084611856438482, 0.8155549822268089, 0.8155549822268089, 0.8155549822268089, 0.8155549822268089, 0.817574246072698, 0.8300470129572295, 0.8309373925008599, 0.8315267744524709, 0.8315267744524709, 0.8327227382180942, 0.8339986813438826, 0.834777548446279, 0.83822956083018, 0.8384405458089669, 0.840569028781103, 0.840569028781103, 0.8411440775140464, 0.8424403738103428, 0.8427803577571378, 0.8429790161678705, 0.8429790161678705, 0.844075794060314, 0.8446938424492603, 0.8446938424492603, 0.8454532163742687, 0.8454532163742687, 0.8454532163742687, 0.8454532163742687, 0.8454532163742687, 0.8454532163742687, 0.8454532163742687, 0.8454532163742687, 0.8458109735122117, 0.8458109735122117]}