{"task_id": "rf-3913", "max_evals": 50, "batch_size": 5, "n_repeat": 10, "scores": [0.7866753774680604, 0.8009013831696759, 0.8105340513145392, 0.8135153626860945, 0.8144412416851441, 0.8147040439235562, 0.8147040439235562, 0.8161427515573857, 0.817961038961039, 0.8184396579030725, 0.8199869074015416, 0.8203540280857355, 0.8203540280857355, 0.8203540280857355, 0.8203540280857355, 0.8203540280857355, 0.8203540280857355, 0.8207146552634358, 0.8207146552634358, 0.8214691162496042, 0.8267993876042656, 0.8276308203991132, 0.8281198395100835, 0.8281198395100835, 0.8281198395100835, 0.8281508816386867, 0.828565515785028, 0.828565515785028, 0.8286641326153521, 0.8286641326153521, 0.8288192376728961, 0.8288192376728961, 0.8288192376728961, 0.8288192376728961, 0.8288192376728961, 0.8288192376728961, 0.8288192376728961, 0.8288192376728961, 0.8288192376728961, 0.8288192376728961, 0.8288192376728961, 0.8288192376728961, 0.8288192376728961, 0.8288192376728961, 0.8288192376728961, 0.8288192376728961, 0.8288192376728961, 0.8288192376728961, 0.8288192376728961, 0.8288192376728961]}