{"task_id": "rf-3", "max_evals": 50, "batch_size": 5, "n_repeat": 3, "scores": [0.9951774132530361, 0.9951774132530361, 0.9960676350288883, 0.9960676350288883, 0.9960676350288883, 0.9960676350288883, 0.9960676350288883, 0.9960676350288883, 0.9964449423006929, 0.9964449423006929, 0.9970008328839893, 0.9970008328839893, 0.9970008328839893, 0.9970008328839893, 0.9970008328839893, 0.9970008328839893, 0.9970008328839893, 0.9970008328839893, 0.9970008328839893, 0.9970008328839893, 0.9973598904039972, 0.9973598904039972, 0.9973598904039972, 0.9974761584419408, 0.9974866479258773, 0.9974866479258773, 0.9975021615333414, 0.9975778807085081, 0.9975778807085081, 0.9975778807085081, 0.9975778807085081, 0.9975778807085081, 0.9975778807085081, 0.9975778807085081, 0.9976591423338642, 0.9976591423338642, 0.9978293744592496, 0.9978293744592496, 0.9978293744592496, 0.9978293744592496, 0.9978503143910497, 0.9978503143910497, 0.9978503143910497, 0.9978503143910497, 0.9978503143910497, 0.9978503143910497, 0.9978503143910497, 0.9978503143910497, 0.9978503143910497, 0.9978503143910497]}