{"task_id": "rf-9983", "max_evals": 50, "batch_size": 5, "n_repeat": 3, "scores": [0.5496221583489963, 0.5664879888216557, 0.5750092636331324, 0.5761763615125709, 0.5761763615125709, 0.5762149833311362, 0.5762149833311362, 0.5762149833311362, 0.5790920578266054, 0.5790920578266054, 0.5790920578266054, 0.5790920578266054, 0.5794107358559141, 0.5794107358559141, 0.5820677186510266, 0.5820677186510266, 0.5820677186510266, 0.5828552564601236, 0.5828552564601236, 0.5828552564601236, 0.5828552564601236, 0.5832549117914735, 0.5833603110554019, 0.5833603110554019, 0.5837829160567006, 0.5837829160567006, 0.5837829160567006, 0.5837829160567006, 0.5837829160567006, 0.5837829160567006, 0.5837829160567006, 0.5837829160567006, 0.5837829160567006, 0.5837829160567006, 0.5837829160567006, 0.5837829160567006, 0.5837829160567006, 0.5837829160567006, 0.5837829160567006, 0.5837829160567006, 0.5837829160567006, 0.5837829160567006, 0.5837829160567006, 0.5837829160567006, 0.5837829160567006, 0.5837829160567006, 0.5837829160567006, 0.5837829160567006, 0.5837829160567006, 0.5837829160567006]}