{"task_id": "rf-9970", "max_evals": 50, "batch_size": 5, "n_repeat": 3, "scores": [0.549277086008341, 0.5870298082952611, 0.5870298082952611, 0.5986522340669075, 0.6052373441030389, 0.6052373441030389, 0.6052373441030389, 0.6052373441030389, 0.6052373441030389, 0.6052373441030389, 0.6115129034906984, 0.6115129034906984, 0.6115129034906984, 0.6115129034906984, 0.6115129034906984, 0.6115129034906984, 0.6115129034906984, 0.6115129034906984, 0.6115129034906984, 0.611784171668309, 0.6120814832233469, 0.6127061037455085, 0.6127061037455085, 0.6127061037455085, 0.6139947632058288, 0.6139947632058288, 0.6185805874068102, 0.6185805874068102, 0.6185805874068102, 0.6185805874068102, 0.6185805874068102, 0.6185805874068102, 0.6196992271093992, 0.6196992271093992, 0.6196992271093992, 0.624299690445619, 0.624299690445619, 0.624299690445619, 0.624299690445619, 0.624299690445619, 0.624299690445619, 0.624299690445619, 0.624299690445619, 0.624299690445619, 0.624299690445619, 0.624299690445619, 0.624299690445619, 0.624299690445619, 0.624299690445619, 0.624299690445619]}