{"task_id": "rf-9914", "max_evals": 50, "batch_size": 5, "n_repeat": 3, "scores": [0.9728704478661081, 0.9878880607008323, 0.9890713986108608, 0.9896227984801652, 0.9901580537822053, 0.9902090616764347, 0.9902090616764347, 0.9902090616764347, 0.9902090616764347, 0.9902090616764347, 0.9902090616764347, 0.9902090616764347, 0.9902278116295312, 0.9902278116295312, 0.9902278116295312, 0.9902278116295312, 0.9904034808099907, 0.9904034808099907, 0.9904034808099907, 0.9913044537208839, 0.9913044537208839, 0.9913044537208839, 0.9913044537208839, 0.9913044537208839, 0.9913044537208839, 0.9915230384347371, 0.9915230384347371, 0.9915230384347371, 0.9915230384347371, 0.9915230384347371, 0.9915230384347371, 0.9915230384347371, 0.9915230384347371, 0.9915230384347371, 0.9915230384347371, 0.9915230384347371, 0.9915230384347371, 0.9915230384347371, 0.9915230384347371, 0.9915230384347371, 0.9915230384347371, 0.9915230384347371, 0.9915230384347371, 0.9915230384347371, 0.9915230384347371, 0.9915230384347371, 0.9915230384347371, 0.9915492685641016, 0.9915492685641016, 0.9915492685641016]}