{"task_id": "rf-9952", "max_evals": 50, "batch_size": 5, "n_repeat": 3, "scores": [0.9242905681958703, 0.9512037935147467, 0.9512037935147467, 0.9571906731160785, 0.9581568765000924, 0.9608900593521529, 0.9611032743493553, 0.9611032743493553, 0.96258253765953, 0.96258253765953, 0.96258253765953, 0.96258253765953, 0.96258253765953, 0.96258253765953, 0.96258253765953, 0.96258253765953, 0.96258253765953, 0.9630434693055259, 0.9630434693055259, 0.9630434693055259, 0.9665540938852746, 0.9667211537755804, 0.9668610179260799, 0.9668610179260799, 0.9668610179260799, 0.9674144251850395, 0.9674144251850395, 0.9676472130647013, 0.9676472130647013, 0.9676472130647013, 0.9676472130647013, 0.9676472130647013, 0.9676472130647013, 0.9676472130647013, 0.9676472130647013, 0.9683382594006235, 0.9683382594006235, 0.9683382594006235, 0.9683382594006235, 0.9683382594006235, 0.9683382594006235, 0.9683382594006235, 0.9683382594006235, 0.9683382594006235, 0.9683382594006235, 0.9683382594006235, 0.9683382594006235, 0.9683382594006235, 0.9683382594006235, 0.9683382594006235]}