{"task_id": "svm-10101", "max_evals": 50, "batch_size": 5, "n_repeat": 3, "scores": [0.4906556969766464, 0.526864273974697, 0.526864273974697, 0.526864273974697, 0.526864273974697, 0.526864273974697, 0.5369328823147193, 0.5369328823147193, 0.5648023926919695, 0.5648023926919695, 0.5648023926919695, 0.5648023926919695, 0.5893771738714979, 0.5910130718954248, 0.5910130718954248, 0.5910130718954248, 0.5910130718954248, 0.618637962007415, 0.618637962007415, 0.618637962007415, 0.6386815349921644, 0.6411927149027252, 0.6411927149027252, 0.6427464358062913, 0.6427464358062913, 0.6427464358062913, 0.6427464358062913, 0.6427464358062913, 0.6427617245728701, 0.6427617245728701, 0.6429509230592821, 0.6429509230592821, 0.6429509230592821, 0.6429509230592821, 0.6429509230592821, 0.6429509230592821, 0.6429509230592821, 0.6429509230592821, 0.6429509230592821, 0.6429509230592821, 0.6429509230592821, 0.6429509230592821, 0.6429509230592821, 0.6429509230592821, 0.6429509230592821, 0.6429509230592821, 0.6429509230592821, 0.6429509230592821, 0.6429509230592821, 0.6429509230592821]}