{"task_id": "svm-3899", "max_evals": 50, "batch_size": 5, "n_repeat": 3, "scores": [0.4997872905903096, 0.5, 0.5170861105123399, 0.5170861105123399, 0.5170861105123399, 0.5200663908820046, 0.5200663908820046, 0.5200663908820046, 0.5238856472587553, 0.5238856472587553, 0.5238856472587553, 0.5320196934709834, 0.5320196934709834, 0.5320196934709834, 0.5320196934709834, 0.5320196934709834, 0.5320196934709834, 0.5320196934709834, 0.5320196934709834, 0.5320196934709834, 0.5417250398944493, 0.5497815507907043, 0.5552021165767047, 0.5665815689581369, 0.567166718954501, 0.5677829926185269, 0.568393847338671, 0.568393847338671, 0.568393847338671, 0.568393847338671, 0.568393847338671, 0.568393847338671, 0.568393847338671, 0.568393847338671, 0.568393847338671, 0.568393847338671, 0.5685467635513237, 0.5685467635513237, 0.5685467635513237, 0.5685467635513237, 0.5685467635513237, 0.5685467635513237, 0.5685467635513237, 0.5685467635513237, 0.5685467635513237, 0.5685467635513237, 0.5685467635513237, 0.5685467635513237, 0.5685467635513237, 0.5685467635513237]}