{"task_id": "svm-37", "max_evals": 50, "batch_size": 5, "n_repeat": 3, "scores": [0.5918100664767332, 0.5918100664767332, 0.5918100664767332, 0.5918100664767332, 0.6473770180436847, 0.6473770180436847, 0.6473770180436847, 0.7229297245963912, 0.7229297245963912, 0.7229297245963912, 0.7229297245963912, 0.7260170940170939, 0.7260170940170939, 0.7260170940170939, 0.7260170940170939, 0.7260170940170939, 0.7260170940170939, 0.7260170940170939, 0.7398119658119658, 0.7441699905033238, 0.7511320037986704, 0.7511320037986704, 0.7554444444444445, 0.7554444444444445, 0.7554444444444445, 0.7554444444444445, 0.7554444444444445, 0.7554444444444445, 0.7554444444444445, 0.7554444444444445, 0.7554444444444445, 0.7554444444444445, 0.7755698005698006, 0.7755698005698006, 0.7755698005698006, 0.7755698005698006, 0.7755698005698006, 0.7755698005698006, 0.7755698005698006, 0.7755698005698006, 0.7755698005698006, 0.7755698005698006, 0.7755698005698006, 0.7755698005698006, 0.7755698005698006, 0.7755698005698006, 0.7755698005698006, 0.7755698005698006, 0.7755698005698006, 0.7755698005698006]}