{"task_id": "svm-3902", "max_evals": 50, "batch_size": 5, "n_repeat": 3, "scores": [0.48403969226579524, 0.6565465856481482, 0.6816980698529411, 0.6816980698529411, 0.7004063691448802, 0.7004063691448802, 0.7004063691448802, 0.7004063691448802, 0.7004063691448802, 0.7004063691448802, 0.7004063691448802, 0.7004063691448802, 0.7004063691448802, 0.7004063691448802, 0.7004063691448802, 0.7004063691448802, 0.7004063691448802, 0.7004063691448802, 0.7004063691448802, 0.7004063691448802, 0.7004063691448802, 0.7026445908224401, 0.7062563827614379, 0.7166109238834423, 0.7177474809368191, 0.7202354813453158, 0.7211197065631808, 0.7212567231753813, 0.721392463235294, 0.7219545717592593, 0.7219545717592593, 0.7219545717592593, 0.7219545717592593, 0.725087656590414, 0.7252008442265795, 0.725601256127451, 0.7256310423474946, 0.7256310423474946, 0.7256310423474946, 0.7256310423474946, 0.7256310423474946, 0.7256310423474946, 0.7256310423474946, 0.7257157203159043, 0.7257157203159043, 0.7257157203159043, 0.7257157203159043, 0.7257157203159043, 0.7257157203159043, 0.7257157203159043]}