{"task_id": "svm-34537", "max_evals": 50, "batch_size": 5, "n_repeat": 3, "scores": [0.7817178250853877, 0.7864150899211295, 0.9644878940786623, 0.9644878940786623, 0.9731781216053871, 0.9796353690197318, 0.9796353690197318, 0.9796353690197318, 0.9829992805631989, 0.9829992805631989, 0.9833352008041102, 0.9833352008041102, 0.983740761373518, 0.983740761373518, 0.983740761373518, 0.9883219478889275, 0.9883538302807929, 0.9886465314019217, 0.9886465314019217, 0.9886465314019217, 0.9886465314019217, 0.9893848689359288, 0.9896016678581553, 0.9899105848321361, 0.9899123564377518, 0.9899123564377518, 0.9899123564377518, 0.9907440410305131, 0.9907440410305131, 0.9907440410305131, 0.9907440410305131, 0.9907440410305131, 0.9907440410305131, 0.9907440410305131, 0.9907440410305131, 0.9907440410305131, 0.9907488682297019, 0.9907488682297019, 0.9908550253330808, 0.9908550253330808, 0.9909122625120256, 0.9909122625120256, 0.9917516616372742, 0.9917516616372742, 0.9917516616372742, 0.9917516616372742, 0.9917516616372742, 0.9917516616372742, 0.9917516616372742, 0.9937329172717803]}