{"task_id": "xgb-49", "max_evals": 50, "batch_size": 5, "n_repeat": 3, "scores": [0.5, 0.6313318039282619, 0.7929762672963179, 0.793110748155024, 0.7985140325273153, 0.7985140325273153, 0.8029496495024642, 0.8087137602950379, 0.8087137602950379, 0.8087137602950379, 0.8872552974703511, 0.8872552974703511, 0.8908406677540137, 0.8908406677540137, 0.8915274396931575, 0.8915274396931575, 0.9214641825015005, 0.9214641825015005, 0.929531239018905, 0.9714345192839815, 0.9714345192839815, 0.9769875952987906, 0.9769875952987906, 0.9769875952987906, 0.9769875952987906, 0.9831488433322715, 0.9831488433322715, 0.9831488433322715, 0.983211303420032, 0.983211303420032, 0.9860420110261984, 0.9860420110261984, 0.9860420110261984, 0.9860420110261984, 0.9861146783031666, 0.9861146783031666, 0.9861146783031666, 0.9861146783031666, 0.9861146783031666, 0.9861146783031666, 0.9861146783031666, 0.9863467967832295, 0.9863467967832295, 0.9863467967832295, 0.9864001145152317, 0.9864001145152317, 0.9864001145152317, 0.9876022354200723, 0.9876022354200723, 0.9876022354200723]}