{"task_id": "xgb-9967", "max_evals": 50, "batch_size": 5, "n_repeat": 3, "scores": [0.687127034384091, 0.7091796562450471, 0.7128569466203322, 0.831965531671725, 0.935986160568091, 0.935986160568091, 0.9659308161179881, 0.9659308161179881, 0.9659308161179881, 0.9659308161179881, 0.9659308161179881, 0.9659308161179881, 0.9659308161179881, 0.9659308161179881, 0.9659308161179881, 0.9659308161179881, 0.9659308161179881, 0.9659308161179881, 0.9659308161179881, 0.9659308161179881, 0.9659308161179881, 0.9659308161179881, 0.9693908204041074, 0.9693908204041074, 0.9693908204041074, 0.9735397722636149, 0.9735397722636149, 0.9735397722636149, 0.973712781622227, 0.973712781622227, 0.9765281397551382, 0.9765281397551382, 0.9765281397551382, 0.9767278706052877, 0.9783260630612568, 0.9793717263612459, 0.9797556335967221, 0.9806016812648198, 0.9806016812648198, 0.9818195382513094, 0.9818195382513094, 0.9818195382513094, 0.9818195382513094, 0.9818195382513094, 0.9818195382513094, 0.9818195382513094, 0.9818195382513094, 0.9821235416249, 0.9827310874990495, 0.9827310874990495]}