{"task_id": "xgb-14951", "max_evals": 50, "batch_size": 5, "n_repeat": 3, "scores": [0.5115308555184831, 0.5714589366878325, 0.5789092204196287, 0.5860412236987488, 0.5860412236987488, 0.5870708680716284, 0.5870708680716284, 0.5870708680716284, 0.5870708680716284, 0.5870708680716284, 0.590894664008975, 0.5911192538259243, 0.5911192538259243, 0.5911192538259243, 0.5911192538259243, 0.5911192538259243, 0.5927024490639144, 0.5927024490639144, 0.5927024490639144, 0.5927024490639144, 0.5928866181762186, 0.5928866181762186, 0.5928866181762186, 0.5952562096154126, 0.597345021778035, 0.597345021778035, 0.5985820790193171, 0.5985820790193171, 0.5985820790193171, 0.5985820790193171, 0.5985820790193171, 0.5985820790193171, 0.5985820790193171, 0.5985820790193171, 0.5985820790193171, 0.5985820790193171, 0.6006507421956059, 0.6006507421956059, 0.6006507421956059, 0.6006507421956059, 0.6006507421956059, 0.6015519222099766, 0.6015519222099766, 0.6015519222099766, 0.6016837662806314, 0.6016837662806314, 0.6016837662806314, 0.6016837662806314, 0.6016837662806314, 0.6022150944798318]}