{"task_id": "xgb-145976", "max_evals": 50, "batch_size": 5, "n_repeat": 3, "scores": [0.702505698005698, 0.805264482431149, 0.8053608736942071, 0.8053608736942071, 0.8061471984805317, 0.8061471984805317, 0.8177378917378917, 0.8177378917378917, 0.8213447293447294, 0.8268490028490026, 0.8268490028490026, 0.8268490028490026, 0.8268490028490026, 0.8277768281101615, 0.8277768281101615, 0.8277768281101615, 0.8292535612535613, 0.8292535612535613, 0.832329534662868, 0.832329534662868, 0.832329534662868, 0.832329534662868, 0.832329534662868, 0.832329534662868, 0.832329534662868, 0.832329534662868, 0.8327872744539411, 0.8327872744539411, 0.8327872744539411, 0.8327872744539411, 0.8327872744539411, 0.8327872744539411, 0.8327872744539411, 0.8327872744539411, 0.8327872744539411, 0.8338537511870845, 0.8338537511870845, 0.8338537511870845, 0.8343732193732194, 0.8343732193732194, 0.8343732193732194, 0.8343732193732194, 0.8343732193732194, 0.8343732193732194, 0.8343732193732194, 0.8343732193732194, 0.8345147198480531, 0.8345147198480531, 0.8345147198480531, 0.835099715099715]}