{"task_id": "xgb-3903", "max_evals": 50, "batch_size": 5, "n_repeat": 3, "scores": [0.7007215678824722, 0.7889115797028031, 0.7970270812225598, 0.7970270812225598, 0.7970270812225598, 0.798347106129686, 0.798347106129686, 0.8205657928064843, 0.8205657928064843, 0.8364302600472814, 0.8364302600472814, 0.8364302600472814, 0.8364302600472814, 0.8364302600472814, 0.8364302600472814, 0.8364302600472814, 0.8364302600472814, 0.8364302600472814, 0.8364302600472814, 0.8364302600472814, 0.8365198623775753, 0.8365198623775753, 0.8376501815265113, 0.8376815265113139, 0.8376815265113139, 0.8378513382303275, 0.8378513382303275, 0.839556315433975, 0.8397371031746032, 0.8397371031746032, 0.8399592620736237, 0.8399592620736237, 0.8423047534616682, 0.8423047534616682, 0.8423047534616682, 0.8423047534616682, 0.8423047534616682, 0.8423047534616682, 0.8456382978723403, 0.8456382978723403, 0.8456382978723403, 0.8456382978723403, 0.8456382978723403, 0.8456382978723403, 0.8458167637622425, 0.8458167637622425, 0.8458167637622425, 0.8458167637622425, 0.8458167637622425, 0.8458167637622425]}