{"task_id": "xgb-145979", "max_evals": 50, "batch_size": 5, "n_repeat": 3, "scores": [0.9602078460171953, 0.9602078460171953, 0.9618653738031911, 0.9638594851030534, 0.9745518038406878, 0.9745518038406878, 0.9745518038406878, 0.9795286023977031, 0.9795286023977031, 0.9795286023977031, 0.9795286023977031, 0.9795286023977031, 0.9795286023977031, 0.9795286023977031, 0.9795286023977031, 0.9795286023977031, 0.9795286023977031, 0.9795286023977031, 0.9795286023977031, 0.9795286023977031, 0.9795655892913784, 0.9799792077621534, 0.9800254779539112, 0.9800254779539112, 0.9800299846152418, 0.981008499506754, 0.981008499506754, 0.981008499506754, 0.9815747868997265, 0.9815747868997265, 0.9815747868997265, 0.9815747868997265, 0.9815747868997265, 0.9815747868997265, 0.9815747868997265, 0.9815747868997265, 0.9815747868997265, 0.9815747868997265, 0.9815747868997265, 0.9815747868997265, 0.9815747868997265, 0.9815747868997265, 0.9815747868997265, 0.9815747868997265, 0.9815747868997265, 0.9815747868997265, 0.9815747868997265, 0.9815747868997265, 0.9815747868997265, 0.9815747868997265]}