{"task_id": "xgb-145878", "max_evals": 50, "batch_size": 5, "n_repeat": 3, "scores": [0.8178061224489795, 0.9824267619505713, 0.9824267619505713, 0.9824267619505713, 0.9883956057170341, 0.9883956057170341, 0.989388327721661, 0.9913605442176872, 0.9916891706177421, 0.9916891706177421, 0.9916891706177421, 0.992670354337021, 0.992670354337021, 0.992670354337021, 0.9937401795735129, 0.9937401795735129, 0.9937401795735129, 0.9937401795735129, 0.9937401795735129, 0.9937401795735129, 0.9942369270940699, 0.9942369270940699, 0.9942369270940699, 0.9942592019972972, 0.9942592019972972, 0.9942592019972972, 0.9942592019972972, 0.9942592019972972, 0.9944205089443185, 0.9944205089443185, 0.9946808218236788, 0.9946808218236788, 0.9946808218236788, 0.9946808218236788, 0.9946808218236788, 0.9946808218236788, 0.9946808218236788, 0.9946808218236788, 0.9946808218236788, 0.9946808218236788, 0.9946808218236788, 0.9946808218236788, 0.9946808218236788, 0.9946808218236788, 0.9946808218236788, 0.9946808218236788, 0.9946808218236788, 0.9946808218236788, 0.9946808218236788, 0.9946808218236788]}