{"task_id": "rf-125923", "max_evals": 50, "batch_size": 5, "n_repeat": 3, "scores": [0.9358052181736393, 0.936047044824634, 0.936047044824634, 0.936047044824634, 0.9361719849665521, 0.9361719849665521, 0.9361719849665521, 0.9361777168313671, 0.9361777168313671, 0.936406265871461, 0.936406265871461, 0.936406265871461, 0.936406265871461, 0.936406265871461, 0.936406265871461, 0.936406265871461, 0.936406265871461, 0.9365174930709735, 0.9365174930709735, 0.9365174930709735, 0.9365174930709735, 0.9365174930709735, 0.9366118148970441, 0.9366118148970441, 0.9366419978813868, 0.9366419978813868, 0.9366419978813868, 0.9367008401898046, 0.9373586986490213, 0.9373586986490213, 0.9373586986490213, 0.9373586986490213, 0.9373586986490213, 0.9374526576988377, 0.9374526576988377, 0.9374526576988377, 0.9380219261967988, 0.9380219261967988, 0.938111096600061, 0.938111096600061, 0.938111096600061, 0.938111096600061, 0.938111096600061, 0.938111096600061, 0.938111096600061, 0.9382734026961531, 0.9382734026961531, 0.9382734026961531, 0.9382734026961531, 0.9382734026961531]}