{"task_id": "rf-3913", "max_evals": 50, "batch_size": 5, "n_repeat": 3, "scores": [0.8147057684862564, 0.8270409671629184, 0.8271324745714989, 0.827377960792595, 0.827377960792595, 0.8275588639003274, 0.827601801992046, 0.8282768451061134, 0.8282768451061134, 0.8290682082145496, 0.8292559743779256, 0.8292559743779256, 0.8292559743779256, 0.8292559743779256, 0.8292559743779256, 0.8292559743779256, 0.8292559743779256, 0.8292559743779256, 0.8292559743779256, 0.8299896174286419, 0.8299896174286419, 0.8299896174286419, 0.8299896174286419, 0.8299896174286419, 0.8299896174286419, 0.8299896174286419, 0.8299896174286419, 0.8299896174286419, 0.8313608207510647, 0.8313608207510647, 0.8313608207510647, 0.8313608207510647, 0.8313608207510647, 0.8313608207510647, 0.8313608207510647, 0.8322232780769365, 0.8322232780769365, 0.8322232780769365, 0.8322232780769365, 0.8322232780769365, 0.8322232780769365, 0.8322232780769365, 0.8322232780769365, 0.8322232780769365, 0.8322232780769365, 0.8322232780769365, 0.8322232780769365, 0.8322232780769365, 0.8322232780769365, 0.8322232780769365]}