{"task_id": "rf-3896", "max_evals": 50, "batch_size": 5, "n_repeat": 3, "scores": [0.8935535515690075, 0.8959602478292533, 0.8961721661628032, 0.8977789048504713, 0.897910253328825, 0.897910253328825, 0.8981394700404616, 0.8986393954303615, 0.8986393954303615, 0.8986393954303615, 0.8986393954303615, 0.8986393954303615, 0.8986475127678325, 0.8986475127678325, 0.8988789096937152, 0.898891742027394, 0.898891742027394, 0.8990032875216757, 0.8990032875216757, 0.8990032875216757, 0.8990032875216757, 0.8990032875216757, 0.8991990164442472, 0.8991990164442472, 0.8991990164442472, 0.8991990164442472, 0.8991990164442472, 0.8991990164442472, 0.8993147035911976, 0.8993147035911976, 0.8993147035911976, 0.8993147035911976, 0.8993147035911976, 0.8993147035911976, 0.8993147035911976, 0.8993984042038755, 0.899466368045211, 0.8999607410555767, 0.8999607410555767, 0.8999607410555767, 0.8999607410555767, 0.8999607410555767, 0.8999607410555767, 0.8999607410555767, 0.8999607410555767, 0.8999607410555767, 0.8999607410555767, 0.8999678173218854, 0.8999678173218854, 0.8999678173218854]}