{"task_id": "svm-14951", "max_evals": 50, "batch_size": 5, "n_repeat": 3, "scores": [0.5878968301977081, 0.5915201484996747, 0.6043740629290174, 0.6043740629290174, 0.6043740629290174, 0.6043740629290174, 0.6043740629290174, 0.6043740629290174, 0.6049710164956269, 0.6049710164956269, 0.6049710164956269, 0.6049710164956269, 0.6058193571341932, 0.6058193571341932, 0.6058193571341932, 0.6058193571341932, 0.6058193571341932, 0.6058193571341932, 0.6058193571341932, 0.6058193571341932, 0.6058193571341932, 0.6058193571341932, 0.6060376378993495, 0.6060376378993495, 0.6060376378993495, 0.6060376378993495, 0.6060376378993495, 0.6060376378993495, 0.6060376378993495, 0.6060376378993495, 0.6060376378993495, 0.6060376378993495, 0.6060376378993495, 0.6060376378993495, 0.6060376378993495, 0.6060376378993495, 0.6060376378993495, 0.6060376378993495, 0.6060376378993495, 0.6060376378993495, 0.6060376378993495, 0.6060376378993495, 0.6060376378993495, 0.6060376378993495, 0.6060376378993495, 0.6060376378993495, 0.6060376378993495, 0.6060376378993495, 0.6060376378993495, 0.6060376378993495]}