{"task_id": "svm-9976", "max_evals": 50, "batch_size": 5, "n_repeat": 3, "scores": [0.5, 0.5, 0.5208254437869823, 0.5208254437869823, 0.5208254437869823, 0.5208254437869823, 0.5208254437869823, 0.5208254437869823, 0.5208254437869823, 0.5344240631163708, 0.5344240631163708, 0.5344240631163708, 0.5344240631163708, 0.5344240631163708, 0.5344240631163708, 0.5344240631163708, 0.5344240631163708, 0.5344240631163708, 0.5344240631163708, 0.5344240631163708, 0.5344240631163708, 0.5344240631163708, 0.5344240631163708, 0.5344240631163708, 0.5829625246548323, 0.5829625246548323, 0.5829625246548323, 0.5829625246548323, 0.5829625246548323, 0.5829625246548323, 0.5829625246548323, 0.5829625246548323, 0.5829625246548323, 0.5829625246548323, 0.5829625246548323, 0.5829625246548323, 0.5829625246548323, 0.5829625246548323, 0.5829625246548323, 0.5829625246548323, 0.5829625246548323, 0.5829625246548323, 0.5829625246548323, 0.5829625246548323, 0.5829625246548323, 0.5964773175542406, 0.5964773175542406, 0.5964773175542406, 0.5964773175542406, 0.5964773175542406]}