{"task_id": "xgb-145857", "max_evals": 50, "batch_size": 5, "n_repeat": 3, "scores": [0.7697416398003988, 0.9153989302702051, 0.9185495390018935, 0.9268835044759508, 0.9268835044759508, 0.9392105344678191, 0.9454385024299459, 0.9454385024299459, 0.9474230518505676, 0.9474230518505676, 0.9474230518505676, 0.9476949261866565, 0.9476949261866565, 0.9476949261866565, 0.9476949261866565, 0.9476949261866565, 0.9476949261866565, 0.9483803995072706, 0.9510487391290434, 0.9510487391290434, 0.9510487391290434, 0.9510487391290434, 0.9510487391290434, 0.9510487391290434, 0.9510487391290434, 0.9510487391290434, 0.9510487391290434, 0.9510487391290434, 0.9510487391290434, 0.9510487391290434, 0.9510487391290434, 0.9510487391290434, 0.9510487391290434, 0.9510487391290434, 0.9510487391290434, 0.9510487391290434, 0.9510487391290434, 0.9510487391290434, 0.9510487391290434, 0.9510487391290434, 0.9510487391290434, 0.9510487391290434, 0.9510487391290434, 0.9510487391290434, 0.9510487391290434, 0.9510487391290434, 0.9510487391290434, 0.9510487391290434, 0.9510487391290434, 0.9510487391290434]}