{"task_id": "xgb-10093", "max_evals": 50, "batch_size": 5, "n_repeat": 3, "scores": [0.9845378629136179, 0.9981838911735373, 0.9982989328761546, 0.9982989328761546, 0.9982989328761546, 0.9983131263329711, 0.9988937507703687, 0.9988937507703687, 0.9988937507703687, 0.9990225190397753, 0.9990225190397753, 0.9990225190397753, 0.9990225190397753, 0.9994611155310033, 0.9994611155310033, 0.9994611155310033, 0.9994755891218358, 0.9994755891218358, 0.9994755891218358, 0.9997342461967138, 0.9997342461967138, 0.9997342461967138, 0.9997342461967138, 0.9997342461967138, 0.9997342461967138, 0.9997342461967138, 0.9997342461967138, 0.9997342461967138, 0.9997342461967138, 0.999834907686504, 0.999834907686504, 0.9998635747341528, 0.9998635747341528, 0.9998635747341528, 0.9998635747341528, 0.9999640494679322, 0.9999640494679322, 0.9999640494679322, 0.9999640494679322, 0.9999640494679322, 0.9999640494679322, 0.9999640494679322, 0.9999640494679322, 0.9999640494679322, 0.9999640494679322, 0.9999640494679322, 0.9999640494679322, 0.9999640494679322, 0.9999640494679322, 0.9999640494679322]}