{"task_id": "xgb-3913", "max_evals": 50, "batch_size": 5, "n_repeat": 3, "scores": [0.8129771583430121, 0.8247962200401225, 0.8267762995811777, 0.8276230950621194, 0.8276230950621194, 0.8276230950621194, 0.8276230950621194, 0.8276230950621194, 0.8276230950621194, 0.8276230950621194, 0.8276230950621194, 0.8290594094252631, 0.8290594094252631, 0.8290594094252631, 0.8290594094252631, 0.8290594094252631, 0.8290594094252631, 0.8290594094252631, 0.8290594094252631, 0.8290594094252631, 0.8290594094252631, 0.8290594094252631, 0.8290594094252631, 0.8290594094252631, 0.8290594094252631, 0.8290594094252631, 0.8290594094252631, 0.8290594094252631, 0.8290594094252631, 0.8290594094252631, 0.8290594094252631, 0.8290641607714778, 0.8290641607714778, 0.8290641607714778, 0.8290641607714778, 0.8290641607714778, 0.8302657234364551, 0.8307961144546511, 0.8307961144546511, 0.8307961144546511, 0.8307961144546511, 0.8307961144546511, 0.8307961144546511, 0.8307961144546511, 0.8307961144546511, 0.8307961144546511, 0.8307961144546511, 0.8307961144546511, 0.8307961144546511, 0.8307961144546511]}