{"task_id": "xgb-9967", "max_evals": 50, "batch_size": 5, "n_repeat": 3, "scores": [0.8641419438461325, 0.9326959194118879, 0.9326959194118879, 0.9326959194118879, 0.9326959194118879, 0.9326959194118879, 0.9326959194118879, 0.9673033627600764, 0.9691390776548016, 0.9691390776548016, 0.9691390776548016, 0.9691390776548016, 0.9691390776548016, 0.9694382418615582, 0.9702888982599739, 0.9702888982599739, 0.9702888982599739, 0.9702888982599739, 0.9702888982599739, 0.9702888982599739, 0.9768455084466505, 0.9768455084466505, 0.9777830970206862, 0.9777830970206862, 0.9777830970206862, 0.9777830970206862, 0.9777830970206862, 0.9777830970206862, 0.9777830970206862, 0.9777830970206862, 0.9777830970206862, 0.9777830970206862, 0.9777830970206862, 0.9777830970206862, 0.9777830970206862, 0.9777830970206862, 0.9777830970206862, 0.9777830970206862, 0.9777830970206862, 0.9777830970206862, 0.9777830970206862, 0.9777830970206862, 0.9777830970206862, 0.9777830970206862, 0.9777830970206862, 0.9777830970206862, 0.9777830970206862, 0.9777830970206862, 0.9777830970206862, 0.9777830970206862]}