{"task_id": "xgb-145976", "max_evals": 50, "batch_size": 5, "n_repeat": 3, "scores": [0.7974040835707502, 0.8247701804368471, 0.8247701804368471, 0.8247701804368471, 0.8247701804368471, 0.8247701804368471, 0.8247701804368471, 0.8247701804368471, 0.8299753086419752, 0.8299753086419752, 0.8299753086419752, 0.8299753086419752, 0.8299753086419752, 0.8299753086419752, 0.8299753086419752, 0.8310360873694207, 0.8310360873694207, 0.8310360873694207, 0.8310360873694207, 0.8310360873694207, 0.8310360873694207, 0.8310360873694207, 0.8310360873694207, 0.8310360873694207, 0.8310360873694207, 0.8310360873694207, 0.8310360873694207, 0.8310360873694207, 0.8310360873694207, 0.8310360873694207, 0.8310360873694207, 0.8310360873694207, 0.8310360873694207, 0.8310360873694207, 0.8339069325735992, 0.8339069325735992, 0.8339069325735992, 0.8339069325735992, 0.8339069325735992, 0.8339069325735992, 0.8339069325735992, 0.8339069325735992, 0.8339069325735992, 0.8339069325735992, 0.8339069325735992, 0.8339069325735992, 0.8339069325735992, 0.8339069325735992, 0.8339069325735992, 0.8339069325735992]}