{"task_id": "xgb-3903", "max_evals": 50, "batch_size": 5, "n_repeat": 3, "scores": [0.7860828795170551, 0.8058615649273895, 0.8133656281661601, 0.826983810368119, 0.826983810368119, 0.828719604863222, 0.828719604863222, 0.828719604863222, 0.828719604863222, 0.8292183806146572, 0.8292183806146572, 0.8292183806146572, 0.8292183806146572, 0.8292796985815603, 0.8292796985815603, 0.8292796985815603, 0.8292796985815603, 0.8292796985815603, 0.8325916075650119, 0.8325916075650119, 0.8325916075650119, 0.8325916075650119, 0.8325916075650119, 0.8325916075650119, 0.8325916075650119, 0.8325916075650119, 0.8325916075650119, 0.8325916075650119, 0.8325916075650119, 0.8325916075650119, 0.8325916075650119, 0.8325916075650119, 0.8325916075650119, 0.8325916075650119, 0.8325916075650119, 0.8368905141843972, 0.8368905141843972, 0.8422490290442418, 0.8422490290442418, 0.8422490290442418, 0.8422490290442418, 0.8422490290442418, 0.8422490290442418, 0.8422490290442418, 0.8422490290442418, 0.8422490290442418, 0.8422490290442418, 0.8422490290442418, 0.8422490290442418, 0.8422490290442418]}