{"task_id": "rf-125923", "max_evals": 50, "batch_size": 5, "n_repeat": 10, "scores": [0.9314620826259198, 0.934805940098385, 0.9351562622436986, 0.9354723020329981, 0.935967099821514, 0.9362557899090158, 0.9362557899090158, 0.9367444604065998, 0.936796743720343, 0.9371042401288582, 0.9371042401288582, 0.9371042401288582, 0.9371042401288582, 0.9372070871969005, 0.9374247311827958, 0.9375790562012973, 0.9375790562012973, 0.9376355622306386, 0.9376355622306386, 0.9377973749510252, 0.9378486787688824, 0.9380530016107265, 0.9380530016107265, 0.9380994950154543, 0.9380994950154543, 0.9381110530669104, 0.9381110530669104, 0.9382565626224368, 0.9383756693221887, 0.9384776021940707, 0.9384776021940707, 0.9384776021940707, 0.9384776021940707, 0.9385135388098036, 0.9385135388098036, 0.9385135388098036, 0.9386358234295414, 0.9386358234295414, 0.9386358234295414, 0.9386358234295414, 0.9386358234295414, 0.9386358234295414, 0.9387388446301859, 0.9387388446301859, 0.9388705977101562, 0.9388705977101562, 0.9388705977101562, 0.9388705977101562, 0.9388705977101562, 0.9388705977101562]}