{"task_id": "xgb-145872", "max_evals": 50, "batch_size": 5, "n_repeat": 3, "scores": [0.635627754973707, 0.6527323250894487, 0.7321148234433821, 0.749014553785108, 0.8461741283656486, 0.8512247399057559, 0.9421408528938273, 0.9541848423468576, 0.9541848423468576, 0.9582572892830888, 0.9582572892830888, 0.9582572892830888, 0.9582572892830888, 0.9582572892830888, 0.9582572892830888, 0.9582572892830888, 0.9582572892830888, 0.9582572892830888, 0.9582572892830888, 0.9582572892830888, 0.9709402270721427, 0.9761718272924401, 0.9761718272924401, 0.9783382761965992, 0.9792527635099169, 0.9792527635099169, 0.9793232770837799, 0.9793232770837799, 0.9793232770837799, 0.9793232770837799, 0.9806268564541812, 0.9806268564541812, 0.9806268564541812, 0.9806268564541812, 0.9806268564541812, 0.9806268564541812, 0.9806268564541812, 0.981889187688238, 0.9820702531806002, 0.9820702531806002, 0.9829236748172061, 0.9829236748172061, 0.9829236748172061, 0.9829236748172061, 0.9829236748172061, 0.9829236748172061, 0.9829236748172061, 0.9829236748172061, 0.9829236748172061, 0.9829236748172061]}