{"task_id": "rf-125923", "max_evals": 50, "batch_size": 5, "n_repeat": 10, "scores": [0.930013440860215, 0.9302300835836489, 0.9304671215880893, 0.934186136868225, 0.9344810521962474, 0.9344979648252144, 0.9344979648252144, 0.9345052892777849, 0.9355820817552567, 0.9356325149101041, 0.9357137260023508, 0.9357493143528798, 0.9357493143528798, 0.9357493143528798, 0.9357493143528798, 0.9358935396804666, 0.936009424927082, 0.936009424927082, 0.936009424927082, 0.9360940969047931, 0.9360940969047931, 0.9360940969047931, 0.9360940969047931, 0.9360940969047931, 0.9362076313612817, 0.9362076313612817, 0.9362076313612817, 0.9362076313612817, 0.9362076313612817, 0.9362752165774237, 0.9362752165774237, 0.9362752165774237, 0.9362752165774237, 0.9362752165774237, 0.9362752165774237, 0.9363527273518784, 0.9363527273518784, 0.9363527273518784, 0.9363527273518784, 0.9363527273518784, 0.9363870314744677, 0.9363870314744677, 0.9363870314744677, 0.9363870314744677, 0.9363870314744677, 0.9363870314744677, 0.9363870314744677, 0.9363870314744677, 0.9363870314744677, 0.9364616908275651]}