{"task_id": "rf-31", "max_evals": 50, "batch_size": 5, "n_repeat": 10, "scores": [0.7671476190476192, 0.7873952380952381, 0.7902190476190476, 0.7925428571428571, 0.7933357142857143, 0.7946809523809525, 0.7946809523809525, 0.7950047619047619, 0.7950095238095238, 0.7951666666666668, 0.7953809523809524, 0.795802380952381, 0.795802380952381, 0.7975690476190477, 0.7976619047619048, 0.7976619047619048, 0.7988904761904763, 0.7988904761904763, 0.7988904761904763, 0.7990761904761905, 0.7992095238095238, 0.8002095238095238, 0.8002095238095238, 0.8002095238095238, 0.8002095238095238, 0.8002095238095238, 0.8002095238095238, 0.8013047619047621, 0.8013976190476191, 0.8014166666666667, 0.8014166666666667, 0.8014166666666667, 0.8017761904761904, 0.8017761904761904, 0.8017761904761904, 0.8017761904761904, 0.8017761904761904, 0.8017761904761904, 0.8017761904761904, 0.8017761904761904, 0.8017761904761904, 0.8018023809523809, 0.8021904761904762, 0.8021904761904762, 0.8025285714285714, 0.8025595238095239, 0.8025595238095239, 0.8028690476190476, 0.8028690476190476, 0.8029285714285714]}