{"task_id": "rf-3", "max_evals": 50, "batch_size": 5, "n_repeat": 3, "scores": [0.9855715606659534, 0.993393194163395, 0.9944232763455066, 0.9944232763455066, 0.9954228573948626, 0.9959680383928161, 0.9959680383928161, 0.9959680383928161, 0.9959680383928161, 0.9959680383928161, 0.9960218306181309, 0.9960218306181309, 0.9960218306181309, 0.9964083409413863, 0.9964083409413863, 0.9964083409413863, 0.9966972411251948, 0.9966972411251948, 0.9966972411251948, 0.9968333210816938, 0.9968333210816938, 0.9968333210816938, 0.9968333210816938, 0.9968333210816938, 0.9968333210816938, 0.9968333210816938, 0.9968333210816938, 0.9968333210816938, 0.9969204533187677, 0.9969204533187677, 0.9969204533187677, 0.9969204533187677, 0.9969204533187677, 0.9969204533187677, 0.9969204533187677, 0.9969204533187677, 0.9969204533187677, 0.9969204533187677, 0.9969204533187677, 0.9969204533187677, 0.9969204533187677, 0.9969204533187677, 0.9969204533187677, 0.9969204533187677, 0.9969204533187677, 0.9969204533187677, 0.9969204533187677, 0.9969204533187677, 0.9969204533187677, 0.9969204533187677]}