{"task_id": "rf-3913", "max_evals": 50, "batch_size": 5, "n_repeat": 10, "scores": [0.8007505015309893, 0.801861999788829, 0.8082698764649983, 0.8150923344947735, 0.8165549044451483, 0.8181130820399114, 0.8184648400380107, 0.8206527293844367, 0.8221496146130292, 0.8234111498257839, 0.8234268292682925, 0.825148136416429, 0.8253893992186676, 0.8261054798859677, 0.8261054798859677, 0.8261054798859677, 0.8279733396684616, 0.8279733396684616, 0.8281796008869179, 0.8281796008869179, 0.828350332594235, 0.828350332594235, 0.828350332594235, 0.828350332594235, 0.828350332594235, 0.828350332594235, 0.828350332594235, 0.828350332594235, 0.828350332594235, 0.8284327420546932, 0.8285624010136203, 0.8285828845950796, 0.8285828845950796, 0.8293880266075387, 0.8293880266075387, 0.8296233766233765, 0.8296704149509028, 0.8296704149509028, 0.8297547777425827, 0.8297547777425827, 0.8297547777425827, 0.8297547777425827, 0.8297547777425827, 0.8297547777425827, 0.8297547777425827, 0.8297547777425827, 0.8297785872663921, 0.8297785872663921, 0.8297785872663921, 0.8297785872663921]}