{"task_id": "rf-9967", "max_evals": 50, "batch_size": 5, "n_repeat": 3, "scores": [0.8278388745451303, 0.9788269744376773, 0.9788269744376773, 0.9788269744376773, 0.9788269744376773, 0.9806205194499942, 0.9806205194499942, 0.9806205194499942, 0.9806205194499942, 0.9806205194499942, 0.9809437066635328, 0.9809437066635328, 0.9809437066635328, 0.9809437066635328, 0.9812708112978415, 0.9815959572217651, 0.9815959572217651, 0.9815959572217651, 0.9815959572217651, 0.9834077643279664, 0.9834077643279664, 0.9855388412269361, 0.9855388412269361, 0.9855388412269361, 0.9855388412269361, 0.9855388412269361, 0.9855388412269361, 0.9866690171191288, 0.9866690171191288, 0.9866690171191288, 0.9866690171191288, 0.9866690171191288, 0.9866690171191288, 0.9866690171191288, 0.9866690171191288, 0.9866690171191288, 0.9877541426724644, 0.9877541426724644, 0.9877541426724644, 0.9877541426724644, 0.9877541426724644, 0.9877541426724644, 0.9877541426724644, 0.9877541426724644, 0.9877541426724644, 0.9877541426724644, 0.9877541426724644, 0.9877541426724644, 0.9877541426724644, 0.9877541426724644]}