{"task_id": "rf-9957", "max_evals": 50, "batch_size": 5, "n_repeat": 3, "scores": [0.8868342699398598, 0.8868342699398598, 0.8868342699398598, 0.9135364290643793, 0.9148458132045088, 0.9148458132045088, 0.9155076407374544, 0.9155076407374544, 0.9155076407374544, 0.9156318314765519, 0.9175373492392126, 0.9175373492392126, 0.9175373492392126, 0.9176066416904926, 0.9176066416904926, 0.9190069506063295, 0.9190069506063295, 0.9190069506063295, 0.9190069506063295, 0.9190069506063295, 0.9190069506063295, 0.9190069506063295, 0.9190069506063295, 0.9190069506063295, 0.9190069506063295, 0.9190069506063295, 0.9190069506063295, 0.9190069506063295, 0.9190069506063295, 0.9190069506063295, 0.9190069506063295, 0.9190069506063295, 0.9190069506063295, 0.9190069506063295, 0.9190069506063295, 0.9190069506063295, 0.9190069506063295, 0.9192365753064511, 0.9192365753064511, 0.9198666321601104, 0.9200140983929804, 0.9200140983929804, 0.9200140983929804, 0.9200140983929804, 0.9200140983929804, 0.9200140983929804, 0.9200140983929804, 0.9200140983929804, 0.9200140983929804, 0.9200140983929804]}