{"task_id": "svm-9983", "max_evals": 50, "batch_size": 5, "n_repeat": 3, "scores": [0.5, 0.5, 0.5, 0.5, 0.5, 0.5217371215644041, 0.5348727093245265, 0.5348727093245265, 0.5348727093245265, 0.5348727093245265, 0.5348727093245265, 0.5348727093245265, 0.5348727093245265, 0.5348727093245265, 0.5348727093245265, 0.5348727093245265, 0.5348727093245265, 0.5348727093245265, 0.5348727093245265, 0.5348727093245265, 0.5348727093245265, 0.5348727093245265, 0.5348727093245265, 0.5348727093245265, 0.5348727093245265, 0.5348727093245265, 0.5348727093245265, 0.5348727093245265, 0.563198046523041, 0.563198046523041, 0.563198046523041, 0.563198046523041, 0.563198046523041, 0.563198046523041, 0.563198046523041, 0.563198046523041, 0.563198046523041, 0.563198046523041, 0.563198046523041, 0.563198046523041, 0.5689388603006882, 0.5689388603006882, 0.5689388603006882, 0.5689388603006882, 0.5689388603006882, 0.5689388603006882, 0.5689388603006882, 0.5689388603006882, 0.5689388603006882, 0.5689388603006882]}