{"task_id": "svm-9978", "max_evals": 50, "batch_size": 5, "n_repeat": 3, "scores": [0.500773558368495, 0.5037522234632249, 0.5037522234632249, 0.5281751941282842, 0.5281751941282842, 0.5281751941282842, 0.5281751941282842, 0.5864633195050172, 0.5864633195050172, 0.5864633195050172, 0.5864633195050172, 0.5864633195050172, 0.5864633195050172, 0.5864633195050172, 0.5864633195050172, 0.5864633195050172, 0.5864633195050172, 0.6424901236866054, 0.6424901236866054, 0.6424901236866054, 0.6594793033247054, 0.6594793033247054, 0.6594793033247054, 0.6594793033247054, 0.6688677105863442, 0.6688677105863442, 0.6688677105863442, 0.6688677105863442, 0.6688677105863442, 0.6688677105863442, 0.6688677105863442, 0.690711020695198, 0.690711020695198, 0.690711020695198, 0.690711020695198, 0.690711020695198, 0.690711020695198, 0.6936853275065301, 0.6936853275065301, 0.6936853275065301, 0.6936853275065301, 0.6936853275065301, 0.6936853275065301, 0.6936853275065301, 0.6936853275065301, 0.6936853275065301, 0.6936853275065301, 0.6936853275065301, 0.6936853275065301, 0.6936853275065301]}