{"task_id": "svm-3918", "max_evals": 50, "batch_size": 5, "n_repeat": 3, "scores": [0.5008090614886731, 0.5811639538657136, 0.5812242445054946, 0.5989091006081297, 0.5989091006081297, 0.6519002387175932, 0.6519002387175932, 0.6519002387175932, 0.6519002387175932, 0.693897475905971, 0.693897475905971, 0.693897475905971, 0.693897475905971, 0.693897475905971, 0.693897475905971, 0.693897475905971, 0.693897475905971, 0.693897475905971, 0.693897475905971, 0.693897475905971, 0.693897475905971, 0.693897475905971, 0.693897475905971, 0.693897475905971, 0.693897475905971, 0.693897475905971, 0.693897475905971, 0.693897475905971, 0.693897475905971, 0.693897475905971, 0.693897475905971, 0.693897475905971, 0.693897475905971, 0.693897475905971, 0.693897475905971, 0.693897475905971, 0.693897475905971, 0.693897475905971, 0.693897475905971, 0.693897475905971, 0.7235481347131832, 0.7235481347131832, 0.7235481347131832, 0.7235481347131832, 0.7235481347131832, 0.7235481347131832, 0.7235481347131832, 0.7235481347131832, 0.7235481347131832, 0.7235481347131832]}