{"task_id": "svm-3903", "max_evals": 50, "batch_size": 5, "n_repeat": 3, "scores": [0.5446839644545761, 0.5669372150455927, 0.5669372150455927, 0.5670706686930092, 0.5670706686930092, 0.5672261271529888, 0.5672261271529888, 0.5672261271529888, 0.5672261271529888, 0.5672261271529888, 0.5672261271529888, 0.6287215573286051, 0.6287215573286051, 0.6287215573286051, 0.6863965932117528, 0.6863965932117528, 0.6863965932117528, 0.6863965932117528, 0.6863965932117528, 0.6897947272880783, 0.6897947272880783, 0.6897947272880783, 0.6897947272880783, 0.7490440307328604, 0.7490440307328604, 0.7490440307328604, 0.7490440307328604, 0.7490440307328604, 0.7490440307328604, 0.7490440307328604, 0.7490440307328604, 0.7490440307328604, 0.7490440307328604, 0.7490440307328604, 0.7490440307328604, 0.7490440307328604, 0.7490440307328604, 0.7490440307328604, 0.7490440307328604, 0.7490440307328604, 0.7490440307328604, 0.7490440307328604, 0.7490440307328604, 0.7490440307328604, 0.751821016970618, 0.7526171479229989, 0.7526171479229989, 0.7526171479229989, 0.7526171479229989, 0.7526171479229989]}