{"task_id": "svm-9889", "max_evals": 50, "batch_size": 5, "n_repeat": 3, "scores": [0.6371144100429613, 0.6394883236382446, 0.6418622372335278, 0.6418622372335278, 0.7884660990494078, 0.7884660990494078, 0.7884660990494078, 0.7884660990494078, 0.9387813585618078, 0.9387813585618078, 0.9387813585618078, 0.9387813585618078, 0.9509168689518672, 0.9529327515581295, 0.9529327515581295, 0.9529327515581295, 0.9529327515581295, 0.9529327515581295, 0.9529327515581295, 0.9529327515581295, 0.9529327515581295, 0.9529327515581295, 0.9529327515581295, 0.9529327515581295, 0.9529327515581295, 0.9529327515581295, 0.9529327515581295, 0.9529327515581295, 0.9529327515581295, 0.9529327515581295, 0.9529327515581295, 0.9529327515581295, 0.9529327515581295, 0.9529327515581295, 0.9529327515581295, 0.9529327515581295, 0.9529327515581295, 0.9529327515581295, 0.9529327515581295, 0.9529327515581295, 0.9529327515581295, 0.9529327515581295, 0.9529327515581295, 0.9529327515581295, 0.9529327515581295, 0.9529327515581295, 0.9529327515581295, 0.9529327515581295, 0.9529327515581295, 0.9529327515581295]}