{"task_id": "svm-14951", "max_evals": 50, "batch_size": 5, "n_repeat": 3, "scores": [0.5, 0.5, 0.5, 0.5144269815792256, 0.5144269815792256, 0.549720656395082, 0.549720656395082, 0.5581571181440427, 0.5581571181440427, 0.5581571181440427, 0.5581571181440427, 0.5581571181440427, 0.5581571181440427, 0.5581571181440427, 0.5581571181440427, 0.5581571181440427, 0.5581571181440427, 0.5581571181440427, 0.5581571181440427, 0.5581571181440427, 0.5581571181440427, 0.5581571181440427, 0.5581571181440427, 0.5791609102667513, 0.5791609102667513, 0.5791609102667513, 0.5791609102667513, 0.5791609102667513, 0.5791609102667513, 0.5791609102667513, 0.5791609102667513, 0.5791609102667513, 0.5791609102667513, 0.6058579274674485, 0.6058579274674485, 0.6058579274674485, 0.6058579274674485, 0.6058579274674485, 0.6058579274674485, 0.6058579274674485, 0.6058579274674485, 0.6058579274674485, 0.6058579274674485, 0.6058579274674485, 0.6058579274674485, 0.6058579274674485, 0.6058579274674485, 0.6058579274674485, 0.6058579274674485, 0.6058579274674485]}