{"task_id": "svm-9980", "max_evals": 50, "batch_size": 5, "n_repeat": 3, "scores": [0.5323591836734695, 0.5323591836734695, 0.5323591836734695, 0.5558190476190475, 0.5558190476190475, 0.5558190476190475, 0.580134693877551, 0.580134693877551, 0.580134693877551, 0.580134693877551, 0.580134693877551, 0.580134693877551, 0.580134693877551, 0.580134693877551, 0.587712925170068, 0.587712925170068, 0.587712925170068, 0.587712925170068, 0.587712925170068, 0.587712925170068, 0.587712925170068, 0.587712925170068, 0.587712925170068, 0.587712925170068, 0.587712925170068, 0.587712925170068, 0.587712925170068, 0.587712925170068, 0.587712925170068, 0.587712925170068, 0.587712925170068, 0.587712925170068, 0.587712925170068, 0.587712925170068, 0.587712925170068, 0.587712925170068, 0.587712925170068, 0.587712925170068, 0.587712925170068, 0.587712925170068, 0.587712925170068, 0.587712925170068, 0.587712925170068, 0.587712925170068, 0.587712925170068, 0.587712925170068, 0.587712925170068, 0.587712925170068, 0.587712925170068, 0.587712925170068]}