{"task_id": "svm-9946", "max_evals": 50, "batch_size": 5, "n_repeat": 3, "scores": [0.5, 0.5, 0.5, 0.7999896355848737, 0.7999896355848737, 0.7999896355848737, 0.7999896355848737, 0.7999896355848737, 0.9477054559197416, 0.9477054559197416, 0.9477054559197416, 0.9477054559197416, 0.9477054559197416, 0.9477054559197416, 0.9477054559197416, 0.9477054559197416, 0.9477054559197416, 0.9477054559197416, 0.9477054559197416, 0.9477054559197416, 0.9477054559197416, 0.9477054559197416, 0.9477054559197416, 0.9477054559197416, 0.9477054559197416, 0.9477054559197416, 0.9477054559197416, 0.9477054559197416, 0.9477054559197416, 0.9477054559197416, 0.9477054559197416, 0.9477054559197416, 0.9481583980393505, 0.9481583980393505, 0.9481583980393505, 0.9481583980393505, 0.9481583980393505, 0.9481583980393505, 0.9481583980393505, 0.9481583980393505, 0.9481583980393505, 0.9481583980393505, 0.9481583980393505, 0.9481583980393505, 0.9481583980393505, 0.9481583980393505, 0.9481583980393505, 0.9481583980393505, 0.9481583980393505, 0.9481583980393505]}