{"task_id": "svm-34537", "max_evals": 50, "batch_size": 5, "n_repeat": 3, "scores": [0.7766362620917034, 0.9560651317390455, 0.9560651317390455, 0.9560651317390455, 0.9560651317390455, 0.9560651317390455, 0.9560651317390455, 0.9561843721360742, 0.9846373312382412, 0.990867644675212, 0.990867644675212, 0.990867644675212, 0.990867644675212, 0.990867644675212, 0.990867644675212, 0.990867644675212, 0.990867644675212, 0.990867644675212, 0.990867644675212, 0.990867644675212, 0.990867644675212, 0.990867644675212, 0.990867644675212, 0.990867644675212, 0.990867644675212, 0.990867644675212, 0.990867644675212, 0.990867644675212, 0.990867644675212, 0.990867644675212, 0.990867644675212, 0.9915433330341944, 0.9915433330341944, 0.9915433330341944, 0.9915433330341944, 0.9915433330341944, 0.9915433330341944, 0.9915433330341944, 0.9915433330341944, 0.9915433330341944, 0.9915433330341944, 0.9915433330341944, 0.9925716584329595, 0.9925716584329595, 0.9925716584329595, 0.9925716584329595, 0.9925716584329595, 0.9925716584329595, 0.9928965447949122, 0.9928965447949122]}