{"task_id": "xgb-3493", "max_evals": 50, "batch_size": 5, "n_repeat": 3, "scores": [0.5186711436711438, 0.5186711436711438, 0.5387627187627188, 0.6011884411884413, 0.6011884411884413, 0.6011884411884413, 0.6613563288563289, 0.6613563288563289, 0.6613563288563289, 0.6613563288563289, 0.6738349613349613, 0.6738349613349613, 0.6738349613349613, 0.6738349613349613, 0.6787225274725275, 0.6787225274725275, 0.6787225274725275, 0.6787225274725275, 0.6787225274725275, 0.6787225274725275, 0.6787225274725275, 0.7295095645095645, 0.7295095645095645, 0.7697537647537648, 0.7697537647537648, 0.7697537647537648, 0.7697537647537648, 0.7697537647537648, 0.7697537647537648, 0.7697537647537648, 0.7697537647537648, 0.7697537647537648, 0.7697537647537648, 0.7697537647537648, 0.7697537647537648, 0.7697537647537648, 0.7697537647537648, 0.7697537647537648, 0.7697537647537648, 0.7697537647537648, 0.7697537647537648, 0.7697537647537648, 0.7697537647537648, 0.7697537647537648, 0.7697537647537648, 0.7697537647537648, 0.7697537647537648, 0.7697537647537648, 0.7697537647537648, 0.7697537647537648]}