{"task_id": "xgb-145953", "max_evals": 50, "batch_size": 5, "n_repeat": 3, "scores": [0.5, 0.7515959431988349, 0.7515959431988349, 0.8694628571653821, 0.8694628571653821, 0.8694628571653821, 0.8694628571653821, 0.8694628571653821, 0.8694628571653821, 0.9109423595645071, 0.9266760012205643, 0.9266760012205643, 0.9441004868012325, 0.9441004868012325, 0.9441004868012325, 0.9441004868012325, 0.9441004868012325, 0.9441004868012325, 0.9441004868012325, 0.9441004868012325, 0.9441004868012325, 0.9579837797269052, 0.9735912935051809, 0.9795947605412928, 0.980552452627249, 0.980552452627249, 0.980552452627249, 0.980552452627249, 0.9944146834459694, 0.9944146834459694, 0.9944146834459694, 0.9944146834459694, 0.9944146834459694, 0.9944146834459694, 0.9944146834459694, 0.9944146834459694, 0.9944146834459694, 0.9944146834459694, 0.9944146834459694, 0.9944146834459694, 0.9944146834459694, 0.9944146834459694, 0.9944146834459694, 0.9951101865176853, 0.9951101865176853, 0.9951101865176853, 0.9951101865176853, 0.9951101865176853, 0.9951101865176853, 0.9951101865176853]}