{"task_id": "xgb-10101", "max_evals": 50, "batch_size": 5, "n_repeat": 3, "scores": [0.8316840576386499, 0.8316840576386499, 0.8735112563543935, 0.8735112563543935, 0.8735112563543935, 0.8778341551045369, 0.8778341551045369, 0.8778341551045369, 0.8778341551045369, 0.9182557428429461, 0.9460335206207239, 0.9460335206207239, 0.9460335206207239, 0.9462647632152276, 0.9462647632152276, 0.9462647632152276, 0.9462647632152276, 0.9462647632152276, 0.9462647632152276, 0.9462647632152276, 0.9462647632152276, 0.9462647632152276, 0.9462647632152276, 0.9462647632152276, 0.9462647632152276, 0.9462647632152276, 0.9462647632152276, 0.9462647632152276, 0.9462647632152276, 0.9462647632152276, 0.9462647632152276, 0.9462647632152276, 0.9462647632152276, 0.9462647632152276, 0.9462647632152276, 0.9462647632152276, 0.9474649313916599, 0.9474649313916599, 0.9474649313916599, 0.9474649313916599, 0.9474649313916599, 0.9474649313916599, 0.9474649313916599, 0.9474649313916599, 0.9474649313916599, 0.9474649313916599, 0.9474649313916599, 0.9474649313916599, 0.9474649313916599, 0.9474649313916599]}