{"task_id": "xgb-3903", "max_evals": 50, "batch_size": 5, "n_repeat": 3, "scores": [0.8006281661600809, 0.8006281661600809, 0.8006281661600809, 0.8006281661600809, 0.80253007852077, 0.8031596166835527, 0.803963715805471, 0.803963715805471, 0.803963715805471, 0.803963715805471, 0.803963715805471, 0.8049653833164471, 0.8062939040864573, 0.8062939040864573, 0.8062939040864573, 0.8062939040864573, 0.8062939040864573, 0.8254880108071597, 0.8254880108071597, 0.8254880108071597, 0.8254880108071597, 0.8254880108071597, 0.8254880108071597, 0.8254880108071597, 0.8254880108071597, 0.8254880108071597, 0.8254880108071597, 0.8254880108071597, 0.8254880108071597, 0.8254880108071597, 0.8254880108071597, 0.8254880108071597, 0.8254880108071597, 0.8301217916244513, 0.8301217916244513, 0.8301217916244513, 0.8301217916244513, 0.8301217916244513, 0.8301217916244513, 0.8301217916244513, 0.8301217916244513, 0.8301217916244513, 0.8301217916244513, 0.8301217916244513, 0.8343922028031071, 0.8343922028031071, 0.8343922028031071, 0.8343922028031071, 0.8343922028031071, 0.8343922028031071]}