{"task_id": "xgb-145979", "max_evals": 50, "batch_size": 5, "n_repeat": 3, "scores": [0.9183611326583955, 0.9770793950274069, 0.9770793950274069, 0.9770793950274069, 0.9770793950274069, 0.9770793950274069, 0.9770793950274069, 0.9770793950274069, 0.9790308220963767, 0.9790308220963767, 0.9790308220963767, 0.9790308220963767, 0.9790308220963767, 0.9790308220963767, 0.9805088082950234, 0.9811174117717725, 0.9811174117717725, 0.9811174117717725, 0.9811174117717725, 0.9811174117717725, 0.9811174117717725, 0.9811174117717725, 0.9811174117717725, 0.9811174117717725, 0.9811174117717725, 0.9811174117717725, 0.9811174117717725, 0.9811174117717725, 0.9811174117717725, 0.9811174117717725, 0.9811174117717725, 0.9811174117717725, 0.9811174117717725, 0.9811174117717725, 0.9811174117717725, 0.9811174117717725, 0.9811174117717725, 0.9811174117717725, 0.9811174117717725, 0.9811174117717725, 0.9811174117717725, 0.9811174117717725, 0.9811174117717725, 0.9811174117717725, 0.9811174117717725, 0.9811174117717725, 0.9811174117717725, 0.9811174117717725, 0.9811174117717725, 0.9811174117717725]}