{"task_id": "xgb-9946", "max_evals": 50, "batch_size": 5, "n_repeat": 3, "scores": [0.9890949746902127, 0.9925269131221511, 0.9925269131221511, 0.9925269131221511, 0.9925269131221511, 0.9925269131221511, 0.9925269131221511, 0.9925269131221511, 0.9925269131221511, 0.9925269131221511, 0.9925269131221511, 0.9925269131221511, 0.9925269131221511, 0.9925269131221511, 0.9925269131221511, 0.9925269131221511, 0.9925269131221511, 0.9925269131221511, 0.9925269131221511, 0.9925269131221511, 0.9925269131221511, 0.9938175977461691, 0.9938175977461691, 0.9938175977461691, 0.9938175977461691, 0.9938631782679401, 0.9938631782679401, 0.9938631782679401, 0.9938631782679401, 0.9938631782679401, 0.9938631782679401, 0.9938631782679401, 0.9938631782679401, 0.9938631782679401, 0.9938631782679401, 0.9938631782679401, 0.9938631782679401, 0.9938631782679401, 0.9938631782679401, 0.9938631782679401, 0.9938631782679401, 0.9938631782679401, 0.9938631782679401, 0.9938631782679401, 0.9938631782679401, 0.9938631782679401, 0.9938631782679401, 0.9938631782679401, 0.9938631782679401, 0.9938631782679401]}