{"task_id": "xgb-145976", "max_evals": 50, "batch_size": 5, "n_repeat": 3, "scores": [0.7098138651471985, 0.8212668566001899, 0.8212668566001899, 0.8212668566001899, 0.8212668566001899, 0.8244036087369421, 0.8244036087369421, 0.8244036087369421, 0.8244036087369421, 0.8244036087369421, 0.8244036087369421, 0.8256381766381766, 0.8256381766381766, 0.8256381766381766, 0.8256381766381766, 0.8256381766381766, 0.8256381766381766, 0.8256381766381766, 0.8256381766381766, 0.8256381766381766, 0.8256381766381766, 0.8256381766381766, 0.8256381766381766, 0.8256381766381766, 0.8256381766381766, 0.8256381766381766, 0.8256381766381766, 0.831863247863248, 0.831863247863248, 0.8329990503323836, 0.8329990503323836, 0.8329990503323836, 0.8329990503323836, 0.8329990503323836, 0.8329990503323836, 0.8329990503323836, 0.8329990503323836, 0.8329990503323836, 0.8329990503323836, 0.8329990503323836, 0.8329990503323836, 0.8329990503323836, 0.8329990503323836, 0.8329990503323836, 0.8329990503323836, 0.8329990503323836, 0.8329990503323836, 0.8329990503323836, 0.8329990503323836, 0.8329990503323836]}