{"task_id": "xgb-145847", "max_evals": 50, "batch_size": 5, "n_repeat": 3, "scores": [0.5971374767336538, 0.8431991549464003, 0.8431991549464003, 0.8811319911015557, 0.8811319911015557, 0.9275764218599143, 0.9359652460509421, 0.9359652460509421, 0.9478710845352204, 0.9478710845352204, 0.9478710845352204, 0.9478710845352204, 0.9478710845352204, 0.9479582574377657, 0.9479582574377657, 0.9479582574377657, 0.9479582574377657, 0.9479582574377657, 0.9479582574377657, 0.9479582574377657, 0.9479582574377657, 0.9479582574377657, 0.9479582574377657, 0.9479582574377657, 0.9479582574377657, 0.9479582574377657, 0.9479582574377657, 0.9479582574377657, 0.9507451053579783, 0.9507451053579783, 0.9507451053579783, 0.9507451053579783, 0.9528547134880109, 0.9528547134880109, 0.9528547134880109, 0.9528547134880109, 0.9528547134880109, 0.9528547134880109, 0.9528547134880109, 0.9528547134880109, 0.9528547134880109, 0.9528547134880109, 0.9528547134880109, 0.9528547134880109, 0.9528547134880109, 0.9528547134880109, 0.9528547134880109, 0.9528547134880109, 0.9528547134880109, 0.9528547134880109]}