{"task_id": "xgb-145862", "max_evals": 50, "batch_size": 5, "n_repeat": 3, "scores": [0.583856929245128, 0.7214976666995301, 0.8738258076177331, 0.8738258076177331, 0.8925354431627723, 0.8925354431627723, 0.8930039929015084, 0.8930039929015084, 0.8930039929015084, 0.8981032238982549, 0.8981032238982549, 0.8981032238982549, 0.8981032238982549, 0.8981032238982549, 0.8981032238982549, 0.9048962831509414, 0.9048962831509414, 0.9048962831509414, 0.9048962831509414, 0.9048962831509414, 0.9048962831509414, 0.908596108974991, 0.908596108974991, 0.908596108974991, 0.908596108974991, 0.908596108974991, 0.908596108974991, 0.908596108974991, 0.908596108974991, 0.908596108974991, 0.9113345821420356, 0.9113345821420356, 0.9113345821420356, 0.9113345821420356, 0.9113345821420356, 0.9113345821420356, 0.9113345821420356, 0.9113345821420356, 0.9113345821420356, 0.9113345821420356, 0.9113345821420356, 0.9113345821420356, 0.9113345821420356, 0.9113345821420356, 0.9113345821420356, 0.9113345821420356, 0.9113345821420356, 0.9113345821420356, 0.9113345821420356, 0.9196344605475041]}