{"task_id": "xgb-49", "max_evals": 50, "batch_size": 5, "n_repeat": 3, "scores": [0.6276634146653123, 0.7811795859866701, 0.8260722796775929, 0.8260722796775929, 0.8260722796775929, 0.8260722796775929, 0.8260722796775929, 0.8300172822468838, 0.8300172822468838, 0.8300172822468838, 0.8300172822468838, 0.8300172822468838, 0.8606966094790257, 0.8606966094790257, 0.8606966094790257, 0.8631525869824413, 0.8631525869824413, 0.8724984019892306, 0.8724984019892306, 0.8724984019892306, 0.8724984019892306, 0.8724984019892306, 0.8724984019892306, 0.8724984019892306, 0.8724984019892306, 0.8724984019892306, 0.8724984019892306, 0.8724984019892306, 0.8724984019892306, 0.8724984019892306, 0.8724984019892306, 0.8724984019892306, 0.8724984019892306, 0.8724984019892306, 0.8724984019892306, 0.8724984019892306, 0.8874372318711344, 0.8874372318711344, 0.8874372318711344, 0.889718439781691, 0.889718439781691, 0.889718439781691, 0.889718439781691, 0.889718439781691, 0.889718439781691, 0.889718439781691, 0.8984577712914209, 0.8984577712914209, 0.8984577712914209, 0.8984577712914209]}