{"task_id": "rf-145878", "max_evals": 50, "batch_size": 5, "n_repeat": 10, "scores": [0.9880194976980692, 0.9887779152064866, 0.98961396275682, 0.9903288669002954, 0.9903366144437571, 0.9903514223871366, 0.9903956916099773, 0.990499862571291, 0.9905491651205937, 0.9905491651205937, 0.9908004191575619, 0.9908004191575619, 0.9908322167250738, 0.9908587404658832, 0.9909245001030713, 0.9910800006871435, 0.9910800006871435, 0.9910800006871435, 0.9910876795162509, 0.9910926269497697, 0.9910926269497697, 0.9912078437435581, 0.9912078437435581, 0.9912078437435581, 0.9912473029615887, 0.9913558372844087, 0.9913558372844087, 0.9913558372844087, 0.9914173967566825, 0.9914173967566825, 0.9914905947227377, 0.9914905947227377, 0.99150209578781, 0.99150209578781, 0.99150209578781, 0.9915426028997457, 0.9915426028997457, 0.9916267092695664, 0.9916267092695664, 0.9916267092695664, 0.9916267092695664, 0.9916267092695664, 0.9916267092695664, 0.9916267092695664, 0.9916267092695664, 0.9916267092695664, 0.9916267092695664, 0.9916267092695664, 0.9916267092695664, 0.9917193018621591]}