{"task_id": "rf-145862", "max_evals": 50, "batch_size": 5, "n_repeat": 10, "scores": [0.8992819160997731, 0.910064063886424, 0.9165791062801931, 0.9173895938085378, 0.9177678842551513, 0.9178649659863944, 0.9178649659863944, 0.9184733658680864, 0.9187068322981368, 0.9187826432022085, 0.9187826432022085, 0.9192399536626243, 0.9192399536626243, 0.9192399536626243, 0.9192399536626243, 0.9194646850044366, 0.9194646850044366, 0.9194646850044366, 0.9196764320220842, 0.9198770975056689, 0.9198770975056689, 0.9198770975056689, 0.9198770975056689, 0.9198770975056689, 0.9198770975056689, 0.9199873311643498, 0.9201223898254953, 0.9203214827960169, 0.9203214827960169, 0.9204502168983535, 0.9205131075618652, 0.9205131075618652, 0.9205131075618652, 0.9205485260770974, 0.9205485260770974, 0.9205485260770974, 0.9205485260770974, 0.9205485260770974, 0.9205485260770974, 0.9205485260770974, 0.9205485260770974, 0.9205485260770974, 0.9205485260770974, 0.9205485260770974, 0.9205485260770974, 0.9205485260770974, 0.9205485260770974, 0.9206075027112295, 0.9206075027112295, 0.9206075027112295]}