{"task_id": "svm-3918", "max_evals": 50, "batch_size": 5, "n_repeat": 3, "scores": [0.5261012071464135, 0.5979964058999253, 0.6249311241953839, 0.6670399407429141, 0.6670399407429141, 0.6670399407429141, 0.6670399407429141, 0.6670399407429141, 0.6738269997599486, 0.6738269997599486, 0.6783808601390519, 0.7095573166720012, 0.7095573166720012, 0.7095573166720012, 0.7185951891959174, 0.7185951891959174, 0.7185951891959174, 0.7185951891959174, 0.7185951891959174, 0.7185951891959174, 0.7185951891959174, 0.7185951891959174, 0.720920018492834, 0.720920018492834, 0.720920018492834, 0.720920018492834, 0.720920018492834, 0.720920018492834, 0.720920018492834, 0.720920018492834, 0.720920018492834, 0.720920018492834, 0.720920018492834, 0.720920018492834, 0.720920018492834, 0.720920018492834, 0.720920018492834, 0.720920018492834, 0.720920018492834, 0.7230177715690459, 0.7230177715690459, 0.7230177715690459, 0.7230177715690459, 0.7230564187026566, 0.7230564187026566, 0.7230564187026566, 0.7230564187026566, 0.7230564187026566, 0.7230564187026566, 0.7249244283224865]}