{"task_id": "xgb-145857", "max_evals": 50, "batch_size": 5, "n_repeat": 3, "scores": [0.7696524713640197, 0.7696524713640197, 0.8739480401067206, 0.8739480401067206, 0.8739480401067206, 0.8990262937567969, 0.8990262937567969, 0.9145781749373018, 0.9154608145442036, 0.9154608145442036, 0.9154608145442036, 0.9307424604472204, 0.9307424604472204, 0.9307424604472204, 0.931034316753506, 0.931034316753506, 0.931034316753506, 0.931034316753506, 0.931034316753506, 0.931034316753506, 0.931034316753506, 0.9414414831967718, 0.9414414831967718, 0.9414414831967718, 0.9414414831967718, 0.9414414831967718, 0.9460998177624145, 0.9475907305894937, 0.9475907305894937, 0.9475907305894937, 0.9475907305894937, 0.9475907305894937, 0.9475907305894937, 0.9475907305894937, 0.9475907305894937, 0.9475907305894937, 0.9475907305894937, 0.9475907305894937, 0.9475907305894937, 0.9475907305894937, 0.9475907305894937, 0.9475907305894937, 0.9475907305894937, 0.9475907305894937, 0.9475907305894937, 0.9475907305894937, 0.9505421988840013, 0.9505421988840013, 0.9505421988840013, 0.9505421988840013]}