{"task_id": "xgb-10093", "max_evals": 50, "batch_size": 5, "n_repeat": 3, "scores": [0.8331395739721884, 0.9997127692554786, 0.9997701967287819, 0.9997701967287819, 0.9997701967287819, 0.9997701967287819, 0.9997701967287819, 0.9997701967287819, 0.9997773868351953, 0.9997773868351953, 0.9997773868351953, 0.9997773868351953, 0.9997773868351953, 0.9998346275524878, 0.9998346275524878, 0.9998346275524878, 0.9998346275524878, 0.9998346275524878, 0.9998346275524878, 0.9998346275524878, 0.9998346275524878, 0.9998346275524878, 0.9998633879781421, 0.9998633879781421, 0.9998633879781421, 0.9998633879781421, 0.9998633879781421, 0.9998633879781421, 0.9998633879781421, 0.9998633879781421, 0.9998633879781421, 0.9998633879781421, 0.9998633879781421, 0.9998633879781421, 0.9998633879781421, 0.9998633879781421, 0.9998633879781421, 0.9998633879781421, 0.9998633879781421, 0.9998633879781421, 0.9998633879781421, 0.9998633879781421, 0.9998634813561474, 0.9998634813561474, 0.9998634813561474, 0.9998634813561474, 0.9998634813561474, 0.9998634813561474, 0.9998634813561474, 0.9998634813561474]}