{"task_id": "xgb-145878", "max_evals": 50, "batch_size": 5, "n_repeat": 3, "scores": [0.657113710804187, 0.9881401887354269, 0.9908233124899791, 0.9922377974758927, 0.9927936966032204, 0.9927936966032204, 0.9927936966032204, 0.9927936966032204, 0.9927936966032204, 0.9927936966032204, 0.9936485031723126, 0.9936485031723126, 0.9936485031723126, 0.9936485031723126, 0.9936485031723126, 0.9938496644449023, 0.9938496644449023, 0.9938496644449023, 0.9938496644449023, 0.9938496644449023, 0.9938496644449023, 0.9938496644449023, 0.9938496644449023, 0.9938496644449023, 0.9938496644449023, 0.9938496644449023, 0.9938496644449023, 0.9938496644449023, 0.9938496644449023, 0.9938496644449023, 0.9941237201951486, 0.9941237201951486, 0.9941237201951486, 0.9941237201951486, 0.9941237201951486, 0.9941237201951486, 0.9941237201951486, 0.9941237201951486, 0.9941237201951486, 0.9941237201951486, 0.9941237201951486, 0.9941237201951486, 0.9941237201951486, 0.9941237201951486, 0.9941237201951486, 0.9941237201951486, 0.9941237201951486, 0.9941237201951486, 0.9941237201951486, 0.9941237201951486]}