{"task_id": "rf-3918", "max_evals": 50, "batch_size": 5, "n_repeat": 3, "scores": [0.8502481362690708, 0.8502481362690708, 0.8516162059017035, 0.8519457206426259, 0.8528143781784557, 0.8548147493687542, 0.8548147493687542, 0.8553987350634803, 0.8553987350634803, 0.8558106007059285, 0.8562436930989722, 0.8562436930989722, 0.8562905919929585, 0.8562921478804367, 0.8562921478804367, 0.856966680669654, 0.856966680669654, 0.856966680669654, 0.856966680669654, 0.856966680669654, 0.856966680669654, 0.856966680669654, 0.856966680669654, 0.856966680669654, 0.856966680669654, 0.856966680669654, 0.856966680669654, 0.856966680669654, 0.856966680669654, 0.856966680669654, 0.856966680669654, 0.856966680669654, 0.856966680669654, 0.856966680669654, 0.8573745176748818, 0.8573745176748818, 0.8573745176748818, 0.8573745176748818, 0.8573745176748818, 0.8573745176748818, 0.8573745176748818, 0.8573745176748818, 0.8573745176748818, 0.8573745176748818, 0.8577899396315658, 0.8577899396315658, 0.8577899396315658, 0.8577899396315658, 0.8577899396315658, 0.8577899396315658]}