{"task_id": "rf-3", "max_evals": 50, "batch_size": 5, "n_repeat": 3, "scores": [0.9969091623803094, 0.9969806455469911, 0.9969806455469911, 0.9970264707942217, 0.9970264707942217, 0.9970818093133489, 0.9970818093133489, 0.9970818093133489, 0.9970818093133489, 0.9970818093133489, 0.9970818093133489, 0.9971090069602796, 0.9971090069602796, 0.9971090069602796, 0.9971090069602796, 0.9971090069602796, 0.9971090069602796, 0.9971090069602796, 0.9971090069602796, 0.9971090069602796, 0.9971090069602796, 0.9971090069602796, 0.9971090069602796, 0.9971090069602796, 0.997218437222562, 0.997218437222562, 0.997218437222562, 0.997218437222562, 0.9974017050178968, 0.9974017050178968, 0.9974017050178968, 0.9974017050178968, 0.9974997481216793, 0.9974997481216793, 0.9974997481216793, 0.9974997481216793, 0.9974997481216793, 0.9974997481216793, 0.9974997481216793, 0.9975253313297063, 0.9975253313297063, 0.9975674684177593, 0.9975674684177593, 0.9975674684177593, 0.9975932049263901, 0.9975932049263901, 0.9976104203515169, 0.9976104203515169, 0.9976104203515169, 0.9976104203515169]}