{"task_id": "rf-9967", "max_evals": 50, "batch_size": 5, "n_repeat": 3, "scores": [0.9842078399111437, 0.9867532416656872, 0.9867532416656872, 0.9867532416656872, 0.9867532416656872, 0.9881282563560152, 0.9883300035256787, 0.9888314333842597, 0.9888314333842597, 0.9888314333842597, 0.9889215340619736, 0.9889215340619736, 0.9889215340619736, 0.9889215340619736, 0.9889215340619736, 0.9889215340619736, 0.9889215340619736, 0.9889215340619736, 0.9889215340619736, 0.9889215340619736, 0.9889528734281349, 0.9889528734281349, 0.9895091471774983, 0.9895091471774983, 0.9895091471774983, 0.9895091471774983, 0.9895091471774983, 0.9895091471774983, 0.9895091471774983, 0.9895894543032867, 0.9895894543032867, 0.9895894543032867, 0.9895894543032867, 0.9895894543032867, 0.9895894543032867, 0.9895894543032867, 0.9895894543032867, 0.9895894543032867, 0.9895894543032867, 0.9896384220629137, 0.9896384220629137, 0.9896384220629137, 0.9896756375602305, 0.9896756375602305, 0.9896756375602305, 0.9896756375602305, 0.9896756375602305, 0.9896756375602305, 0.9896756375602305, 0.9896756375602305]}