{"task_id": "rf-9971", "max_evals": 50, "batch_size": 5, "n_repeat": 3, "scores": [0.7415193516430962, 0.7466413597959508, 0.7466413597959508, 0.7466413597959508, 0.7466413597959508, 0.7466413597959508, 0.7466413597959508, 0.7472997939013003, 0.7473934492496186, 0.7482670913894013, 0.7482670913894013, 0.7482670913894013, 0.7482670913894013, 0.7482670913894013, 0.7482670913894013, 0.7490244471772449, 0.7490244471772449, 0.7491226571929586, 0.7491226571929586, 0.7491226571929586, 0.7491226571929586, 0.7491226571929586, 0.7496666552799981, 0.7506841964428047, 0.7506841964428047, 0.7506841964428047, 0.7506841964428047, 0.7507818371250939, 0.7507818371250939, 0.7507818371250939, 0.7507818371250939, 0.7507818371250939, 0.7508834631413541, 0.7513901698890938, 0.7513901698890938, 0.7513901698890938, 0.7513901698890938, 0.7513901698890938, 0.7514714422354306, 0.7516943362710938, 0.7516943362710938, 0.7516943362710938, 0.7516943362710938, 0.7516943362710938, 0.7516943362710938, 0.7516943362710938, 0.7520342283254765, 0.7520342283254765, 0.7520342283254765, 0.7520342283254765]}