{"task_id": "svm-9980", "max_evals": 50, "batch_size": 5, "n_repeat": 3, "scores": [0.5098394557823129, 0.5098394557823129, 0.5098394557823129, 0.5261088435374149, 0.5261088435374149, 0.5322938775510204, 0.5322938775510204, 0.5535755102040816, 0.5647619047619048, 0.5647619047619048, 0.5708612244897959, 0.5708612244897959, 0.5708612244897959, 0.5708612244897959, 0.5708612244897959, 0.5708612244897959, 0.5708612244897959, 0.5909646258503402, 0.5909646258503402, 0.5909646258503402, 0.5909646258503402, 0.5909646258503402, 0.5909646258503402, 0.5909646258503402, 0.5909646258503402, 0.5909646258503402, 0.5909646258503402, 0.5909646258503402, 0.5909646258503402, 0.5909646258503402, 0.5909646258503402, 0.5909646258503402, 0.5909646258503402, 0.5909646258503402, 0.5909646258503402, 0.6244421768707483, 0.6244421768707483, 0.6244421768707483, 0.6244421768707483, 0.6244421768707483, 0.6244421768707483, 0.6244421768707483, 0.6244421768707483, 0.6244421768707483, 0.6244421768707483, 0.6244421768707483, 0.6244421768707483, 0.6244421768707483, 0.6244421768707483, 0.6244421768707483]}