{"task_id": "xgb-3485", "max_evals": 50, "batch_size": 5, "n_repeat": 3, "scores": [0.8663510633986777, 0.94041485395879, 0.9483289139630026, 0.9641524431452099, 0.9641524431452099, 0.9646953733866571, 0.9735053233710417, 0.9735393742571977, 0.9748190675170155, 0.9748190675170155, 0.9748190675170155, 0.9748190675170155, 0.9748190675170155, 0.9748190675170155, 0.9748190675170155, 0.9748190675170155, 0.9748190675170155, 0.9748190675170155, 0.9748190675170155, 0.9756602971256442, 0.9756602971256442, 0.9756602971256442, 0.9756602971256442, 0.9756602971256442, 0.9756602971256442, 0.9756602971256442, 0.9756602971256442, 0.9760913966651993, 0.9769433047777077, 0.9769433047777077, 0.9769433047777077, 0.9769433047777077, 0.9769433047777077, 0.9769433047777077, 0.9769433047777077, 0.9769433047777077, 0.9769433047777077, 0.9769433047777077, 0.9769433047777077, 0.9769433047777077, 0.9769433047777077, 0.9769433047777077, 0.9769433047777077, 0.9769433047777077, 0.9769433047777077, 0.9769433047777077, 0.9769433047777077, 0.9769433047777077, 0.9769433047777077, 0.9769433047777077]}