{"task_id": "xgb-145878", "max_evals": 50, "batch_size": 5, "n_repeat": 3, "scores": [0.9905324217228978, 0.9912499141070569, 0.9912499141070569, 0.9927296777296776, 0.9930691266405551, 0.9930691266405551, 0.9930691266405551, 0.9930691266405551, 0.9930691266405551, 0.9939901852997091, 0.9945097803431135, 0.9945097803431135, 0.9945097803431135, 0.9945097803431135, 0.9945097803431135, 0.9945097803431135, 0.9945097803431135, 0.9945097803431135, 0.9945097803431135, 0.9945097803431135, 0.9945097803431135, 0.9945097803431135, 0.9945097803431135, 0.9945097803431135, 0.9945097803431135, 0.9945097803431135, 0.9945097803431135, 0.9945097803431135, 0.9945097803431135, 0.9949459447078494, 0.9949459447078494, 0.9949459447078494, 0.9949459447078494, 0.9949459447078494, 0.9949459447078494, 0.9949459447078494, 0.9949459447078494, 0.9949459447078494, 0.9949459447078494, 0.9949459447078494, 0.9949459447078494, 0.9949459447078494, 0.9949459447078494, 0.9949459447078494, 0.9949459447078494, 0.9949459447078494, 0.9949459447078494, 0.9949459447078494, 0.9949459447078494, 0.9949459447078494]}