{"task_id": "xgb-3913", "max_evals": 50, "batch_size": 5, "n_repeat": 3, "scores": [0.8105405976137683, 0.8189825080068983, 0.823216133460036, 0.8265846619505157, 0.8265846619505157, 0.8265846619505157, 0.8265846619505157, 0.8265846619505157, 0.8265846619505157, 0.8265846619505157, 0.8265846619505157, 0.8265846619505157, 0.8265846619505157, 0.8265846619505157, 0.8265846619505157, 0.8265846619505157, 0.8265846619505157, 0.8265846619505157, 0.8265846619505157, 0.8265846619505157, 0.8265846619505157, 0.8265846619505157, 0.8265846619505157, 0.8265846619505157, 0.8272113117235068, 0.8280801041776652, 0.8280801041776652, 0.8280801041776652, 0.8280801041776652, 0.8280801041776652, 0.8280801041776652, 0.8280801041776652, 0.8280801041776652, 0.8280801041776652, 0.8280801041776652, 0.8280801041776652, 0.8280801041776652, 0.8280801041776652, 0.8285360574384967, 0.8285360574384967, 0.8285360574384967, 0.8285360574384967, 0.8285360574384967, 0.8285360574384967, 0.8285360574384967, 0.8285360574384967, 0.8294124168514413, 0.8294124168514413, 0.8294124168514413, 0.8294124168514413]}