{"task_id": "xgb-145857", "max_evals": 50, "batch_size": 5, "n_repeat": 3, "scores": [0.9326538589907196, 0.9326538589907196, 0.9326538589907196, 0.9396825245423571, 0.9407646937770467, 0.9407646937770467, 0.9461861002533496, 0.9461861002533496, 0.9461861002533496, 0.9461861002533496, 0.9469292155199204, 0.9469292155199204, 0.9469292155199204, 0.9469292155199204, 0.9469292155199204, 0.9469292155199204, 0.9469292155199204, 0.9469292155199204, 0.9469292155199204, 0.9496639429363055, 0.9496639429363055, 0.9496639429363055, 0.9496639429363055, 0.9496639429363055, 0.9543958465606859, 0.9543958465606859, 0.9543958465606859, 0.9543958465606859, 0.9543958465606859, 0.9543958465606859, 0.9543958465606859, 0.9543958465606859, 0.9543958465606859, 0.9543958465606859, 0.9543958465606859, 0.9543958465606859, 0.9543958465606859, 0.9543958465606859, 0.9543958465606859, 0.9543958465606859, 0.9543958465606859, 0.9543958465606859, 0.9543958465606859, 0.9543958465606859, 0.9543958465606859, 0.9543958465606859, 0.9543958465606859, 0.9543958465606859, 0.9543958465606859, 0.9543958465606859]}