{"task_id": "rf-146065", "max_evals": 50, "batch_size": 5, "n_repeat": 10, "scores": [0.903315934065934, 0.9347756410256409, 0.9546843711843712, 0.9677373321123321, 0.9689552808302807, 0.9785805860805861, 0.9805357142857142, 0.9805357142857142, 0.9824948107448106, 0.9824948107448106, 0.9824948107448106, 0.9841326312576312, 0.9841326312576312, 0.9841326312576312, 0.9841326312576312, 0.9841326312576312, 0.9841326312576312, 0.9841326312576312, 0.9841326312576312, 0.9856607142857141, 0.9914068986568985, 0.9921011904761903, 0.9945682234432234, 0.9945860805860806, 0.9963994200244202, 0.9966353785103784, 0.9966353785103784, 0.9966353785103784, 0.9967327533577534, 0.9978572954822955, 0.9978572954822955, 0.9978572954822955, 0.9978572954822955, 0.9978572954822955, 0.9978572954822955, 0.9978572954822955, 0.9978572954822955, 0.9979763431013431, 0.9979763431013431, 0.9979763431013431, 0.9979882478632479, 0.9979882478632479, 0.9979882478632479, 0.9979882478632479, 0.9979882478632479, 0.9981085164835166, 0.9981085164835166, 0.9981085164835166, 0.9981085164835166, 0.9981085164835166]}