{"task_id": "rf-37", "max_evals": 50, "batch_size": 5, "n_repeat": 10, "scores": [0.8213037037037036, 0.82822792022792, 0.8309561253561254, 0.8319649572649572, 0.8319649572649572, 0.8326715099715101, 0.8326715099715101, 0.8334438746438746, 0.8335153846153845, 0.8339529914529915, 0.8344823361823362, 0.8354475783475783, 0.8354475783475783, 0.8354475783475783, 0.8356743589743589, 0.8356857549857549, 0.8357364672364671, 0.8357364672364671, 0.8357364672364671, 0.8357364672364671, 0.8359886039886041, 0.8361877492877493, 0.8362840455840456, 0.8362840455840456, 0.8370487179487179, 0.8371230769230769, 0.8371971509971511, 0.8371971509971511, 0.8372601139601139, 0.8374176638176639, 0.8374176638176639, 0.8374176638176639, 0.8374176638176639, 0.8374176638176639, 0.8374712250712252, 0.8374712250712252, 0.8374712250712252, 0.8374712250712252, 0.8374712250712252, 0.8374712250712252, 0.8374712250712252, 0.8374712250712252, 0.8374712250712252, 0.83754301994302, 0.83754301994302, 0.83754301994302, 0.83754301994302, 0.83754301994302, 0.83754301994302, 0.83754301994302]}