{"task_id": "rf-9971", "max_evals": 50, "batch_size": 5, "n_repeat": 3, "scores": [0.7369609835804241, 0.7369609835804241, 0.7410735635717701, 0.7410735635717701, 0.7410735635717701, 0.7464732641023889, 0.7464732641023889, 0.7464732641023889, 0.7464732641023889, 0.7464732641023889, 0.7464732641023889, 0.7464732641023889, 0.7477102833003121, 0.7477102833003121, 0.7483507834027919, 0.7483507834027919, 0.7483507834027919, 0.7483507834027919, 0.7483507834027919, 0.7483507834027919, 0.7484272164150213, 0.7484272164150213, 0.7484272164150213, 0.7484272164150213, 0.7514722962355673, 0.7516617419325454, 0.7516617419325454, 0.7516617419325454, 0.7516617419325454, 0.7516617419325454, 0.7516617419325454, 0.7516617419325454, 0.7516617419325454, 0.7516617419325454, 0.7516617419325454, 0.7516617419325454, 0.7516617419325454, 0.7516617419325454, 0.7516617419325454, 0.7516617419325454, 0.7516617419325454, 0.7516617419325454, 0.7516617419325454, 0.7516617419325454, 0.7516617419325454, 0.7516617419325454, 0.7516617419325454, 0.7516617419325454, 0.7516617419325454, 0.7516617419325454]}