{"task_id": "svm-146064", "max_evals": 50, "batch_size": 5, "n_repeat": 3, "scores": [0.7193879883915159, 0.7800540415068634, 0.7800540415068634, 0.8326297322769985, 0.8452956010936609, 0.8870998793893414, 0.8894551116056847, 0.961813049979937, 0.961813049979937, 0.961813049979937, 0.961813049979937, 0.9625783561023861, 0.9625783561023861, 0.9625783561023861, 0.9625783561023861, 0.9625783561023861, 0.9625783561023861, 0.9625783561023861, 0.9795927115702248, 0.9795927115702248, 0.9802729836790682, 0.9802729836790682, 0.9802729836790682, 0.9802729836790682, 0.9802729836790682, 0.9802729836790682, 0.9854086765021509, 0.9854086765021509, 0.9857191264708902, 0.9857191264708902, 0.9857191264708902, 0.9945626638858561, 0.9945626638858561, 0.9945626638858561, 0.9945626638858561, 0.9972075249853027, 0.9972075249853027, 0.9972075249853027, 0.9972075249853027, 0.9972075249853027, 0.9972075249853027, 0.9981428991349626, 0.9981428991349626, 0.9993197278911565, 0.9993197278911565, 0.9993197278911565, 0.9993197278911565, 0.9993197278911565, 0.9993197278911565, 0.9993197278911565]}