{"task_id": "svm-3492", "max_evals": 50, "batch_size": 5, "n_repeat": 3, "scores": [0.6610465482489293, 0.7174474865391973, 0.7221557930442409, 0.7231391081809951, 0.813002388884223, 0.9228704170282653, 0.9228704170282653, 0.9228704170282653, 0.9228704170282653, 0.9228704170282653, 0.9766317432322724, 0.9776818374812203, 0.981210749045846, 0.981210749045846, 0.981210749045846, 0.981210749045846, 0.981210749045846, 0.9893868452730886, 0.9893868452730886, 0.9893868452730886, 0.9893868452730886, 0.9893868452730886, 0.9893868452730886, 0.9893868452730886, 0.9893868452730886, 0.9893868452730886, 0.9893868452730886, 0.9893868452730886, 0.9893868452730886, 0.995677729253567, 0.995677729253567, 0.9987244897959183, 0.9993197278911565, 0.9993197278911565, 0.9993197278911565, 0.9993197278911565, 0.9993197278911565, 0.9993197278911565, 1.0, 1.0, 1.0, 1.0, 1.0, 1.0, 1.0, 1.0, 1.0, 1.0, 1.0, 1.0]}