{"task_id": "xgb-145862", "max_evals": 50, "batch_size": 5, "n_repeat": 3, "scores": [0.542720464031023, 0.6387538368004206, 0.7500901278385751, 0.8863035919681882, 0.8863035919681882, 0.8863035919681882, 0.8863035919681882, 0.8863035919681882, 0.8863035919681882, 0.8863035919681882, 0.8963527720266852, 0.8987367478392324, 0.8987367478392324, 0.8987367478392324, 0.8987367478392324, 0.8987367478392324, 0.89927950310559, 0.89927950310559, 0.9006407210227086, 0.9006407210227086, 0.9052399355877618, 0.9052399355877618, 0.9054860494922607, 0.9109261559696341, 0.9177231423970555, 0.9196911827532945, 0.9196911827532945, 0.9196911827532945, 0.9219778993723092, 0.9219778993723092, 0.9219778993723092, 0.9219778993723092, 0.9220900292484142, 0.9223185283775345, 0.9223185283775345, 0.9223185283775345, 0.9223185283775345, 0.9223185283775345, 0.9223185283775345, 0.9223185283775345, 0.9224435571329982, 0.9224435571329982, 0.9224435571329982, 0.9224435571329982, 0.9224435571329982, 0.9227417102106542, 0.9227417102106542, 0.9227417102106542, 0.9227417102106542, 0.9227417102106542]}