{"task_id": "rf-145855", "max_evals": 50, "batch_size": 5, "n_repeat": 10, "scores": [0.8640423004644896, 0.867100574406978, 0.8680734208240259, 0.8689583222529518, 0.8692537141438853, 0.8699292074424706, 0.8699292074424706, 0.8699764541892707, 0.8700662717618695, 0.870117263677623, 0.870154682126015, 0.8702207433606356, 0.8702207433606356, 0.8702207433606356, 0.870258172889409, 0.8704780630606674, 0.8705131767897033, 0.8705644900365209, 0.8706592383788958, 0.8707278702620289, 0.8707278702620289, 0.8707994162855016, 0.8707994162855016, 0.8709044583023082, 0.8709044583023082, 0.8709188738786654, 0.8709188738786654, 0.8709764032195156, 0.8709764032195156, 0.8709764032195156, 0.8709764032195156, 0.8709764032195156, 0.8709764032195156, 0.8709764032195156, 0.8710834729461405, 0.8710834729461405, 0.8712334680707727, 0.8712334680707727, 0.8712334680707727, 0.8713657345849732, 0.8713888925823495, 0.8713888925823495, 0.8714860564478958, 0.8714860564478958, 0.8714860564478958, 0.8714860564478958, 0.8714860564478958, 0.8714860564478958, 0.8714860564478958, 0.8714860564478958]}