{"task_id": "rf-145878", "max_evals": 50, "batch_size": 5, "n_repeat": 10, "scores": [0.9903804198447055, 0.9910756459149315, 0.99147804576376, 0.9915477908335051, 0.9915477908335051, 0.9919409400123685, 0.9919409400123685, 0.9919409400123685, 0.9919604033532604, 0.9919854325568611, 0.9920602453102454, 0.9921011303511303, 0.9921011303511303, 0.9922708376279805, 0.9922708376279805, 0.9922708376279805, 0.9922708376279805, 0.9922970693327837, 0.9922970693327837, 0.9923363739435169, 0.9923363739435169, 0.9923363739435169, 0.9923812444169589, 0.9923812444169589, 0.9923812444169589, 0.9923812444169589, 0.9923812444169589, 0.9923812444169589, 0.9923812444169589, 0.9923812444169589, 0.9923812444169589, 0.9923812444169589, 0.9923812444169589, 0.9923812444169589, 0.9923812444169589, 0.9924101044458189, 0.9924101044458189, 0.9924289665361095, 0.9924289665361095, 0.9924289665361095, 0.9924289665361095, 0.9924289665361095, 0.9924289665361095, 0.9924289665361095, 0.9924289665361095, 0.9924289665361095, 0.9924289665361095, 0.9924289665361095, 0.9924289665361095, 0.9924289665361095]}