{"task_id": "rf-145976", "max_evals": 50, "batch_size": 5, "n_repeat": 10, "scores": [0.8327131054131055, 0.8338621082621083, 0.8339680911680911, 0.8341669515669515, 0.8346863247863249, 0.8350532763532765, 0.8356096866096866, 0.8359401709401709, 0.8364279202279203, 0.8365706552706552, 0.8365849002849002, 0.8367168091168089, 0.8367236467236466, 0.8367763532763532, 0.8367763532763532, 0.8368655270655271, 0.8368846153846153, 0.8369105413105412, 0.8369105413105412, 0.8369447293447294, 0.8369447293447294, 0.8369723646723646, 0.8370652421652423, 0.8371564102564102, 0.8374723646723646, 0.8374877492877492, 0.8374877492877492, 0.8374877492877492, 0.8374877492877492, 0.8374877492877492, 0.8374877492877492, 0.8374877492877492, 0.8374877492877492, 0.837654131054131, 0.8379039886039887, 0.8379039886039887, 0.8380378917378918, 0.8381834757834759, 0.8381834757834759, 0.8381834757834759, 0.8381834757834759, 0.8382968660968662, 0.8382968660968662, 0.8384623931623931, 0.8384623931623931, 0.8384623931623931, 0.8384623931623931, 0.8384911680911682, 0.8384911680911682, 0.8384911680911682]}