{"task_id": "rf-145972", "max_evals": 50, "batch_size": 5, "n_repeat": 10, "scores": [0.7914404761904763, 0.7930833333333335, 0.796407142857143, 0.7983571428571429, 0.7994285714285715, 0.8005833333333333, 0.8005833333333333, 0.8012476190476191, 0.8022928571428573, 0.8024238095238095, 0.8024238095238095, 0.8024238095238095, 0.803045238095238, 0.8033023809523808, 0.8038880952380951, 0.8039214285714286, 0.8039214285714286, 0.8041261904761905, 0.8041261904761905, 0.8041261904761905, 0.8044190476190476, 0.8044190476190476, 0.8044190476190476, 0.8044190476190476, 0.8044190476190476, 0.804595238095238, 0.804604761904762, 0.8047095238095239, 0.8047095238095239, 0.8047095238095239, 0.8047095238095239, 0.8048714285714287, 0.8048714285714287, 0.8048714285714287, 0.8048714285714287, 0.8048714285714287, 0.8049238095238096, 0.8049238095238096, 0.8049238095238096, 0.8049238095238096, 0.8049238095238096, 0.8049238095238096, 0.8049857142857142, 0.8049857142857142, 0.8052142857142857, 0.8055571428571427, 0.8055571428571427, 0.8055571428571427, 0.8055571428571427, 0.8055571428571427]}