{"task_id": "rf-145804", "max_evals": 50, "batch_size": 5, "n_repeat": 10, "scores": [0.9572347788903766, 0.9714713138432304, 0.9823844731766934, 0.9830693717695617, 0.9842594303932065, 0.9852096094221332, 0.986584618207009, 0.986584618207009, 0.9870378790160574, 0.98729229358736, 0.987333420497557, 0.9873649616249237, 0.9873919368985783, 0.9873919368985783, 0.9873919368985783, 0.9873919368985783, 0.9873919368985783, 0.9875382678323856, 0.9875382678323856, 0.9875382678323856, 0.9875382678323856, 0.9876414867022077, 0.9876642452354029, 0.9876642452354029, 0.9876642452354029, 0.9876642452354029, 0.9876642452354029, 0.9876642452354029, 0.9876642452354029, 0.9876642452354029, 0.9876642452354029, 0.9876642452354029, 0.9876642452354029, 0.9878411429739703, 0.9878411429739703, 0.9881524926686218, 0.9881635022858932, 0.9882039218424419, 0.9882448548008321, 0.9882448548008321, 0.9882448548008321, 0.9884371340585762, 0.9884371340585762, 0.9884662405203203, 0.9884662405203203, 0.9884806956343958, 0.9884806956343958, 0.9884806956343958, 0.9884806956343958, 0.9884806956343958]}