{"task_id": "rf-3917", "max_evals": 50, "batch_size": 5, "n_repeat": 10, "scores": [0.7843004737642255, 0.7911727617252812, 0.791626317471368, 0.7919936446450888, 0.7919936446450888, 0.7920327195535958, 0.7929227193431713, 0.7929227193431713, 0.7929227193431713, 0.7930086933553887, 0.7930418655297087, 0.7931184023894237, 0.7934300507348927, 0.7935048235061525, 0.793878679486393, 0.793878679486393, 0.793878679486393, 0.793878679486393, 0.793878679486393, 0.7943054795193951, 0.794464880982951, 0.7946518706440939, 0.7950261991878327, 0.7950261991878327, 0.7951936040640698, 0.7951936040640698, 0.7952848125343573, 0.7953390907616749, 0.7953555438474729, 0.7953716490492616, 0.7953716490492616, 0.7953716490492616, 0.7953716490492616, 0.7953716490492616, 0.7953716490492616, 0.7954005249080789, 0.7954326427308201, 0.7954326427308201, 0.7955168929265031, 0.7956432669568859, 0.7958233074083215, 0.7958233074083215, 0.7958233074083215, 0.7958233074083215, 0.7958233074083215, 0.7958233074083215, 0.7960962675151648, 0.7960962675151648, 0.7960962675151648, 0.7962102899542629]}