{"task_id": "rf-31", "max_evals": 50, "batch_size": 5, "n_repeat": 10, "scores": [0.7901785714285714, 0.7963714285714285, 0.7985095238095238, 0.7997738095238095, 0.8005785714285715, 0.8007119047619048, 0.8011071428571428, 0.8011071428571428, 0.8011071428571428, 0.8015976190476192, 0.801797619047619, 0.801797619047619, 0.801952380952381, 0.801952380952381, 0.8026690476190478, 0.8026690476190478, 0.8036214285714287, 0.8036214285714287, 0.8037595238095239, 0.8038071428571429, 0.8038071428571429, 0.8041071428571429, 0.8041071428571429, 0.8041738095238096, 0.8041738095238096, 0.8042738095238097, 0.8042738095238097, 0.804304761904762, 0.804304761904762, 0.8044119047619048, 0.8044119047619048, 0.8044119047619048, 0.8044261904761905, 0.8044261904761905, 0.8044261904761905, 0.8044261904761905, 0.8044380952380953, 0.8044380952380953, 0.8044380952380953, 0.8046380952380954, 0.8046380952380954, 0.8046380952380954, 0.8048404761904763, 0.8048404761904763, 0.8048404761904763, 0.8049452380952381, 0.8049452380952381, 0.8049452380952381, 0.8051214285714285, 0.8051214285714285]}