{"task_id": "rf-3902", "max_evals": 50, "batch_size": 5, "n_repeat": 10, "scores": [0.9394217218137255, 0.9445959712009804, 0.9449227685866013, 0.9450764654820262, 0.9459321384803921, 0.9472162224264705, 0.9473132404003268, 0.9473443882761439, 0.9475485089869281, 0.9475854013480391, 0.9475854013480391, 0.9475854013480391, 0.9475854013480391, 0.9475902522467321, 0.9475967626633988, 0.9475967626633988, 0.9477516084558826, 0.9479282832924838, 0.9480255565767974, 0.9481668709150327, 0.9481668709150327, 0.9481668709150327, 0.9482141033496733, 0.9482141033496733, 0.9482141033496733, 0.9482610804738562, 0.9482610804738562, 0.9482610804738562, 0.9482610804738562, 0.9482610804738562, 0.9482610804738562, 0.9482610804738562, 0.9482610804738562, 0.9482610804738562, 0.9482610804738562, 0.9482610804738562, 0.9482610804738562, 0.9482610804738562, 0.9482610804738562, 0.9482610804738562, 0.9482610804738562, 0.9482610804738562, 0.9482610804738562, 0.9482610804738562, 0.9482794628267973, 0.9482794628267973, 0.9483103553921568, 0.9483328227124185, 0.9483328227124185, 0.9484184793709151]}