{"task_id": "rf-37", "max_evals": 50, "batch_size": 5, "n_repeat": 10, "scores": [0.8328923076923077, 0.8336851851851852, 0.8347566951566951, 0.8359723646723646, 0.8360527065527066, 0.8360695156695156, 0.8362384615384615, 0.8363715099715099, 0.8365051282051281, 0.8365236467236465, 0.8365339031339032, 0.836711396011396, 0.8367262108262107, 0.8367262108262107, 0.8367262108262107, 0.8367709401709401, 0.8369723646723646, 0.8369723646723646, 0.8369723646723646, 0.8369723646723646, 0.8372518518518518, 0.8372518518518518, 0.8372518518518518, 0.8373501424501425, 0.8373849002849003, 0.8375176638176638, 0.8376076923076923, 0.8376276353276353, 0.8376276353276353, 0.8376276353276353, 0.8376276353276353, 0.8376307692307693, 0.8377074074074073, 0.8377216524216523, 0.8377216524216523, 0.8377216524216523, 0.8377216524216523, 0.8377216524216523, 0.8377689458689458, 0.8377692307692308, 0.8378649572649574, 0.8378649572649574, 0.8378931623931625, 0.837962962962963, 0.8379934472934473, 0.8380435897435896, 0.8380435897435896, 0.8380435897435896, 0.8381096866096864, 0.8381096866096864]}