{"task_id": "rf-3913", "max_evals": 50, "batch_size": 5, "n_repeat": 10, "scores": [0.8214209692746278, 0.825748653785239, 0.8274388660120368, 0.8283900327314961, 0.8292119100411783, 0.8296015204307888, 0.8296608594657375, 0.8296608594657375, 0.8296608594657375, 0.830039911308204, 0.8302947418435224, 0.8304847956921128, 0.8304847956921128, 0.8304847956921128, 0.8304847956921128, 0.8307350860521592, 0.8307350860521592, 0.8309877520853132, 0.831260532150776, 0.831260532150776, 0.831260532150776, 0.831260532150776, 0.8315415478830113, 0.8315930208003379, 0.8315930208003379, 0.8321086474501109, 0.8321086474501109, 0.8321086474501109, 0.8321086474501109, 0.8321086474501109, 0.8321086474501109, 0.8325102417907297, 0.8325102417907297, 0.8325102417907297, 0.8325102417907297, 0.8325102417907297, 0.8325102417907297, 0.8325102417907297, 0.8325618202935277, 0.8325618202935277, 0.8325618202935277, 0.8325618202935277, 0.8329902861366276, 0.8331288670678916, 0.8331776475556965, 0.8331776475556965, 0.8331776475556965, 0.8331776475556965, 0.8331776475556965, 0.8331776475556965]}