{"task_id": "rf-9914", "max_evals": 50, "batch_size": 5, "n_repeat": 3, "scores": [0.9881229963120832, 0.9903224238073296, 0.9908957256372842, 0.9909890824794125, 0.9910700330842372, 0.9910700330842372, 0.9910905448403179, 0.9910905448403179, 0.9916019644180407, 0.9916019644180407, 0.9918214299199555, 0.9918214299199555, 0.9918214299199555, 0.9918214299199555, 0.9918214299199555, 0.9918214299199555, 0.9918214299199555, 0.9918214299199555, 0.9918214299199555, 0.9918214299199555, 0.9918214299199555, 0.9918214299199555, 0.9918214299199555, 0.9918214299199555, 0.9918214299199555, 0.9918214299199555, 0.9918214299199555, 0.9918214299199555, 0.9918991926731792, 0.9918991926731792, 0.9918991926731792, 0.9918991926731792, 0.9918991926731792, 0.9918991926731792, 0.9918991926731792, 0.9918991926731792, 0.9918991926731792, 0.9918991926731792, 0.9918991926731792, 0.9918991926731792, 0.9918991926731792, 0.9918991926731792, 0.9918991926731792, 0.9918991926731792, 0.9918991926731792, 0.9918991926731792, 0.9922099873330765, 0.9922099873330765, 0.9922099873330765, 0.9922099873330765]}