{"task_id": "svm-9952", "max_evals": 50, "batch_size": 5, "n_repeat": 3, "scores": [0.8577890448950822, 0.9164240769545585, 0.9343438425671602, 0.9355543336611495, 0.9355543336611495, 0.9355543336611495, 0.9355543336611495, 0.9355543336611495, 0.9364832985466945, 0.9364832985466945, 0.9364832985466945, 0.9364832985466945, 0.9364832985466945, 0.9364832985466945, 0.9365516219286895, 0.9365516219286895, 0.9365516219286895, 0.9365516219286895, 0.9365516219286895, 0.9367545405506096, 0.9372212601009225, 0.9372212601009225, 0.9372212601009225, 0.9372212601009225, 0.937478035851683, 0.937478035851683, 0.937478035851683, 0.937478035851683, 0.9375403414251974, 0.9375403414251974, 0.9377677742964611, 0.9377677742964611, 0.9377677742964611, 0.9377677742964611, 0.9377677742964611, 0.9377677742964611, 0.9387222836514332, 0.9387222836514332, 0.9387222836514332, 0.9387222836514332, 0.9387222836514332, 0.9387222836514332, 0.9387222836514332, 0.9387222836514332, 0.9396544910854954, 0.9396544910854954, 0.9396544910854954, 0.9396544910854954, 0.9396544910854954, 0.9396544910854954]}