{"task_id": "svm-3485", "max_evals": 50, "batch_size": 5, "n_repeat": 3, "scores": [0.9748346214024571, 0.9783227333305944, 0.9783227333305944, 0.9783520560812874, 0.9783520560812874, 0.9797610282540151, 0.9799622359827768, 0.9799622359827768, 0.9799622359827768, 0.9800028686792084, 0.9800028686792084, 0.9800028686792084, 0.9800276380927212, 0.9800276380927212, 0.9800276380927212, 0.9800921242054628, 0.9800921242054628, 0.9800921242054628, 0.9800921242054628, 0.9800921242054628, 0.9800921242054628, 0.9800921242054628, 0.9800921242054628, 0.9801451359627116, 0.9801451359627116, 0.9801451359627116, 0.9801451359627116, 0.9801451359627116, 0.9801451359627116, 0.9801451359627116, 0.9801451359627116, 0.9801451359627116, 0.9801451359627116, 0.9801451359627116, 0.9801451359627116, 0.9801451359627116, 0.9801451359627116, 0.9801451359627116, 0.9801451359627116, 0.9801451359627116, 0.9801451359627116, 0.9801451359627116, 0.9801451359627116, 0.9801451359627116, 0.9801451359627116, 0.9801451359627116, 0.9802874940329197, 0.9802874940329197, 0.9802874940329197, 0.9802874940329197]}