{"task_id": "svm-3899", "max_evals": 50, "batch_size": 5, "n_repeat": 3, "scores": [0.5059324536310851, 0.5162294527867446, 0.5257095207788672, 0.5298656161813099, 0.5298656161813099, 0.5298656161813099, 0.5316247643410259, 0.5316247643410259, 0.5433821748236672, 0.5433821748236672, 0.5433821748236672, 0.5433821748236672, 0.5433821748236672, 0.5433821748236672, 0.5433821748236672, 0.5433821748236672, 0.5484694164703419, 0.5484694164703419, 0.5484694164703419, 0.5484694164703419, 0.5484694164703419, 0.5484694164703419, 0.5484694164703419, 0.5484694164703419, 0.5484694164703419, 0.5484694164703419, 0.5486059386861896, 0.5486059386861896, 0.5486059386861896, 0.5486059386861896, 0.5486059386861896, 0.5486059386861896, 0.5486059386861896, 0.5486059386861896, 0.5486059386861896, 0.5486059386861896, 0.5486059386861896, 0.5486059386861896, 0.5486059386861896, 0.5486059386861896, 0.5486059386861896, 0.5486059386861896, 0.5486059386861896, 0.5554176133471947, 0.5554176133471947, 0.5554176133471947, 0.5554176133471947, 0.5554176133471947, 0.5554176133471947, 0.5554176133471947]}