{"task_id": "svm-9889", "max_evals": 50, "batch_size": 5, "n_repeat": 3, "scores": [0.9472317653595305, 0.9485188420677608, 0.9498703774892704, 0.9519863182999133, 0.9519863182999133, 0.9519863182999133, 0.9529030645199476, 0.9529030645199476, 0.9529030645199476, 0.9529030645199476, 0.9529030645199476, 0.9529030645199476, 0.9529030645199476, 0.9545855489378369, 0.9545855489378369, 0.9545855489378369, 0.9545855489378369, 0.9545855489378369, 0.9545855489378369, 0.9545855489378369, 0.9545855489378369, 0.9545855489378369, 0.9545855489378369, 0.9545855489378369, 0.9545855489378369, 0.9545855489378369, 0.9545855489378369, 0.9545855489378369, 0.9545855489378369, 0.9545855489378369, 0.9545855489378369, 0.9545855489378369, 0.9554842878344513, 0.9554842878344513, 0.9554842878344513, 0.9554842878344513, 0.9554842878344513, 0.9554842878344513, 0.9554842878344513, 0.9554842878344513, 0.9554842878344513, 0.9554842878344513, 0.9554842878344513, 0.9554842878344513, 0.9554842878344513, 0.9554842878344513, 0.9554842878344513, 0.956480868729761, 0.956480868729761, 0.9589617300729261]}