{"task_id": "svm-145878", "max_evals": 50, "batch_size": 5, "n_repeat": 3, "scores": [0.7964700004580957, 0.9444277525825143, 0.9468566045947, 0.9476879910213244, 0.9476879910213244, 0.9476879910213244, 0.9476879910213244, 0.9476879910213244, 0.9476879910213244, 0.9476879910213244, 0.9476879910213244, 0.9476879910213244, 0.9476879910213244, 0.9476879910213244, 0.9476879910213244, 0.9476879910213244, 0.9476879910213244, 0.9476879910213244, 0.9476879910213244, 0.9476879910213244, 0.9476879910213244, 0.9476879910213244, 0.9476879910213244, 0.9476879910213244, 0.9476879910213244, 0.9484010742344076, 0.9484010742344076, 0.9484010742344076, 0.9484010742344076, 0.9484010742344076, 0.9484010742344076, 0.9484010742344076, 0.9484010742344076, 0.9484010742344076, 0.9484010742344076, 0.9484010742344076, 0.9484010742344076, 0.9484010742344076, 0.9484010742344076, 0.9484010742344076, 0.9484010742344076, 0.9484010742344076, 0.9484010742344076, 0.9484010742344076, 0.9484010742344076, 0.9484010742344076, 0.9484010742344076, 0.9484010742344076, 0.9484010742344076, 0.9484010742344076]}