{"task_id": "svm-3494", "max_evals": 50, "batch_size": 5, "n_repeat": 3, "scores": [0.9897122460340851, 0.9897122460340851, 0.9897122460340851, 0.9897122460340851, 0.9897122460340851, 0.9897122460340851, 0.9897122460340851, 0.9897122460340851, 0.9897122460340851, 0.9897122460340851, 0.9897122460340851, 0.9897122460340851, 0.9897122460340851, 0.9897122460340851, 0.9897122460340851, 0.9897122460340851, 0.9897122460340851, 0.9897122460340851, 0.9897122460340851, 0.9897122460340851, 0.9897122460340851, 0.9931885908897403, 0.9931885908897403, 0.9931885908897403, 0.9931885908897403, 0.9931885908897403, 0.9931885908897403, 0.9931885908897403, 0.9931885908897403, 0.9931885908897403, 0.9932311621966795, 0.9932311621966795, 0.9932311621966795, 0.9932311621966795, 0.9932311621966795, 0.9932311621966795, 0.9932311621966795, 0.9932311621966795, 0.9932311621966795, 0.9932311621966795, 0.9932311621966795, 0.9932311621966795, 0.9932311621966795, 0.9932311621966795, 0.9932311621966795, 0.9932311621966795, 0.9932311621966795, 0.9932311621966795, 0.9932311621966795, 0.9932311621966795]}