{"task_id": "svm-34537", "max_evals": 50, "batch_size": 5, "n_repeat": 3, "scores": [0.978154978184922, 0.9840105549045752, 0.9840105549045752, 0.9840105549045752, 0.9862000103738024, 0.9862000103738024, 0.9862000103738024, 0.9872294176439512, 0.9925526242483237, 0.9925526242483237, 0.9925526242483237, 0.9925526242483237, 0.9931932599460399, 0.9931932599460399, 0.9931932599460399, 0.9931932599460399, 0.9931932599460399, 0.9931932599460399, 0.9931932599460399, 0.9931932599460399, 0.9931932599460399, 0.9931932599460399, 0.9931932599460399, 0.9931932599460399, 0.9931932599460399, 0.9931932599460399, 0.9931932599460399, 0.9931932599460399, 0.9931932599460399, 0.993835100178584, 0.993835100178584, 0.993835100178584, 0.993835100178584, 0.993835100178584, 0.993835100178584, 0.993835100178584, 0.993835100178584, 0.993835100178584, 0.993835100178584, 0.993835100178584, 0.993835100178584, 0.993835100178584, 0.993835100178584, 0.993835100178584, 0.993835100178584, 0.993835100178584, 0.993835100178584, 0.993835100178584, 0.993835100178584, 0.993835100178584]}