{"task_id": "svm-3902", "max_evals": 50, "batch_size": 5, "n_repeat": 3, "scores": [0.580242800245098, 0.600945925245098, 0.7077133544389977, 0.7077133544389977, 0.7077133544389977, 0.7077133544389977, 0.7077133544389977, 0.7077133544389977, 0.7077133544389977, 0.7077133544389977, 0.7077133544389977, 0.7077133544389977, 0.7077133544389977, 0.7077133544389977, 0.7136046432461874, 0.7136046432461874, 0.7136046432461874, 0.7136046432461874, 0.7136046432461874, 0.7136046432461874, 0.7136046432461874, 0.7136046432461874, 0.7136046432461874, 0.7136046432461874, 0.7236621732026144, 0.7236621732026144, 0.7236621732026144, 0.7236621732026144, 0.7236621732026144, 0.7236621732026144, 0.7236621732026144, 0.7236621732026144, 0.7236621732026144, 0.7236621732026144, 0.7236621732026144, 0.7236621732026144, 0.7236621732026144, 0.7236621732026144, 0.7236621732026144, 0.7236621732026144, 0.7236621732026144, 0.7236621732026144, 0.7236621732026144, 0.7236621732026144, 0.7236621732026144, 0.7236621732026144, 0.7236621732026144, 0.7236621732026144, 0.7236621732026144, 0.7236621732026144]}