{"task_id": "svm-9946", "max_evals": 50, "batch_size": 5, "n_repeat": 3, "scores": [0.678016044801759, 0.936538170823885, 0.936538170823885, 0.9375489303465493, 0.9375489303465493, 0.9375489303465493, 0.9375489303465493, 0.9375489303465493, 0.9400061556609175, 0.9400061556609175, 0.9434685860876337, 0.9434685860876337, 0.943949242996862, 0.9440799147942004, 0.9440799147942004, 0.9440799147942004, 0.9440799147942004, 0.9440799147942004, 0.9440799147942004, 0.9440799147942004, 0.9440799147942004, 0.9440799147942004, 0.9440799147942004, 0.9440799147942004, 0.9440799147942004, 0.9440799147942004, 0.9440799147942004, 0.9440799147942004, 0.9440799147942004, 0.9440987539797064, 0.9440987539797064, 0.9440987539797064, 0.944225302915779, 0.944225302915779, 0.944225302915779, 0.944225302915779, 0.944225302915779, 0.944225302915779, 0.9442991135848278, 0.9442991135848278, 0.9442991135848278, 0.9442991135848278, 0.9442991135848278, 0.9442991135848278, 0.9442991135848278, 0.9442991135848278, 0.9443432052955862, 0.9443432052955862, 0.9443432052955862, 0.9443432052955862]}