{"task_id": "svm-146064", "max_evals": 50, "batch_size": 5, "n_repeat": 3, "scores": [0.9592219621044578, 0.9592219621044578, 0.9592219621044578, 0.9592219621044578, 0.9592219621044578, 0.9592219621044578, 0.9592219621044578, 0.9592219621044578, 0.9592219621044578, 0.9592219621044578, 0.9592219621044578, 0.9592219621044578, 0.9770220656849845, 0.9770220656849845, 0.9770220656849845, 0.9770220656849845, 0.9770220656849845, 0.9770906527906087, 0.9770906527906087, 0.9770906527906087, 0.9770906527906087, 0.9770906527906087, 0.9770906527906087, 0.9770906527906087, 0.9770906527906087, 0.9770906527906087, 0.9770906527906087, 0.9770906527906087, 0.9770906527906087, 0.9770906527906087, 0.9770906527906087, 0.9770906527906087, 0.9770906527906087, 0.9946252437875013, 0.9946252437875013, 0.9946252437875013, 0.9946252437875013, 0.9946252437875013, 0.9946252437875013, 0.9946252437875013, 0.9946252437875013, 0.9946252437875013, 0.9946252437875013, 0.9946252437875013, 0.9946252437875013, 0.9946252437875013, 0.9946252437875013, 0.9946252437875013, 0.9946252437875013, 0.9946252437875013]}