{"task_id": "svm-9983", "max_evals": 50, "batch_size": 5, "n_repeat": 3, "scores": [0.5513544695007789, 0.5513544695007789, 0.5513544695007789, 0.5933089802275423, 0.6047880394986652, 0.6047880394986652, 0.6047880394986652, 0.6047880394986652, 0.6047880394986652, 0.6052951501345004, 0.6052951501345004, 0.6052951501345004, 0.6052951501345004, 0.6052951501345004, 0.6052951501345004, 0.6052951501345004, 0.6052951501345004, 0.6052951501345004, 0.6052951501345004, 0.6052951501345004, 0.6052951501345004, 0.6052951501345004, 0.6052951501345004, 0.6052951501345004, 0.6052951501345004, 0.6058340258975623, 0.6058528176611807, 0.6058528176611807, 0.6058528176611807, 0.6058528176611807, 0.6058528176611807, 0.6058528176611807, 0.6058528176611807, 0.6058528176611807, 0.6058528176611807, 0.6058528176611807, 0.6058528176611807, 0.6058528176611807, 0.6058528176611807, 0.6058528176611807, 0.6058528176611807, 0.6058528176611807, 0.6058528176611807, 0.6058528176611807, 0.6058528176611807, 0.6058528176611807, 0.6058528176611807, 0.6058528176611807, 0.6058528176611807, 0.6058528176611807]}