{"task_id": "svm-10101", "max_evals": 50, "batch_size": 5, "n_repeat": 3, "scores": [0.5105597599663647, 0.5116978175285708, 0.5134684478079731, 0.5134684478079731, 0.5134684478079731, 0.5134684478079731, 0.5134684478079731, 0.5134684478079731, 0.5134684478079731, 0.5134684478079731, 0.5134684478079731, 0.5134684478079731, 0.5134684478079731, 0.5134684478079731, 0.5134684478079731, 0.5180741887398234, 0.5453885257806826, 0.547498375568551, 0.547498375568551, 0.5710812980162825, 0.5710812980162825, 0.5710812980162825, 0.5710812980162825, 0.5710812980162825, 0.5710812980162825, 0.5710812980162825, 0.5710812980162825, 0.5710812980162825, 0.5710812980162825, 0.5710812980162825, 0.5710812980162825, 0.5710812980162825, 0.5710812980162825, 0.5710812980162825, 0.5710812980162825, 0.5710812980162825, 0.5710812980162825, 0.5710812980162825, 0.5710812980162825, 0.5710812980162825, 0.5776401788785689, 0.5776401788785689, 0.5776401788785689, 0.5776401788785689, 0.5776401788785689, 0.5776401788785689, 0.5776401788785689, 0.5776401788785689, 0.5776401788785689, 0.5776401788785689]}