{"task_id": "svm-3913", "max_evals": 50, "batch_size": 5, "n_repeat": 3, "scores": [0.8035701967409284, 0.8074217787632422, 0.8074217787632422, 0.856415725196213, 0.8602813852813854, 0.8602813852813854, 0.8602813852813854, 0.8602813852813854, 0.8602813852813854, 0.8602813852813854, 0.8602813852813854, 0.8602813852813854, 0.8602813852813854, 0.8602813852813854, 0.8602813852813854, 0.8602813852813854, 0.8602813852813854, 0.8603461443705346, 0.8603461443705346, 0.8603461443705346, 0.8603461443705346, 0.8604274451835429, 0.8604702072994755, 0.8604702072994755, 0.8604702072994755, 0.8604702072994755, 0.8604702072994755, 0.8604702072994755, 0.8604702072994755, 0.8604702072994755, 0.8604702072994755, 0.8604702072994755, 0.8604702072994755, 0.8604702072994755, 0.8604702072994755, 0.8604702072994755, 0.8604702072994755, 0.8604702072994755, 0.8604702072994755, 0.8604702072994755, 0.8604702072994755, 0.8613052124027734, 0.8613052124027734, 0.8613052124027734, 0.8613052124027734, 0.8613052124027734, 0.8613052124027734, 0.8613052124027734, 0.8613052124027734, 0.8613052124027734]}