{"task_id": "svm-37", "max_evals": 50, "batch_size": 5, "n_repeat": 3, "scores": [0.6099900284900285, 0.6112659069325735, 0.6124862298195631, 0.6681604938271605, 0.6735830959164293, 0.6824358974358974, 0.6824358974358974, 0.6824358974358974, 0.6824358974358974, 0.6887682811016145, 0.6887682811016145, 0.6887682811016145, 0.6887682811016145, 0.6887682811016145, 0.6887682811016145, 0.6887682811016145, 0.6887682811016145, 0.6887682811016145, 0.6887682811016145, 0.6898850902184236, 0.6898850902184236, 0.6898850902184236, 0.6898850902184236, 0.6898850902184236, 0.6898850902184236, 0.6898850902184236, 0.6898850902184236, 0.6898850902184236, 0.6898850902184236, 0.6898850902184236, 0.6898850902184236, 0.6898850902184236, 0.6898850902184236, 0.6920987654320987, 0.6920987654320987, 0.6920987654320987, 0.6920987654320987, 0.6920987654320987, 0.6920987654320987, 0.6920987654320987, 0.6920987654320987, 0.6920987654320987, 0.6931690408357074, 0.6931690408357074, 0.6931690408357074, 0.6941339031339031, 0.6941339031339031, 0.6941339031339031, 0.6941339031339031, 0.6941339031339031]}