{"task_id": "svm-9971", "max_evals": 50, "batch_size": 5, "n_repeat": 3, "scores": [0.5070696266311403, 0.544030112044818, 0.5523513470428822, 0.5523513470428822, 0.5523513470428822, 0.5523513470428822, 0.5523513470428822, 0.5523513470428822, 0.5523513470428822, 0.5861162351119309, 0.5861162351119309, 0.5861162351119309, 0.5861162351119309, 0.5861162351119309, 0.5861162351119309, 0.5861162351119309, 0.587885723395049, 0.587885723395049, 0.587885723395049, 0.5911592482521463, 0.5911592482521463, 0.5911592482521463, 0.5911592482521463, 0.5911592482521463, 0.5911592482521463, 0.6041100179909362, 0.6041100179909362, 0.6041100179909362, 0.6041100179909362, 0.6041100179909362, 0.6041100179909362, 0.6041100179909362, 0.6041100179909362, 0.6041100179909362, 0.6041100179909362, 0.6041100179909362, 0.6041100179909362, 0.6041100179909362, 0.6041100179909362, 0.6041100179909362, 0.6041100179909362, 0.6041100179909362, 0.6047614777618365, 0.6047614777618365, 0.6047614777618365, 0.6047614777618365, 0.6047614777618365, 0.6047614777618365, 0.6047614777618365, 0.6063113456764819]}