{"task_id": "svm-3918", "max_evals": 50, "batch_size": 5, "n_repeat": 3, "scores": [0.6468030679878374, 0.6920728922170062, 0.6920728922170062, 0.7205992000515665, 0.7231795838667804, 0.7231795838667804, 0.7240184572708844, 0.7240184572708844, 0.7240184572708844, 0.7240184572708844, 0.7240184572708844, 0.7240184572708844, 0.7240184572708844, 0.7240184572708844, 0.7240184572708844, 0.7240184572708844, 0.7240184572708844, 0.7243574184714962, 0.7243574184714962, 0.7243574184714962, 0.7243574184714962, 0.7243574184714962, 0.7251870399018457, 0.7251870399018457, 0.7251870399018457, 0.7251870399018457, 0.7251870399018457, 0.7251870399018457, 0.7251870399018457, 0.7251870399018457, 0.7251870399018457, 0.7251870399018457, 0.7251870399018457, 0.7255740669120523, 0.7255740669120523, 0.7255740669120523, 0.7255740669120523, 0.7255740669120523, 0.7255740669120523, 0.7255740669120523, 0.7255740669120523, 0.7255740669120523, 0.7255740669120523, 0.7255740669120523, 0.7261634982129522, 0.7261634982129522, 0.7261634982129522, 0.7261634982129522, 0.7261634982129522, 0.7261634982129522]}