{"task_id": "svm-9978", "max_evals": 50, "batch_size": 5, "n_repeat": 3, "scores": [0.5437876363625619, 0.5437876363625619, 0.6453497485492087, 0.6453497485492087, 0.6712941294661325, 0.6852902764481321, 0.6852902764481321, 0.6852902764481321, 0.6852902764481321, 0.6852902764481321, 0.6852902764481321, 0.6852902764481321, 0.6852902764481321, 0.6865613808814666, 0.7076066819132718, 0.7076066819132718, 0.7076066819132718, 0.7076066819132718, 0.7076066819132718, 0.7076066819132718, 0.7076066819132718, 0.7076066819132718, 0.7076066819132718, 0.7076066819132718, 0.7076066819132718, 0.7076066819132718, 0.7076066819132718, 0.7076066819132718, 0.7076066819132718, 0.7076066819132718, 0.7076066819132718, 0.7076066819132718, 0.7076066819132718, 0.7076066819132718, 0.7076066819132718, 0.7076066819132718, 0.7076066819132718, 0.7076066819132718, 0.7076066819132718, 0.7076066819132718, 0.7076066819132718, 0.7076066819132718, 0.7076066819132718, 0.7076066819132718, 0.7101059358342493, 0.7101059358342493, 0.7101059358342493, 0.7101059358342493, 0.7101059358342493, 0.7101059358342493]}