{"task_id": "xgb-145862", "max_evals": 50, "batch_size": 5, "n_repeat": 3, "scores": [0.9029502941273128, 0.9093509645404055, 0.9093509645404055, 0.9093509645404055, 0.9093509645404055, 0.9093509645404055, 0.9093509645404055, 0.9093509645404055, 0.9093509645404055, 0.9108976305498045, 0.9108976305498045, 0.9108976305498045, 0.911197328206645, 0.9127629399585923, 0.9127629399585923, 0.9127629399585923, 0.9127629399585923, 0.9127629399585923, 0.9127629399585923, 0.9166853823655066, 0.9166853823655066, 0.9166853823655066, 0.9166853823655066, 0.9166853823655066, 0.9166853823655066, 0.9166853823655066, 0.9166853823655066, 0.9166853823655066, 0.9166853823655066, 0.9181451740116336, 0.9181451740116336, 0.9181451740116336, 0.9181451740116336, 0.9181451740116336, 0.9197354825988366, 0.9197354825988366, 0.9197354825988366, 0.9197354825988366, 0.9197354825988366, 0.9197354825988366, 0.9197354825988366, 0.9197354825988366, 0.9206360544217688, 0.9206360544217688, 0.9206360544217688, 0.9206360544217688, 0.9206360544217688, 0.9206360544217688, 0.9216410825199645, 0.9216410825199645]}