{"task_id": "xgb-10093", "max_evals": 50, "batch_size": 5, "n_repeat": 3, "scores": [0.9782363882881571, 0.9982546717016088, 0.999410971542119, 0.999410971542119, 0.9995691538832178, 0.9995691538832178, 0.9998921484037965, 0.9998921484037965, 0.9998921484037965, 0.9998921484037965, 0.9998921484037965, 0.9998921484037965, 0.9998921484037965, 0.9998921484037965, 0.9998921484037965, 0.9998921484037965, 0.9998921484037965, 0.9998921484037965, 0.9998921484037965, 0.9998921484037965, 0.9999209088294507, 0.9999209088294507, 0.9999209088294507, 0.9999209088294507, 0.9999209088294507, 0.9999209088294507, 0.9999209088294507, 0.9999209088294507, 0.9999209088294507, 0.9999209088294507, 0.9999209088294507, 0.9999209088294507, 0.9999209088294507, 0.9999209088294507, 0.9999209088294507, 0.9999209088294507, 0.9999209088294507, 0.9999209088294507, 0.9999209088294507, 0.9999496692551051, 0.9999496692551051, 0.9999496692551051, 0.9999496692551051, 0.9999496692551051, 0.9999496692551051, 0.9999496692551051, 0.9999496692551051, 0.9999496692551051, 0.9999496692551051, 0.9999496692551051]}