{"task_id": "xgb-14951", "max_evals": 50, "batch_size": 5, "n_repeat": 3, "scores": [0.5620768268647539, 0.5641935686491656, 0.5877938967876369, 0.5877938967876369, 0.5896154289398612, 0.593818216479771, 0.593818216479771, 0.593818216479771, 0.5944311092533254, 0.5944311092533254, 0.5944311092533254, 0.5944311092533254, 0.5944311092533254, 0.5944311092533254, 0.5944311092533254, 0.5944311092533254, 0.5944311092533254, 0.5944311092533254, 0.5944311092533254, 0.5944311092533254, 0.594454228903185, 0.594454228903185, 0.594454228903185, 0.5968718387713087, 0.5968718387713087, 0.5968718387713087, 0.5968718387713087, 0.5968718387713087, 0.5968718387713087, 0.5989635774782774, 0.5989635774782774, 0.5989635774782774, 0.5989635774782774, 0.5989635774782774, 0.5989635774782774, 0.6021329546554625, 0.6021329546554625, 0.6021329546554625, 0.6021329546554625, 0.6021329546554625, 0.6021329546554625, 0.6021329546554625, 0.6021329546554625, 0.6021329546554625, 0.6021329546554625, 0.6021329546554625, 0.6021329546554625, 0.6021329546554625, 0.6021329546554625, 0.6021329546554625]}