{"task_id": "xgb-146064", "max_evals": 50, "batch_size": 5, "n_repeat": 3, "scores": [0.6814950705933951, 0.912567129046406, 0.912567129046406, 0.912567129046406, 0.9141466737586668, 0.9141466737586668, 0.9359301368009482, 0.9359301368009482, 0.9359301368009482, 0.9359301368009482, 0.9392889803383632, 0.9548927218349617, 0.9548927218349617, 0.9548927218349617, 0.9548927218349617, 0.9887329931972788, 0.9887329931972788, 0.9887329931972788, 0.9887329931972788, 0.9887329931972788, 0.9887329931972788, 0.9958758503401359, 0.9958758503401359, 0.9958758503401359, 0.9958758503401359, 0.9958758503401359, 0.9958758503401359, 0.9958758503401359, 0.9958758503401359, 0.9958758503401359, 0.9958758503401359, 0.9958758503401359, 0.9958758503401359, 0.9958758503401359, 0.9958758503401359, 0.9958758503401359, 0.9958758503401359, 0.9958758503401359, 0.9958758503401359, 0.9958758503401359, 0.9958758503401359, 0.9958758503401359, 0.9958758503401359, 0.9958758503401359, 0.9958758503401359, 0.9958758503401359, 0.9958758503401359, 0.9958758503401359, 0.9958758503401359, 0.9958758503401359]}