{"task_id": "xgb-3", "max_evals": 50, "batch_size": 5, "n_repeat": 3, "scores": [0.8173243646720426, 0.9559472586588544, 0.9579589991625784, 0.9579589991625784, 0.9800578795451399, 0.9927658420771447, 0.9951338293485269, 0.9963641265655244, 0.9963641265655244, 0.9964511637200316, 0.9964511637200316, 0.9964511637200316, 0.9964511637200316, 0.9964511637200316, 0.9964511637200316, 0.9964511637200316, 0.9964511637200316, 0.9964511637200316, 0.9964511637200316, 0.9964511637200316, 0.9964511637200316, 0.9964511637200316, 0.9964511637200316, 0.9964511637200316, 0.9964511637200316, 0.9964511637200316, 0.9964511637200316, 0.9964511637200316, 0.9964511637200316, 0.9964511637200316, 0.9964511637200316, 0.9964511637200316, 0.9964511637200316, 0.9964511637200316, 0.9964511637200316, 0.9964511637200316, 0.9964511637200316, 0.9964511637200316, 0.9964511637200316, 0.9964511637200316, 0.9964511637200316, 0.9964511637200316, 0.9964511637200316, 0.997150744949729, 0.997150744949729, 0.997150744949729, 0.997150744949729, 0.997150744949729, 0.997150744949729, 0.997150744949729]}