{"task_id": "xgb-145872", "max_evals": 50, "batch_size": 5, "n_repeat": 3, "scores": [0.818479360770568, 0.9230970625672085, 0.9368166766321316, 0.9368166766321316, 0.9722684055406156, 0.9741364967658236, 0.9741364967658236, 0.9741364967658236, 0.9741364967658236, 0.9741364967658236, 0.9741364967658236, 0.9761871513207468, 0.9772672648798619, 0.9772672648798619, 0.9772672648798619, 0.9772672648798619, 0.9772672648798619, 0.9772672648798619, 0.9772672648798619, 0.9772672648798619, 0.9772672648798619, 0.9772672648798619, 0.9772672648798619, 0.9772672648798619, 0.9772672648798619, 0.9772672648798619, 0.9772672648798619, 0.9772672648798619, 0.9772672648798619, 0.9772672648798619, 0.9772672648798619, 0.9772672648798619, 0.9772672648798619, 0.9772672648798619, 0.9772672648798619, 0.9772672648798619, 0.9772672648798619, 0.9772672648798619, 0.9772672648798619, 0.9772672648798619, 0.9772672648798619, 0.9772672648798619, 0.9773886473146081, 0.9773886473146081, 0.9773886473146081, 0.9773886473146081, 0.9773886473146081, 0.9773886473146081, 0.9773886473146081, 0.9773886473146081]}