{"task_id": "xgb-9946", "max_evals": 50, "batch_size": 5, "n_repeat": 3, "scores": [0.9873119517167135, 0.9912098307336402, 0.9912098307336402, 0.992267516434183, 0.992267516434183, 0.9931206051444145, 0.9931206051444145, 0.9931206051444145, 0.9931206051444145, 0.9931206051444145, 0.9931206051444145, 0.9932155454774502, 0.9932155454774502, 0.9932155454774502, 0.9938694198218007, 0.9938694198218007, 0.9938694198218007, 0.9938694198218007, 0.9938694198218007, 0.9938694198218007, 0.9940964062392634, 0.994863258434687, 0.9948712178474083, 0.9948712178474083, 0.9948712178474083, 0.9948712178474083, 0.9948712178474083, 0.9948712178474083, 0.9948712178474083, 0.9948712178474083, 0.9948712178474083, 0.9948712178474083, 0.9948712178474083, 0.9952788084930942, 0.9956969926017546, 0.9956969926017546, 0.9956969926017546, 0.9956969926017546, 0.9956969926017546, 0.9956969926017546, 0.9956969926017546, 0.9956969926017546, 0.9956969926017546, 0.9956969926017546, 0.9956969926017546, 0.9956969926017546, 0.9956969926017546, 0.9956969926017546, 0.9956969926017546, 0.9956969926017546]}