{"task_id": "xgb-145953", "max_evals": 50, "batch_size": 5, "n_repeat": 3, "scores": [0.783606127388626, 0.9416614306108709, 0.9416614306108709, 0.985513970049796, 0.985513970049796, 0.985513970049796, 0.985513970049796, 0.985513970049796, 0.985513970049796, 0.985513970049796, 0.9870026428444995, 0.9870026428444995, 0.9874055436133092, 0.9927174258687502, 0.9927174258687502, 0.9927174258687502, 0.9927174258687502, 0.9927174258687502, 0.9927174258687502, 0.9927174258687502, 0.9927174258687502, 0.9927174258687502, 0.9927174258687502, 0.9927174258687502, 0.9927174258687502, 0.9935886318034145, 0.9935886318034145, 0.9935886318034145, 0.9953511397532271, 0.9953511397532271, 0.9953627752948974, 0.9953627752948974, 0.9953627752948974, 0.9953627752948974, 0.9956579616824145, 0.9956579616824145, 0.9956579616824145, 0.9956579616824145, 0.9956579616824145, 0.9956579616824145, 0.9956579616824145, 0.9965112602452475, 0.9965112602452475, 0.9965112602452475, 0.9965112602452475, 0.9965112602452475, 0.9971355620372603, 0.9971355620372603, 0.9971355620372603, 0.9971355620372603]}