{"task_id": "xgb-125923", "max_evals": 50, "batch_size": 5, "n_repeat": 3, "scores": [0.9236607751802998, 0.9262129786832674, 0.9317311682846489, 0.9386369770580298, 0.9389993179806423, 0.9389993179806423, 0.9389993179806423, 0.9389993179806423, 0.9389993179806423, 0.9389993179806423, 0.9389993179806423, 0.9389993179806423, 0.9389993179806423, 0.9403734418759887, 0.9403734418759887, 0.9403734418759887, 0.9403734418759887, 0.9403734418759887, 0.9403734418759887, 0.9403734418759887, 0.9403734418759887, 0.9403734418759887, 0.9403734418759887, 0.9403734418759887, 0.9403734418759887, 0.9403734418759887, 0.9403734418759887, 0.9403734418759887, 0.9403734418759887, 0.9403734418759887, 0.9403734418759887, 0.9403734418759887, 0.9403734418759887, 0.9403734418759887, 0.9403734418759887, 0.9403734418759887, 0.9403734418759887, 0.9403734418759887, 0.9403734418759887, 0.9403734418759887, 0.9403734418759887, 0.9403734418759887, 0.9403734418759887, 0.9403734418759887, 0.9403734418759887, 0.9403734418759887, 0.9403734418759887, 0.9403734418759887, 0.9403734418759887, 0.9403734418759887]}