{"task_id": "xgb-3917", "max_evals": 50, "batch_size": 5, "n_repeat": 3, "scores": [0.7928262889471579, 0.7928262889471579, 0.7933658103340543, 0.793366342339502, 0.793366342339502, 0.793366342339502, 0.7938323573163372, 0.7951231749141976, 0.7953210492383823, 0.7953210492383823, 0.7954254610040206, 0.7954254610040206, 0.7954254610040206, 0.7955567078377461, 0.7955567078377461, 0.7955567078377461, 0.7955567078377461, 0.7955567078377461, 0.7962092268845318, 0.7962092268845318, 0.7962092268845318, 0.7962092268845318, 0.7962092268845318, 0.7962092268845318, 0.7962092268845318, 0.7962092268845318, 0.7963889426838532, 0.7963889426838532, 0.7963889426838532, 0.7963889426838532, 0.7963889426838532, 0.7963889426838532, 0.7963889426838532, 0.7963889426838532, 0.7963889426838532, 0.7963889426838532, 0.7963889426838532, 0.7963889426838532, 0.7963889426838532, 0.7963889426838532, 0.7964481538004171, 0.7964481538004171, 0.7964481538004171, 0.7964481538004171, 0.7964481538004171, 0.7964481538004171, 0.7964481538004171, 0.7964481538004171, 0.7965102983771873, 0.7965102983771873]}