{"task_id": "xgb-9967", "max_evals": 50, "batch_size": 5, "n_repeat": 3, "scores": [0.8272538876743422, 0.9172418197505822, 0.9172418197505822, 0.9657838067651552, 0.9657838067651552, 0.9657838067651552, 0.969522120753343, 0.969522120753343, 0.9733179286522459, 0.9733179286522459, 0.9733179286522459, 0.9733179286522459, 0.9733179286522459, 0.9733179286522459, 0.9733179286522459, 0.9733179286522459, 0.9733179286522459, 0.9733179286522459, 0.9733179286522459, 0.9733179286522459, 0.9733179286522459, 0.9733179286522459, 0.9733179286522459, 0.9733179286522459, 0.9733179286522459, 0.9733179286522459, 0.9733179286522459, 0.9733179286522459, 0.9733179286522459, 0.9733179286522459, 0.9748663468207827, 0.9748663468207827, 0.9748663468207827, 0.9748663468207827, 0.9748663468207827, 0.9748663468207827, 0.9748663468207827, 0.9748663468207827, 0.9748663468207827, 0.9748663468207827, 0.9748663468207827, 0.9748663468207827, 0.9748663468207827, 0.9748663468207827, 0.9748663468207827, 0.9748663468207827, 0.9748663468207827, 0.9748663468207827, 0.9748663468207827, 0.9748663468207827]}