{"task_id": "rf-145804", "max_evals": 50, "batch_size": 5, "n_repeat": 10, "scores": [0.8493422706325934, 0.9468913632575873, 0.9527983275421607, 0.9537781948882518, 0.956123765896062, 0.9627333970407974, 0.9708415363538704, 0.9711335365035554, 0.9713671982315244, 0.9713671982315244, 0.9713671982315244, 0.972154076684437, 0.9724476740842963, 0.9724476740842963, 0.9724476740842963, 0.973162895330827, 0.973162895330827, 0.973162895330827, 0.9747217704286015, 0.9750671187341016, 0.9773300320454019, 0.9779339934083767, 0.9781039111636833, 0.9788059368419899, 0.9788059368419899, 0.9823704516019507, 0.9823856254786048, 0.9834288922476778, 0.9838559262088673, 0.9848593803764583, 0.9848593803764583, 0.9848593803764583, 0.9848593803764583, 0.9849165824687646, 0.9849165824687646, 0.9849165824687646, 0.9849165824687646, 0.9849165824687646, 0.9849165824687646, 0.9849165824687646, 0.9849165824687646, 0.9849165824687646, 0.9849407534274708, 0.9849407534274708, 0.9849407534274708, 0.9849407534274708, 0.9849407534274708, 0.9849407534274708, 0.9849407534274708, 0.9849407534274708]}