{"task_id": "svm-14951", "max_evals": 50, "batch_size": 5, "n_repeat": 3, "scores": [0.5240239589577266, 0.5449927012510051, 0.5546277255397284, 0.5546277255397284, 0.5546277255397284, 0.5546277255397284, 0.5639461549001844, 0.5639461549001844, 0.5639461549001844, 0.5639461549001844, 0.5639461549001844, 0.5639461549001844, 0.5639461549001844, 0.5639461549001844, 0.5639461549001844, 0.5639461549001844, 0.5639461549001844, 0.5639461549001844, 0.5639461549001844, 0.5639461549001844, 0.5679401319024789, 0.5690678765825196, 0.5690678765825196, 0.5731045542123074, 0.5731045542123074, 0.5731045542123074, 0.5731045542123074, 0.5731045542123074, 0.5731045542123074, 0.5731045542123074, 0.5778941969702344, 0.5778941969702344, 0.5778941969702344, 0.5778941969702344, 0.5778941969702344, 0.5778941969702344, 0.5778941969702344, 0.5778941969702344, 0.5778941969702344, 0.5778941969702344, 0.5778941969702344, 0.5778941969702344, 0.5778941969702344, 0.5778941969702344, 0.5778941969702344, 0.5778941969702344, 0.5778941969702344, 0.5778941969702344, 0.5778941969702344, 0.5778941969702344]}