{"task_id": "xgb-3485", "max_evals": 50, "batch_size": 5, "n_repeat": 3, "scores": [0.5469005644746944, 0.6552770680154482, 0.6655877723696002, 0.6947529376680706, 0.7151693563199127, 0.7151693563199127, 0.7151693563199127, 0.8828033634586204, 0.8847972093305101, 0.8960167184123784, 0.9353062196715946, 0.9353062196715946, 0.9522120966590601, 0.9522120966590601, 0.9522120966590601, 0.9522120966590601, 0.9522120966590601, 0.9597442386757001, 0.9597442386757001, 0.9597442386757001, 0.9625659305698693, 0.9701245249416283, 0.972600090038731, 0.9735174282650432, 0.9761083796508133, 0.9770130452274614, 0.9770130452274614, 0.9770962952809307, 0.9770962952809307, 0.9780446595249238, 0.9783282266037604, 0.9783282266037604, 0.9789013219700539, 0.9789013219700539, 0.9789013219700539, 0.9789013219700539, 0.9789013219700539, 0.9789013219700539, 0.9789013219700539, 0.9789013219700539, 0.9789013219700539, 0.9789013219700539, 0.9789013219700539, 0.9789194865378583, 0.9789194865378583, 0.9789194865378583, 0.9789194865378583, 0.9789194865378583, 0.9789194865378583, 0.9789194865378583]}