{"task_id": "xgb-3493", "max_evals": 50, "batch_size": 5, "n_repeat": 3, "scores": [0.5175829263329264, 0.6169541107041107, 0.6201806064306065, 0.6201806064306065, 0.652338726088726, 0.652338726088726, 0.652338726088726, 0.7908241758241759, 0.7908241758241759, 0.7908241758241759, 0.7908241758241759, 0.7908241758241759, 0.7908241758241759, 0.7908241758241759, 0.7908241758241759, 0.7908241758241759, 0.7908241758241759, 0.8698300773300773, 0.8698300773300773, 0.8698300773300773, 0.8698300773300773, 0.8698300773300773, 0.9171601546601545, 0.9256552706552705, 0.9256552706552705, 0.9301984126984126, 0.9301984126984126, 0.9301984126984126, 0.970625763125763, 0.9972924297924296, 0.9975162800162799, 0.9975162800162799, 0.9975162800162799, 0.9975162800162799, 0.9975162800162799, 0.9975162800162799, 0.9975162800162799, 0.9975162800162799, 0.9975162800162799, 0.9975162800162799, 0.9975162800162799, 0.9975162800162799, 0.9975162800162799, 0.9992368742368741, 0.9992368742368741, 0.9992368742368741, 0.9996398046398046, 0.9996398046398046, 0.9996398046398046, 0.9996398046398046]}