{"task_id": "rf-146065", "max_evals": 50, "batch_size": 5, "n_repeat": 10, "scores": [0.9209713064713065, 0.944408424908425, 0.9631564407814409, 0.9767828144078144, 0.9767828144078144, 0.9767828144078144, 0.9787254273504272, 0.9843302808302807, 0.9855039682539681, 0.9855039682539681, 0.9855039682539681, 0.9867115384615384, 0.9892428266178266, 0.9906390415140415, 0.9906390415140415, 0.9922596153846154, 0.9922596153846154, 0.9924500915750916, 0.9924500915750916, 0.9924500915750916, 0.9924500915750916, 0.9924500915750916, 0.9924500915750916, 0.9924500915750916, 0.9924500915750916, 0.9927060439560439, 0.9927060439560439, 0.9927060439560439, 0.9927060439560439, 0.9927655677655677, 0.9932655677655677, 0.9932655677655677, 0.9932655677655677, 0.9932655677655677, 0.9932655677655677, 0.9932655677655677, 0.9933191391941392, 0.9933191391941392, 0.9933191391941392, 0.9933191391941392, 0.9933191391941392, 0.9933191391941392, 0.9933191391941392, 0.9933191391941392, 0.9933191391941392, 0.9933191391941392, 0.9933191391941392, 0.9934662698412697, 0.9934662698412697, 0.9934662698412697]}