{"task_id": "rf-3902", "max_evals": 50, "batch_size": 5, "n_repeat": 10, "scores": [0.932232306985294, 0.9405504493464052, 0.9416938572303921, 0.9419149560866014, 0.9428846252042483, 0.9428846252042483, 0.9433819699754903, 0.9439474826388891, 0.9439474826388891, 0.944131689133987, 0.9447852839052289, 0.9447852839052289, 0.9450546364379087, 0.9450546364379087, 0.9450546364379087, 0.9452236519607844, 0.9452236519607844, 0.9452236519607844, 0.9452836499183007, 0.9453819444444445, 0.9453819444444445, 0.9453819444444445, 0.9453819444444445, 0.9453819444444445, 0.9454473039215687, 0.9455103656045752, 0.9455103656045752, 0.9455103656045752, 0.9455269607843139, 0.9459705627042485, 0.9460190716911766, 0.9460190716911766, 0.9460190716911766, 0.9460190716911766, 0.9460190716911766, 0.9460190716911766, 0.9460190716911766, 0.9460190716911766, 0.9460190716911766, 0.9460190716911766, 0.9460190716911766, 0.9460190716911766, 0.9460190716911766, 0.9460190716911766, 0.9460190716911766, 0.9460190716911766, 0.9460190716911766, 0.9460190716911766, 0.9460190716911766, 0.9460190716911766]}