{"task_id": "svm-9983", "max_evals": 50, "batch_size": 5, "n_repeat": 3, "scores": [0.5, 0.5270153883055575, 0.5270153883055575, 0.5600874465837483, 0.5618779027110935, 0.5651801328874626, 0.5651801328874626, 0.5651801328874626, 0.5651801328874626, 0.5832609049887169, 0.5832609049887169, 0.5832609049887169, 0.5832609049887169, 0.5907601463493076, 0.5907601463493076, 0.5907601463493076, 0.5907601463493076, 0.5907601463493076, 0.5913042288857067, 0.5913333575670429, 0.5913333575670429, 0.5913333575670429, 0.5913333575670429, 0.5913333575670429, 0.5949121133163172, 0.5949121133163172, 0.5949121133163172, 0.5949121133163172, 0.5949121133163172, 0.5949121133163172, 0.5949121133163172, 0.5949121133163172, 0.5970322598446313, 0.5970322598446313, 0.5970322598446313, 0.5970322598446313, 0.5970322598446313, 0.5970322598446313, 0.5970322598446313, 0.5970322598446313, 0.5970322598446313, 0.6036096711839636, 0.6036096711839636, 0.6036096711839636, 0.6036096711839636, 0.6036096711839636, 0.6055403118091601, 0.6055403118091601, 0.6055403118091601, 0.6055403118091601]}