{"task_id": "rf-145976", "max_evals": 50, "batch_size": 5, "n_repeat": 10, "scores": [0.819211396011396, 0.8279001424501425, 0.8339621082621083, 0.8342324786324786, 0.8349544159544159, 0.8349544159544159, 0.8353259259259259, 0.8357034188034188, 0.8357447293447293, 0.8357447293447293, 0.8357447293447293, 0.8360484330484331, 0.8360484330484331, 0.8360484330484331, 0.8360484330484331, 0.8360484330484331, 0.8360484330484331, 0.8360484330484331, 0.8361487179487179, 0.8361487179487179, 0.8361487179487179, 0.8361487179487179, 0.8361487179487179, 0.8361487179487179, 0.8361555555555557, 0.8361555555555557, 0.8361555555555557, 0.8362868945868946, 0.8362868945868946, 0.8362868945868946, 0.8364145299145299, 0.8364145299145299, 0.8364145299145299, 0.8364145299145299, 0.8364518518518518, 0.8364518518518518, 0.8364518518518518, 0.8364632478632478, 0.8364754985754986, 0.8364754985754986, 0.8365222222222222, 0.8365222222222222, 0.8365222222222222, 0.8366988603988604, 0.8368039886039886, 0.8368039886039886, 0.8368039886039886, 0.8368039886039886, 0.8368039886039886, 0.8368039886039886]}