{"task_id": "rf-3896", "max_evals": 50, "batch_size": 5, "n_repeat": 10, "scores": [0.8944551746442139, 0.8968734392419554, 0.8979032147824864, 0.8981202668039071, 0.8981202668039071, 0.8985008507361958, 0.8985008507361958, 0.8987081687422457, 0.8988118730092344, 0.8990499116673751, 0.8991680913499207, 0.8991680913499207, 0.8991680913499207, 0.8991680913499207, 0.8991680913499207, 0.8991680913499207, 0.8991975242422473, 0.8991975242422473, 0.8991975242422473, 0.8991975242422473, 0.8991975242422473, 0.8993916432765137, 0.8993916432765137, 0.8993916432765137, 0.8993916432765137, 0.8994272954374377, 0.8994272954374377, 0.8994352981062012, 0.8995276705399041, 0.8995401747098466, 0.8995401747098466, 0.8995401747098466, 0.8995401747098466, 0.8996905257545164, 0.8997612280656491, 0.8997612280656491, 0.8997612280656491, 0.8997612280656491, 0.8997612280656491, 0.8997612280656491, 0.899838873868797, 0.899874222761165, 0.8998954832448648, 0.8998954832448648, 0.8998954832448648, 0.9000126195930497, 0.9000126195930497, 0.9000126195930497, 0.9000126195930497, 0.9000126195930497]}