{"task_id": "rf-37", "max_evals": 50, "batch_size": 5, "n_repeat": 10, "scores": [0.8249457264957266, 0.83111452991453, 0.832565811965812, 0.833105982905983, 0.8331418803418804, 0.8333868945868946, 0.8342603988603988, 0.8342603988603988, 0.8345680911680912, 0.8346777777777777, 0.8346777777777777, 0.8346823361823363, 0.8346823361823363, 0.8348903133903134, 0.8351062678062678, 0.8351062678062678, 0.8351062678062678, 0.8351339031339032, 0.8351797720797721, 0.8354210826210828, 0.8354210826210828, 0.8360925925925926, 0.8360925925925926, 0.8360925925925926, 0.8360925925925926, 0.8360925925925926, 0.8360925925925926, 0.8360925925925926, 0.8361418803418804, 0.8361418803418804, 0.8361418803418804, 0.8361418803418804, 0.8361418803418804, 0.8362541310541312, 0.8362541310541312, 0.8364475783475784, 0.8364475783475784, 0.8364475783475784, 0.8364475783475784, 0.8364475783475784, 0.8364635327635328, 0.8364635327635328, 0.8364635327635328, 0.8364635327635328, 0.8364635327635328, 0.8364635327635328, 0.8364635327635328, 0.8364635327635328, 0.8364635327635328, 0.8364635327635328]}