{"task_id": "rf-9967", "max_evals": 50, "batch_size": 5, "n_repeat": 3, "scores": [0.9705091644785256, 0.9783699036084054, 0.9783699036084054, 0.9788122841097892, 0.9798277602261964, 0.9812853864074716, 0.9819415543864743, 0.9832158107102283, 0.9832158107102283, 0.9834195165902769, 0.9834195165902769, 0.9834195165902769, 0.9834195165902769, 0.9834195165902769, 0.9840933129627453, 0.9846299996082579, 0.9846299996082579, 0.9848082422533003, 0.9848082422533003, 0.9848082422533003, 0.9848082422533003, 0.9848082422533003, 0.9871743643984799, 0.9871743643984799, 0.9871743643984799, 0.9871743643984799, 0.9871743643984799, 0.987865789164414, 0.987865789164414, 0.987865789164414, 0.987865789164414, 0.9881987699298781, 0.9881987699298781, 0.9881987699298781, 0.9891036941277861, 0.9891036941277861, 0.9891036941277861, 0.9891036941277861, 0.9891036941277861, 0.9891036941277861, 0.9891036941277861, 0.9891036941277861, 0.9891036941277861, 0.9891036941277861, 0.9891036941277861, 0.9891036941277861, 0.9891036941277861, 0.9891036941277861, 0.9891036941277861, 0.9891036941277861]}