{"task_id": "rf-9983", "max_evals": 50, "batch_size": 5, "n_repeat": 3, "scores": [0.5353183677827741, 0.5706229049057019, 0.5706229049057019, 0.57212134011088, 0.5763380094955898, 0.5804108876526605, 0.5804108876526605, 0.5804108876526605, 0.5804108876526605, 0.5804108876526605, 0.5804108876526605, 0.5804108876526605, 0.5804108876526605, 0.5804108876526605, 0.5804108876526605, 0.5804108876526605, 0.5804108876526605, 0.5804108876526605, 0.5804108876526605, 0.5804108876526605, 0.5804108876526605, 0.5804108876526605, 0.5811993017439115, 0.5811993017439115, 0.5811993017439115, 0.5811993017439115, 0.5811993017439115, 0.5811993017439115, 0.5811993017439115, 0.5811993017439115, 0.5811993017439115, 0.5811993017439115, 0.5811993017439115, 0.5811993017439115, 0.5811993017439115, 0.5811993017439115, 0.5811993017439115, 0.5811993017439115, 0.5811993017439115, 0.5811993017439115, 0.5811993017439115, 0.5814930448763157, 0.5814930448763157, 0.5814930448763157, 0.5814930448763157, 0.5814930448763157, 0.5814930448763157, 0.5814930448763157, 0.5814930448763157, 0.5814930448763157]}