{"task_id": "rf-9970", "max_evals": 50, "batch_size": 5, "n_repeat": 3, "scores": [0.5975959319975713, 0.6011223598295958, 0.6011223598295958, 0.6011223598295958, 0.6011223598295958, 0.6011223598295958, 0.6011223598295958, 0.6018951272557158, 0.6030412448863806, 0.6072549207700041, 0.6072549207700041, 0.6072549207700041, 0.6116248768252263, 0.6116248768252263, 0.6116248768252263, 0.6116248768252263, 0.6116248768252263, 0.6116248768252263, 0.6116248768252263, 0.6116248768252263, 0.6116248768252263, 0.6116248768252263, 0.6116248768252263, 0.6116248768252263, 0.6116248768252263, 0.6116248768252263, 0.6116248768252263, 0.6116248768252263, 0.6116248768252263, 0.6116248768252263, 0.6116248768252263, 0.6116248768252263, 0.6116248768252263, 0.6116248768252263, 0.6116248768252263, 0.6116248768252263, 0.6116248768252263, 0.61282858052893, 0.61282858052893, 0.61282858052893, 0.61282858052893, 0.61282858052893, 0.61282858052893, 0.61282858052893, 0.61282858052893, 0.61282858052893, 0.61282858052893, 0.61282858052893, 0.61282858052893, 0.61282858052893]}