{"task_id": "svm-3899", "max_evals": 50, "batch_size": 5, "n_repeat": 3, "scores": [0.5005002627618337, 0.5005002627618337, 0.500772968369065, 0.500772968369065, 0.500772968369065, 0.5009681904419837, 0.5009995081467457, 0.5009995081467457, 0.506418477070186, 0.506418477070186, 0.5135751915956367, 0.5135751915956367, 0.5135751915956367, 0.5135751915956367, 0.5135751915956367, 0.5135751915956367, 0.5135751915956367, 0.5136226308461831, 0.5136226308461831, 0.5136226308461831, 0.5136226308461831, 0.5153447092619549, 0.5153447092619549, 0.5153447092619549, 0.5153447092619549, 0.5153447092619549, 0.5153447092619549, 0.5197445925001034, 0.5291814244790718, 0.5291814244790718, 0.5291814244790718, 0.5389523867119912, 0.5389523867119912, 0.5389523867119912, 0.5389523867119912, 0.5435138809740058, 0.5435138809740058, 0.5435138809740058, 0.5445880179813475, 0.5445880179813475, 0.5445880179813475, 0.5445880179813475, 0.5445880179813475, 0.5445880179813475, 0.5445880179813475, 0.5445880179813475, 0.5445880179813475, 0.5445880179813475, 0.5445880179813475, 0.5445880179813475]}