{"task_id": "svm-9978", "max_evals": 50, "batch_size": 5, "n_repeat": 3, "scores": [0.5414245233958562, 0.5414245233958562, 0.5839403535675873, 0.624877377111182, 0.624877377111182, 0.624877377111182, 0.624877377111182, 0.6582167307851411, 0.6582167307851411, 0.6582167307851411, 0.6582167307851411, 0.6582167307851411, 0.6582167307851411, 0.6582167307851411, 0.6582167307851411, 0.6582167307851411, 0.6582167307851411, 0.6582167307851411, 0.6582167307851411, 0.6582167307851411, 0.6582167307851411, 0.6582167307851411, 0.6582167307851411, 0.6582167307851411, 0.6690168894562044, 0.6690168894562044, 0.6690168894562044, 0.6898509984162442, 0.6898509984162442, 0.6898509984162442, 0.6898509984162442, 0.6898509984162442, 0.6898509984162442, 0.6898509984162442, 0.6898509984162442, 0.6898509984162442, 0.6898509984162442, 0.6898509984162442, 0.6898509984162442, 0.6898509984162442, 0.6898509984162442, 0.6898509984162442, 0.6898509984162442, 0.6898509984162442, 0.6898509984162442, 0.6898509984162442, 0.6898509984162442, 0.6898509984162442, 0.6898509984162442, 0.6898509984162442]}