{"task_id": "svm-9980", "max_evals": 50, "batch_size": 5, "n_repeat": 3, "scores": [0.5247102040816327, 0.5289673469387756, 0.5289673469387756, 0.5289673469387756, 0.5508258503401361, 0.5508258503401361, 0.5508258503401361, 0.5508258503401361, 0.5508258503401361, 0.5508258503401361, 0.5508258503401361, 0.5674857142857143, 0.5674857142857143, 0.5674857142857143, 0.5674857142857143, 0.5674857142857143, 0.5674857142857143, 0.5674857142857143, 0.5674857142857143, 0.5674857142857143, 0.5674857142857143, 0.5674857142857143, 0.5674857142857143, 0.5674857142857143, 0.5674857142857143, 0.5674857142857143, 0.5674857142857143, 0.5674857142857143, 0.5674857142857143, 0.5696204081632653, 0.5696204081632653, 0.5696204081632653, 0.5696204081632653, 0.5696204081632653, 0.5696204081632653, 0.5714027210884355, 0.5714027210884355, 0.5714027210884355, 0.5714027210884355, 0.5714027210884355, 0.5714027210884355, 0.5714027210884355, 0.5714027210884355, 0.5714027210884355, 0.5714027210884355, 0.5714027210884355, 0.5714027210884355, 0.5714027210884355, 0.5714027210884355, 0.5714027210884355]}