{"task_id": "svm-3902", "max_evals": 50, "batch_size": 5, "n_repeat": 3, "scores": [0.5811389399509804, 0.607298900462963, 0.6927096098856209, 0.6927096098856209, 0.7050989753540304, 0.7050989753540304, 0.7050989753540304, 0.7050989753540304, 0.7050989753540304, 0.7050989753540304, 0.7050989753540304, 0.7050989753540304, 0.7050989753540304, 0.7096213745915033, 0.7096213745915033, 0.7096213745915033, 0.7096213745915033, 0.7147633272058824, 0.7147633272058824, 0.7161139195261438, 0.7161139195261438, 0.7161139195261438, 0.7161139195261438, 0.7161139195261438, 0.7161139195261438, 0.7161139195261438, 0.7161139195261438, 0.7161139195261438, 0.7161139195261438, 0.7193938078703704, 0.7193938078703704, 0.7193938078703704, 0.7193938078703704, 0.7193938078703704, 0.7193938078703704, 0.7193938078703704, 0.7193938078703704, 0.7193938078703704, 0.7202273965141611, 0.7202273965141611, 0.7202273965141611, 0.7202273965141611, 0.7202273965141611, 0.7202273965141611, 0.7202273965141611, 0.7202273965141611, 0.7202273965141611, 0.7202273965141611, 0.7202273965141611, 0.7202273965141611]}