{"task_id": "svm-3485", "max_evals": 50, "batch_size": 5, "n_repeat": 3, "scores": [0.8107516395717584, 0.8107516395717584, 0.811932654458357, 0.8176550917863525, 0.817739694155219, 0.8188361066729511, 0.8188361066729511, 0.9672178061039526, 0.9672178061039526, 0.9782675314005468, 0.9782675314005468, 0.9782675314005468, 0.9782675314005468, 0.9784202725790871, 0.9784202725790871, 0.9784202725790871, 0.9784202725790871, 0.9805668004600726, 0.9805668004600726, 0.9805668004600726, 0.9805668004600726, 0.9805668004600726, 0.9805668004600726, 0.9805668004600726, 0.9805668004600726, 0.981009816996767, 0.9820187928840712, 0.9820187928840712, 0.9820187928840712, 0.9820187928840712, 0.9820187928840712, 0.9820187928840712, 0.9820187928840712, 0.9820187928840712, 0.9820187928840712, 0.9820187928840712, 0.9820187928840712, 0.9820187928840712, 0.9820187928840712, 0.9820187928840712, 0.9820187928840712, 0.9820187928840712, 0.9820187928840712, 0.9820187928840712, 0.9820187928840712, 0.9820187928840712, 0.9820187928840712, 0.9820187928840712, 0.9820187928840712, 0.9820187928840712]}