{"task_id": "svm-9976", "max_evals": 50, "batch_size": 5, "n_repeat": 3, "scores": [0.5, 0.5, 0.5, 0.5, 0.5, 0.5, 0.5, 0.5, 0.5, 0.5, 0.5, 0.5, 0.5, 0.5, 0.5, 0.5, 0.5, 0.5, 0.5, 0.5, 0.5, 0.5, 0.5, 0.5, 0.5, 0.5, 0.5, 0.5, 0.5292524654832347, 0.5292524654832347, 0.5292524654832347, 0.5292524654832347, 0.5292524654832347, 0.5292524654832347, 0.5292524654832347, 0.5494250493096647, 0.5494250493096647, 0.5494250493096647, 0.5494250493096647, 0.5494250493096647, 0.5494250493096647, 0.5494250493096647, 0.5494250493096647, 0.5494250493096647, 0.5494250493096647, 0.5494250493096647, 0.5494250493096647, 0.5494250493096647, 0.5494250493096647, 0.5494250493096647]}