{"task_id": "svm-9889", "max_evals": 50, "batch_size": 5, "n_repeat": 3, "scores": [0.6719828471669077, 0.6719828471669077, 0.804757738409943, 0.804757738409943, 0.804757738409943, 0.804757738409943, 0.804757738409943, 0.8095098680204936, 0.8095098680204936, 0.8095098680204936, 0.8095098680204936, 0.8680433392009586, 0.8680433392009586, 0.8680433392009586, 0.9186027648473779, 0.9186027648473779, 0.9186027648473779, 0.9186027648473779, 0.9186027648473779, 0.9186027648473779, 0.9186027648473779, 0.9305227479300765, 0.9305227479300765, 0.9305227479300765, 0.9305227479300765, 0.9305227479300765, 0.9305227479300765, 0.9305227479300765, 0.9305227479300765, 0.9555644029099959, 0.9555644029099959, 0.9555644029099959, 0.9561551996976686, 0.9561551996976686, 0.9561551996976686, 0.9561551996976686, 0.9591294709130956, 0.9591294709130956, 0.9591294709130956, 0.9591294709130956, 0.9657119770270691, 0.9663117677214265, 0.9663117677214265, 0.9677388526396676, 0.9677388526396676, 0.9677388526396676, 0.9677388526396676, 0.9677388526396676, 0.9677388526396676, 0.9677388526396676]}