{"task_id": "xgb-9914", "max_evals": 50, "batch_size": 5, "n_repeat": 3, "scores": [0.9041931174184112, 0.9149327775745557, 0.9149327775745557, 0.9811758905605554, 0.9836133758423772, 0.9836133758423772, 0.9858297825267238, 0.9858297825267238, 0.9858297825267238, 0.9867024024558927, 0.9873481876419362, 0.9873481876419362, 0.9873481876419362, 0.9873481876419362, 0.9873481876419362, 0.9873481876419362, 0.9873481876419362, 0.9873481876419362, 0.9873481876419362, 0.9873481876419362, 0.9873481876419362, 0.9873481876419362, 0.9873481876419362, 0.9873481876419362, 0.9873481876419362, 0.9873481876419362, 0.9882526007873585, 0.9882526007873585, 0.9882526007873585, 0.9882526007873585, 0.9882526007873585, 0.9882526007873585, 0.9882526007873585, 0.988557931725511, 0.9888212570699775, 0.9888212570699775, 0.9892547493067784, 0.9892547493067784, 0.9892547493067784, 0.9892547493067784, 0.9892547493067784, 0.9892547493067784, 0.9892547493067784, 0.9892547493067784, 0.9892547493067784, 0.9892547493067784, 0.9892547493067784, 0.9892547493067784, 0.9892547493067784, 0.9892547493067784]}