{"task_id": "xgb-146064", "max_evals": 50, "batch_size": 5, "n_repeat": 3, "scores": [0.5, 0.605926427498297, 0.6904988195552569, 0.8085840611964951, 0.8085840611964951, 0.8535073906105652, 0.8535073906105652, 0.8535073906105652, 0.8535073906105652, 0.8535073906105652, 0.8535073906105652, 0.8535073906105652, 0.8535073906105652, 0.8714229141588049, 0.8714229141588049, 0.8714229141588049, 0.8714229141588049, 0.8714229141588049, 0.8714229141588049, 0.8714229141588049, 0.8714229141588049, 0.8714229141588049, 0.8714229141588049, 0.8743342501609698, 0.8954409987588999, 0.8954409987588999, 0.8954409987588999, 0.8954409987588999, 0.8954409987588999, 0.8954409987588999, 0.8954409987588999, 0.8954409987588999, 0.8954409987588999, 0.8954409987588999, 0.8954409987588999, 0.8954409987588999, 0.8954409987588999, 0.8954409987588999, 0.8954409987588999, 0.8954409987588999, 0.8954409987588999, 0.8954409987588999, 0.8954409987588999, 0.8954409987588999, 0.8954409987588999, 0.9093999911349999, 0.9093999911349999, 0.9093999911349999, 0.9093999911349999, 0.9093999911349999]}