{"task_id": "xgb-145862", "max_evals": 50, "batch_size": 5, "n_repeat": 3, "scores": [0.650726773801308, 0.8726946580564592, 0.8832557017976272, 0.8832557017976272, 0.8863318216175359, 0.8895726938118242, 0.8895726938118242, 0.8895726938118242, 0.9031509415360347, 0.9031509415360347, 0.9031509415360347, 0.9077732097669987, 0.9077732097669987, 0.9077732097669987, 0.9093938841236979, 0.9093938841236979, 0.9093938841236979, 0.9093938841236979, 0.9093938841236979, 0.9093938841236979, 0.9093938841236979, 0.9093938841236979, 0.9093938841236979, 0.9093938841236979, 0.9093938841236979, 0.9093938841236979, 0.9093938841236979, 0.9093938841236979, 0.9093938841236979, 0.9093938841236979, 0.9093938841236979, 0.9110296099115974, 0.9110296099115974, 0.9110296099115974, 0.9110296099115974, 0.9110296099115974, 0.9110296099115974, 0.9110296099115974, 0.9113145026126394, 0.9113145026126394, 0.9113145026126394, 0.9113145026126394, 0.9113942784843406, 0.9113942784843406, 0.9113942784843406, 0.9140274244963686, 0.9140274244963686, 0.9140274244963686, 0.9140274244963686, 0.9140274244963686]}