{"task_id": "xgb-9967", "max_evals": 50, "batch_size": 5, "n_repeat": 3, "scores": [0.6002106546383194, 0.6567653783546299, 0.7434623605909373, 0.8469313884784011, 0.8469313884784011, 0.8469313884784011, 0.8594446362919882, 0.8597797641405448, 0.8597797641405448, 0.8597797641405448, 0.8597797641405448, 0.8597797641405448, 0.8597797641405448, 0.920936304164789, 0.920936304164789, 0.920936304164789, 0.9252907038946733, 0.933236721909615, 0.933236721909615, 0.948338292107692, 0.948338292107692, 0.948338292107692, 0.948338292107692, 0.948338292107692, 0.948338292107692, 0.948338292107692, 0.9504392110848596, 0.951273084023701, 0.951273084023701, 0.951273084023701, 0.9574430199078495, 0.9574430199078495, 0.9574430199078495, 0.9574430199078495, 0.9574430199078495, 0.9574430199078495, 0.9574430199078495, 0.9574430199078495, 0.9574430199078495, 0.9574430199078495, 0.9574430199078495, 0.9574430199078495, 0.9574430199078495, 0.9574430199078495, 0.9574430199078495, 0.9623355373671648, 0.9623355373671648, 0.9623355373671648, 0.9623355373671648, 0.9623355373671648]}