{"task_id": "xgb-145847", "max_evals": 50, "batch_size": 5, "n_repeat": 3, "scores": [0.6401929800332448, 0.6401929800332448, 0.6650619544228452, 0.6999359105477421, 0.8376987767127515, 0.8484181497407107, 0.8484181497407107, 0.8484181497407107, 0.9379083318403056, 0.9420843734758676, 0.9420843734758676, 0.9480927369185902, 0.9480927369185902, 0.9480927369185902, 0.9494610382015986, 0.9521910216787601, 0.9521910216787601, 0.9537315971911174, 0.9537315971911174, 0.9537315971911174, 0.9556654722446177, 0.9556654722446177, 0.9556654722446177, 0.9556654722446177, 0.9556654722446177, 0.9556654722446177, 0.9556654722446177, 0.9556654722446177, 0.9556654722446177, 0.9556654722446177, 0.9556654722446177, 0.9556654722446177, 0.9556654722446177, 0.9556654722446177, 0.9556654722446177, 0.9556654722446177, 0.9556654722446177, 0.9556654722446177, 0.9556654722446177, 0.9556654722446177, 0.9556654722446177, 0.9556654722446177, 0.9556654722446177, 0.9556654722446177, 0.9556654722446177, 0.9556654722446177, 0.9556654722446177, 0.9556654722446177, 0.9556654722446177, 0.9556654722446177]}