{"task_id": "xgb-9946", "max_evals": 50, "batch_size": 5, "n_repeat": 3, "scores": [0.8191349149087244, 0.8265569241164479, 0.9898495441947822, 0.9898495441947822, 0.9898495441947822, 0.991142433404338, 0.9911580659199707, 0.9914070981928126, 0.9914070981928126, 0.9914070981928126, 0.9914070981928126, 0.9914070981928126, 0.9914070981928126, 0.9914070981928126, 0.9914070981928126, 0.9914070981928126, 0.9914070981928126, 0.9914070981928126, 0.9918955999908382, 0.9919837834123548, 0.9919837834123548, 0.9919837834123548, 0.9919837834123548, 0.9919837834123548, 0.9919837834123548, 0.9919837834123548, 0.9919837834123548, 0.9919837834123548, 0.9919837834123548, 0.9919837834123548, 0.9919837834123548, 0.9919837834123548, 0.9919837834123548, 0.9919837834123548, 0.9919837834123548, 0.9919837834123548, 0.9931902356902357, 0.9931902356902357, 0.9931902356902357, 0.9937732197256007, 0.9937732197256007, 0.9937732197256007, 0.9937732197256007, 0.9937732197256007, 0.9937732197256007, 0.9937732197256007, 0.9937732197256007, 0.9937732197256007, 0.9937732197256007, 0.9937732197256007]}