{"task_id": "xgb-9952", "max_evals": 50, "batch_size": 5, "n_repeat": 3, "scores": [0.8971196030247931, 0.8971196030247931, 0.9093650259274625, 0.9093650259274625, 0.9311480026802045, 0.9311480026802045, 0.9311480026802045, 0.9311480026802045, 0.9361797983849561, 0.9361797983849561, 0.944922805511785, 0.944922805511785, 0.944922805511785, 0.944922805511785, 0.944922805511785, 0.944922805511785, 0.944922805511785, 0.944922805511785, 0.9494573326924197, 0.9494573326924197, 0.9494573326924197, 0.9494573326924197, 0.9494573326924197, 0.9494573326924197, 0.9494573326924197, 0.9494573326924197, 0.9494573326924197, 0.9494573326924197, 0.9494573326924197, 0.9494573326924197, 0.9494573326924197, 0.9494573326924197, 0.9494573326924197, 0.9494573326924197, 0.9494573326924197, 0.9494573326924197, 0.9494573326924197, 0.9494573326924197, 0.9494573326924197, 0.9494573326924197, 0.9494573326924197, 0.9494573326924197, 0.9494573326924197, 0.9494573326924197, 0.9494573326924197, 0.9494573326924197, 0.9494573326924197, 0.9494573326924197, 0.9494573326924197, 0.9494573326924197]}