{"task_id": "xgb-3493", "max_evals": 50, "batch_size": 5, "n_repeat": 3, "scores": [0.49030982905982906, 0.49030982905982906, 0.5352055352055353, 0.5750869963369963, 0.5750869963369963, 0.7320507733007733, 0.7320507733007733, 0.7320507733007733, 0.7320507733007733, 0.7320507733007733, 0.7320507733007733, 0.7373097273097273, 0.7374806674806674, 0.7374806674806674, 0.7374806674806674, 0.7531827431827431, 0.7531827431827431, 0.7531827431827431, 0.7531827431827431, 0.7531827431827431, 0.7531827431827431, 0.832079772079772, 0.832079772079772, 0.832079772079772, 0.832079772079772, 0.832079772079772, 0.832079772079772, 0.832079772079772, 0.832079772079772, 0.832079772079772, 0.832079772079772, 0.8895360195360196, 0.8895360195360196, 0.9294383394383395, 0.9294383394383395, 0.9294383394383395, 0.9294383394383395, 0.9294383394383395, 0.9294383394383395, 0.9294383394383395, 0.9294383394383395, 0.9294383394383395, 0.9294383394383395, 0.9294383394383395, 0.9294383394383395, 0.9294383394383395, 0.9294383394383395, 0.9294383394383395, 0.9294383394383395, 0.9294383394383395]}