{"task_id": "rf-125923", "max_evals": 50, "batch_size": 5, "n_repeat": 3, "scores": [0.93472864336192, 0.93472864336192, 0.9354623220582473, 0.9354623220582473, 0.9354623220582473, 0.9354623220582473, 0.9354623220582473, 0.9358471551086153, 0.9358471551086153, 0.9358471551086153, 0.9358471551086153, 0.9358471551086153, 0.9358471551086153, 0.9358471551086153, 0.9358471551086153, 0.9358471551086153, 0.9358471551086153, 0.9358471551086153, 0.9358471551086153, 0.9358471551086153, 0.9358471551086153, 0.9358471551086153, 0.9358659469185785, 0.9358659469185785, 0.9358716787833936, 0.9362264739599203, 0.9362264739599203, 0.9362455559908871, 0.9362455559908871, 0.9362455559908871, 0.9362455559908871, 0.9362455559908871, 0.9362455559908871, 0.9362455559908871, 0.9362455559908871, 0.9362455559908871, 0.9362455559908871, 0.9362455559908871, 0.9362455559908871, 0.9362455559908871, 0.9362455559908871, 0.9362455559908871, 0.9362455559908871, 0.9362455559908871, 0.936296634887467, 0.936296634887467, 0.936296634887467, 0.936296634887467, 0.936296634887467, 0.936296634887467]}