{"task_id": "rf-145972", "max_evals": 50, "batch_size": 5, "n_repeat": 3, "scores": [0.7768571428571428, 0.7768571428571428, 0.7789047619047619, 0.7838571428571428, 0.7858730158730158, 0.7933174603174603, 0.7933174603174603, 0.7933174603174603, 0.7933174603174603, 0.7933174603174603, 0.7933174603174603, 0.7953730158730159, 0.7953730158730159, 0.7953730158730159, 0.7985793650793651, 0.7985793650793651, 0.7985793650793651, 0.7985793650793651, 0.7985793650793651, 0.7985793650793651, 0.7985793650793651, 0.7985793650793651, 0.7985793650793651, 0.7985793650793651, 0.7985793650793651, 0.8016111111111112, 0.8016111111111112, 0.8016111111111112, 0.8016111111111112, 0.8016111111111112, 0.8018253968253969, 0.8018253968253969, 0.8018253968253969, 0.8018253968253969, 0.8018253968253969, 0.8018253968253969, 0.8018253968253969, 0.8018253968253969, 0.8018253968253969, 0.8018253968253969, 0.8018253968253969, 0.8018253968253969, 0.8018253968253969, 0.8018253968253969, 0.8018253968253969, 0.8018253968253969, 0.8018253968253969, 0.8018253968253969, 0.8018253968253969, 0.8018253968253969]}