{"task_id": "rf-3918", "max_evals": 50, "batch_size": 5, "n_repeat": 3, "scores": [0.8276501209146839, 0.8507780548739285, 0.8527799263842953, 0.8534487357302892, 0.8534487357302892, 0.8534487357302892, 0.8534487357302892, 0.8536994281002169, 0.8536994281002169, 0.8536994281002169, 0.8536994281002169, 0.8550084017923824, 0.8550084017923824, 0.8550084017923824, 0.8550084017923824, 0.8553493634197517, 0.8553493634197517, 0.8562911476670578, 0.8562911476670578, 0.8562911476670578, 0.8562911476670578, 0.8562911476670578, 0.8562911476670578, 0.8562911476670578, 0.8562911476670578, 0.8562911476670578, 0.8562911476670578, 0.8562911476670578, 0.8562911476670578, 0.8562911476670578, 0.8562911476670578, 0.8562911476670578, 0.8562911476670578, 0.8562911476670578, 0.8562911476670578, 0.8562911476670578, 0.8562911476670578, 0.8562911476670578, 0.8562911476670578, 0.8562911476670578, 0.8562911476670578, 0.8562911476670578, 0.8562911476670578, 0.8562911476670578, 0.8562911476670578, 0.8562911476670578, 0.8562911476670578, 0.8562911476670578, 0.8562911476670578, 0.8562911476670578]}