{"task_id": "rf-49", "max_evals": 50, "batch_size": 5, "n_repeat": 3, "scores": [0.9445617738786619, 0.9659431047318461, 0.9659431047318461, 0.9659431047318461, 0.9659431047318461, 0.9659431047318461, 0.9702477700105784, 0.9702477700105784, 0.9702477700105784, 0.9746487646867154, 0.9746487646867154, 0.9746487646867154, 0.9746487646867154, 0.9746487646867154, 0.9746487646867154, 0.9746487646867154, 0.9746487646867154, 0.9746487646867154, 0.9746487646867154, 0.9746487646867154, 0.9746487646867154, 0.9746487646867154, 0.9746487646867154, 0.9746487646867154, 0.9746487646867154, 0.9746487646867154, 0.9746487646867154, 0.9746487646867154, 0.9746487646867154, 0.9869792774283602, 0.9869792774283602, 0.9869792774283602, 0.9869792774283602, 0.9869792774283602, 0.9869792774283602, 0.9869792774283602, 0.9869792774283602, 0.9869792774283602, 0.9869792774283602, 0.9869792774283602, 0.9869792774283602, 0.9869792774283602, 0.9869792774283602, 0.9869792774283602, 0.9869792774283602, 0.9869792774283602, 0.9869792774283602, 0.9869792774283602, 0.9869792774283602, 0.9869792774283602]}