{"task_id": "rf-9971", "max_evals": 50, "batch_size": 5, "n_repeat": 3, "scores": [0.7398781057138302, 0.7398781057138302, 0.7398781057138302, 0.7398781057138302, 0.7398781057138302, 0.7409450365512059, 0.7409450365512059, 0.7416188426590148, 0.7423860194484299, 0.7423860194484299, 0.7423860194484299, 0.7423860194484299, 0.7427533818405413, 0.7445928981348637, 0.7445928981348637, 0.7445928981348637, 0.7445928981348637, 0.7446865534831818, 0.7454930142788824, 0.7454930142788824, 0.7455236159504453, 0.7460623477033089, 0.7460623477033089, 0.7460623477033089, 0.7460623477033089, 0.7460623477033089, 0.7460623477033089, 0.7460623477033089, 0.7460623477033089, 0.7460623477033089, 0.7460623477033089, 0.7460623477033089, 0.7460623477033089, 0.7460623477033089, 0.7460623477033089, 0.7460623477033089, 0.7466116121245245, 0.7466116121245245, 0.7466116121245245, 0.7466116121245245, 0.7466116121245245, 0.7466116121245245, 0.7466116121245245, 0.7466116121245245, 0.7492530345471522, 0.7518530379631527, 0.7518530379631527, 0.7518530379631527, 0.752304377035367, 0.752304377035367]}