{"task_id": "rf-9978", "max_evals": 50, "batch_size": 5, "n_repeat": 3, "scores": [0.8216422011842711, 0.8484917384675388, 0.855374686794549, 0.855374686794549, 0.8577069778333275, 0.8588777678793035, 0.8603034436348379, 0.8610313323641693, 0.8610313323641693, 0.8610313323641693, 0.8639619270704063, 0.8639619270704063, 0.8643875429918803, 0.8643875429918803, 0.865050629956624, 0.8663543845808365, 0.8663543845808365, 0.8683616326277347, 0.8699278445555437, 0.8699278445555437, 0.8699278445555437, 0.8699278445555437, 0.8699278445555437, 0.8699278445555437, 0.8699278445555437, 0.8699278445555437, 0.8699278445555437, 0.8699278445555437, 0.8699278445555437, 0.8699278445555437, 0.8699278445555437, 0.8699278445555437, 0.8699278445555437, 0.8699278445555437, 0.8699808457138131, 0.8702599605242941, 0.8702599605242941, 0.8702599605242941, 0.8702599605242941, 0.8702599605242941, 0.8702599605242941, 0.8702599605242941, 0.8702599605242941, 0.8702599605242941, 0.8702599605242941, 0.8702599605242941, 0.8702599605242941, 0.8702599605242941, 0.8702599605242941, 0.8702599605242941]}