{"task_id": "svm-3918", "max_evals": 50, "batch_size": 5, "n_repeat": 3, "scores": [0.6013679307141079, 0.6284426788826062, 0.6284426788826062, 0.6284426788826062, 0.6284426788826062, 0.6284426788826062, 0.6292508235090152, 0.6702557101070451, 0.7107107016163448, 0.7107107016163448, 0.7107107016163448, 0.7107107016163448, 0.7107107016163448, 0.7167334864771151, 0.7167334864771151, 0.7167334864771151, 0.7225416700007113, 0.7233071666399943, 0.7233071666399943, 0.7233071666399943, 0.7233071666399943, 0.7233071666399943, 0.7233071666399943, 0.7233071666399943, 0.7233071666399943, 0.7233071666399943, 0.7233071666399943, 0.7233071666399943, 0.7233071666399943, 0.7233071666399943, 0.7233071666399943, 0.7233071666399943, 0.7233071666399943, 0.7233071666399943, 0.7233071666399943, 0.7233071666399943, 0.7233071666399943, 0.7233071666399943, 0.7233071666399943, 0.7233151127796152, 0.7233151127796152, 0.7233151127796152, 0.7233151127796152, 0.7233151127796152, 0.7233151127796152, 0.7233151127796152, 0.7233151127796152, 0.7233151127796152, 0.7233151127796152, 0.7233151127796152]}