{"task_id": "svm-9889", "max_evals": 50, "batch_size": 5, "n_repeat": 3, "scores": [0.6455330373495246, 0.6455330373495246, 0.6479069509448078, 0.7885201663918789, 0.7885201663918789, 0.7885201663918789, 0.7885201663918789, 0.7885201663918789, 0.7885201663918789, 0.7885201663918789, 0.7885201663918789, 0.7885201663918789, 0.7885201663918789, 0.9351992453530394, 0.9351992453530394, 0.9351992453530394, 0.9389113405338853, 0.9389113405338853, 0.9472684297364431, 0.9472954343694632, 0.9472954343694632, 0.9472954343694632, 0.9472954343694632, 0.9472954343694632, 0.9472954343694632, 0.9472954343694632, 0.9504218660612489, 0.9504218660612489, 0.9504218660612489, 0.9504218660612489, 0.9504218660612489, 0.9504218660612489, 0.9504218660612489, 0.9504218660612489, 0.9504218660612489, 0.9504218660612489, 0.9504218660612489, 0.9504218660612489, 0.9522534948377176, 0.9522534948377176, 0.9553443458678696, 0.9553443458678696, 0.9553443458678696, 0.9553443458678696, 0.9553443458678696, 0.9553443458678696, 0.9553443458678696, 0.9553443458678696, 0.9553443458678696, 0.9553443458678696]}