{"task_id": "svm-3902", "max_evals": 50, "batch_size": 5, "n_repeat": 3, "scores": [0.4737268518518518, 0.5544270833333332, 0.5953665407135076, 0.6408339290577342, 0.6408339290577342, 0.6408339290577342, 0.6408339290577342, 0.6530037275326798, 0.6869174666394335, 0.6891684538398692, 0.6891684538398692, 0.6891684538398692, 0.6891684538398692, 0.702830967456427, 0.702830967456427, 0.702830967456427, 0.702830967456427, 0.702830967456427, 0.702830967456427, 0.702830967456427, 0.702830967456427, 0.702830967456427, 0.702830967456427, 0.702830967456427, 0.702830967456427, 0.702830967456427, 0.702830967456427, 0.702830967456427, 0.702830967456427, 0.702830967456427, 0.703129255174292, 0.703129255174292, 0.703129255174292, 0.703129255174292, 0.703129255174292, 0.703129255174292, 0.703129255174292, 0.703129255174292, 0.703129255174292, 0.703129255174292, 0.703129255174292, 0.703129255174292, 0.703129255174292, 0.703129255174292, 0.703129255174292, 0.703129255174292, 0.703129255174292, 0.703129255174292, 0.703129255174292, 0.703129255174292]}