{"task_id": "svm-145878", "max_evals": 50, "batch_size": 5, "n_repeat": 3, "scores": [0.7955078849721705, 0.7955078849721705, 0.7955078849721705, 0.7955078849721705, 0.7955078849721705, 0.7955078849721705, 0.7955078849721705, 0.9386925089901279, 0.9386925089901279, 0.9386925089901279, 0.9386925089901279, 0.9386925089901279, 0.9417454591264116, 0.9417454591264116, 0.9463907212716736, 0.9463907212716736, 0.9463907212716736, 0.9463907212716736, 0.9463907212716736, 0.9463907212716736, 0.9463907212716736, 0.9463907212716736, 0.9463907212716736, 0.9463907212716736, 0.9463907212716736, 0.9463907212716736, 0.9463907212716736, 0.9463907212716736, 0.9463907212716736, 0.9463907212716736, 0.9463907212716736, 0.9463907212716736, 0.9463907212716736, 0.9463907212716736, 0.9463907212716736, 0.9463907212716736, 0.9463907212716736, 0.9463907212716736, 0.9463907212716736, 0.9463907212716736, 0.9463907212716736, 0.9463907212716736, 0.9463907212716736, 0.9463907212716736, 0.9463907212716736, 0.9463907212716736, 0.9463907212716736, 0.9463907212716736, 0.9463907212716736, 0.9463907212716736]}