{"task_id": "xgb-125923", "max_evals": 50, "batch_size": 5, "n_repeat": 3, "scores": [0.8333718601715207, 0.9084228665128496, 0.9084228665128496, 0.9084228665128496, 0.9084228665128496, 0.9281100082712986, 0.9281100082712986, 0.9281100082712986, 0.9281100082712986, 0.9281100082712986, 0.9281100082712986, 0.9334808381582574, 0.9334808381582574, 0.9334808381582574, 0.9334808381582574, 0.9334808381582574, 0.9334808381582574, 0.9334808381582574, 0.9334808381582574, 0.9334808381582574, 0.9334808381582574, 0.9334808381582574, 0.9334808381582574, 0.9342510847009998, 0.9342510847009998, 0.9342510847009998, 0.9342510847009998, 0.9342510847009998, 0.9342510847009998, 0.9342510847009998, 0.9342510847009998, 0.9342510847009998, 0.9342510847009998, 0.9342510847009998, 0.9342510847009998, 0.9342510847009998, 0.9342510847009998, 0.9342510847009998, 0.9342510847009998, 0.9342510847009998, 0.9342510847009998, 0.9342510847009998, 0.9342510847009998, 0.9342510847009998, 0.9342510847009998, 0.9342510847009998, 0.9342510847009998, 0.9342510847009998, 0.9342510847009998, 0.9342510847009998]}