{"task_id": "xgb-10101", "max_evals": 50, "batch_size": 5, "n_repeat": 3, "scores": [0.5965466498490235, 0.6937698276191568, 0.7596309673967053, 0.7596309673967053, 0.805080648243703, 0.805080648243703, 0.8586457975002867, 0.8586457975002867, 0.8586457975002867, 0.8586457975002867, 0.8881607613805755, 0.8881607613805755, 0.8881607613805755, 0.8881607613805755, 0.8881607613805755, 0.8918529985093452, 0.8918529985093452, 0.9212982073921187, 0.9212982073921187, 0.9212982073921187, 0.9212982073921187, 0.9212982073921187, 0.9212982073921187, 0.9212982073921187, 0.9212982073921187, 0.9212982073921187, 0.9212982073921187, 0.9212982073921187, 0.9212982073921187, 0.9212982073921187, 0.9212982073921187, 0.9212982073921187, 0.9212982073921187, 0.9212982073921187, 0.9212982073921187, 0.9212982073921187, 0.9212982073921187, 0.9212982073921187, 0.9212982073921187, 0.9212982073921187, 0.9212982073921187, 0.9212982073921187, 0.9212982073921187, 0.9212982073921187, 0.9212982073921187, 0.9212982073921187, 0.9212982073921187, 0.9212982073921187, 0.9212982073921187, 0.9212982073921187]}