{"task_id": "xgb-9952", "max_evals": 50, "batch_size": 5, "n_repeat": 3, "scores": [0.8860061223227053, 0.8860061223227053, 0.8860061223227053, 0.891553652018553, 0.891553652018553, 0.9130859346502573, 0.9130859346502573, 0.9140620050828107, 0.9240272990883737, 0.9240272990883737, 0.9240272990883737, 0.9240272990883737, 0.9240272990883737, 0.9240272990883737, 0.9240272990883737, 0.9240272990883737, 0.9240272990883737, 0.9240272990883737, 0.9240272990883737, 0.9272355955499311, 0.9272355955499311, 0.9272355955499311, 0.9272355955499311, 0.9272355955499311, 0.9413549337150632, 0.9413549337150632, 0.9413549337150632, 0.9413549337150632, 0.9413549337150632, 0.9413549337150632, 0.9413549337150632, 0.9413549337150632, 0.9413549337150632, 0.9413549337150632, 0.9413549337150632, 0.9413549337150632, 0.9413549337150632, 0.9413549337150632, 0.9413549337150632, 0.9413549337150632, 0.9413549337150632, 0.9413549337150632, 0.9413549337150632, 0.9413549337150632, 0.9413549337150632, 0.9413549337150632, 0.9413549337150632, 0.9413549337150632, 0.9413549337150632, 0.9413549337150632]}