{"task_id": "xgb-9914", "max_evals": 50, "batch_size": 5, "n_repeat": 3, "scores": [0.8528875409848323, 0.8530666840886884, 0.9848724016343832, 0.9848724016343832, 0.9848724016343832, 0.9848724016343832, 0.9848724016343832, 0.9848724016343832, 0.9848724016343832, 0.9848724016343832, 0.9848724016343832, 0.9848724016343832, 0.9848724016343832, 0.9848724016343832, 0.9862483057902681, 0.9862483057902681, 0.9862483057902681, 0.9862483057902681, 0.9862483057902681, 0.9862483057902681, 0.9862483057902681, 0.9862483057902681, 0.9862483057902681, 0.9862483057902681, 0.9862483057902681, 0.9862483057902681, 0.9862483057902681, 0.9862483057902681, 0.9862483057902681, 0.9862483057902681, 0.9862483057902681, 0.9862483057902681, 0.9862483057902681, 0.9865541464852202, 0.9865541464852202, 0.9865541464852202, 0.9865541464852202, 0.9865541464852202, 0.9865541464852202, 0.9865541464852202, 0.9865541464852202, 0.9865541464852202, 0.9865541464852202, 0.9865541464852202, 0.9865541464852202, 0.9865541464852202, 0.9865541464852202, 0.9865541464852202, 0.9865541464852202, 0.9865541464852202]}