{"task_id": "xgb-145872", "max_evals": 50, "batch_size": 5, "n_repeat": 3, "scores": [0.703090408804255, 0.7932513612122746, 0.7932876247873172, 0.7933902632232428, 0.8057284112898238, 0.8079508032303687, 0.8763006550212831, 0.8763006550212831, 0.8763006550212831, 0.8763006550212831, 0.8899456506332962, 0.8899456506332962, 0.8899456506332962, 0.8899456506332962, 0.8899456506332962, 0.8899456506332962, 0.8899456506332962, 0.8899456506332962, 0.9107651938956854, 0.9107651938956854, 0.9107651938956854, 0.9107651938956854, 0.9107651938956854, 0.9107651938956854, 0.9107651938956854, 0.9107651938956854, 0.9107651938956854, 0.9107651938956854, 0.9107651938956854, 0.9107651938956854, 0.9107651938956854, 0.9107651938956854, 0.9107651938956854, 0.9107651938956854, 0.9107651938956854, 0.9107651938956854, 0.9397486923367825, 0.9397486923367825, 0.9397486923367825, 0.9397486923367825, 0.9397486923367825, 0.9397486923367825, 0.9397486923367825, 0.9397486923367825, 0.9397486923367825, 0.9397486923367825, 0.9397486923367825, 0.9397486923367825, 0.9397486923367825, 0.9397486923367825]}