{"task_id": "xgb-146064", "max_evals": 20, "batch_size": 5, "n_repeat": 3, "experiments": [{"booster": [1, 0, 0, 0, 1, 1, 1, 0, 1, 1, 0, 1, 0, 0, 1, 1, 1, 0, 0, 1], "colsample_bylevel": [0.6893511128740537, 0.06096980277221425, 0.3908975741155815, 0.6849391996265661, 0.19646691901866575, 0.41351191448436264, 0.1026103461916682, 0.6741366977225122, 0.6047267266634015, 0.7005977725675728, 0.22848639364259626, 0.7274164547678575, 0.8986024496925866, 0.7626647504124852, 0.884394999235781, 0.5851031993805528, 0.16934145081927843, 0.14411995563708, 0.26617076480832147, 0.4080376955466231], "colsample_bytree": [0.3864518899096368, 0.7517145420689884, 0.880012702006964, 0.5654893798597215, 0.22243269207048438, 0.19944099974912027, 0.6119136725100314, 0.25051469031957824, 0.3635479706020332, 0.3856499312086906, 0.46651946145252843, 0.41728655805382087, 0.45185673776630936, 0.4808770599536071, 0.34102443050449893, 0.8889341020706915, 0.8212502349039363, 0.961039250361507, 0.28606022537555936, 0.364563807498275], "learning_rate": [0.06238105569651166, 0.08448085494111059, 0.6660022305526343, 0.4311205461922696, 0.005383828354108742, 0.004963827939906963, 0.06544514113121717, 0.009199758675473273, 0.024070693558698897, 0.2232630952703583, 0.09121987036354721, 0.5833176627404779, 0.005304692283727072, 0.003616594230651563, 0.09499047237412768, 0.0272273628355137, 0.03372340160327462, 0.0037181416163341776, 0.011401661924152677, 0.2758674957984933], "max_depth": [10.0, 13.0, 13.0, 14.0, 12.0, 4.0, 5.0, 3.0, 14.0, 14.0, 3.0, 10.0, 11.0, 9.0, 10.0, 7.0, 13.0, 8.0, 7.0, 5.0], "min_child_weight": [1.7410899484863684, 5.115505109441716, 5.11535319671172, 5.530715348132727, 35.10133178428915, 6.54290913256824, 1.0209668195561206, 21.88822900043852, 1.9554633087412778, 12.242620272637765, 14.674962841751231, 8.207319311151767, 97.29731867785526, 61.90619170723679, 1.268046741836813, 29.314049516000445, 45.979679436606006, 13.632718571545869, 2.3634170036943254, 97.26942726594277], "n_estimators": [3268.0, 2657.0, 3010.0, 4553.0, 1764.0, 242.0, 1577.0, 2106.0, 1395.0, 3051.0, 3634.0, 1279.0, 3584.0, 1972.0, 4465.0, 2160.0, 4093.0, 2520.0, 2031.0, 1195.0], "reg_alpha": [96.8119153380689, 14.622032624922799, 6.687357424663822, 0.02882820337057543, 0.10474917399343059, 0.25719919286500553, 0.04040764587493667, 0.008384361048164726, 2.0418133033753474, 4.210581006959589, 0.4918500326427013, 1.4484006272441319, 5.278781022999653, 0.13108423097697228, 88.80800222507906, 7.261234710792318, 0.005258466404539393, 294.6679528792365, 1.4785841156237542, 0.04887952403364107], "reg_lambda": [111.93100412787244, 300.8451530816012, 0.005924590046440282, 217.15783376441615, 0.02099620924107099, 85.31679382550111, 106.66261817361718, 0.7409443638787442, 0.012801530268932805, 0.10737608044946492, 1.4226726040497544, 3.4454159426422293, 699.6663503508813, 3.2295445058798316, 107.71673576359066, 0.0874366755794896, 0.06159544011393172, 4.965641773785642, 0.05523264239952835, 0.04904520437030267], "subsample": [0.6855044535863613, 0.45847619782851, 0.4309253312545708, 0.20714756127090894, 0.41659339181622457, 0.7156799450601395, 0.31807534491832734, 0.6373004354709365, 0.5259268529739612, 0.15388264296075124, 0.28423082527091814, 0.10786626259150753, 0.44117245675374084, 0.2589991182277549, 0.5374251671624357, 0.7173370400447018, 0.834788871276958, 0.9470786209786092, 0.27995342912976506, 0.7271265079497731], "score": [0.5, 0.6350080309901738, 0.808023116654069, 0.6676620545337476, 0.7457442750762856, 0.5461491489599956, 0.7337544791579182, 0.5077437816690462, 0.5, 0.5, 0.6055001784664482, 0.5, 0.5, 0.5, 0.5, 0.5, 0.678732398309118, 0.5, 0.5236819727891157, 0.7457442750762856]}, {"booster": [0, 0, 0, 0, 0, 1, 1, 1, 1, 1, 0, 0, 0, 1, 0, 0, 0, 0, 0, 1], "colsample_bylevel": [0.8465438602256109, 0.19672264151057983, 0.8965611823495317, 0.8643587282517362, 0.4039902021472143, 0.7657717151620287, 0.37716753306131867, 0.06484136783349485, 0.7549853068427564, 0.6771598050708177, 0.08164782726224344, 0.6533560526664559, 0.5698392026018966, 0.6724809322455441, 0.9141086586271763, 0.7232696253112701, 0.9675880337261333, 0.7316093332881369, 0.8069496016952, 0.4669870581148862], "colsample_bytree": [0.744291452768634, 0.26372438565551776, 0.07520142822521897, 0.3866623516665849, 0.23727806047521577, 0.0689709864026157, 0.10437026838150903, 0.6985232406917348, 0.5488812694894946, 0.36711875599279714, 0.58982518171431, 0.7711129286131182, 0.5527675428139512, 0.6549739965157184, 0.4442515507490128, 0.38527548103055104, 0.17396365440557524, 0.6472704888552281, 0.6189712494757617, 0.9884463476284001], "learning_rate": [0.31996954121575066, 0.0011247596034828543, 0.6477189833335405, 0.23473064802692598, 0.0031455285073304813, 0.4310201874362405, 0.03877379345265501, 0.29040490645595846, 0.03883482561273427, 0.0065877030948599015, 0.0017408601205542405, 0.8276220265468407, 0.006607250250601329, 0.20062986248983872, 0.3316159084942899, 0.06354036743481431, 0.6915537084875427, 0.41232602733138723, 0.0022838925888965084, 0.09982038557115874], "max_depth": [9.0, 6.0, 7.0, 13.0, 11.0, 13.0, 10.0, 4.0, 5.0, 3.0, 7.0, 7.0, 2.0, 11.0, 5.0, 14.0, 3.0, 6.0, 13.0, 11.0], "min_child_weight": [81.121696258344, 1.6343829562816843, 12.595793013891797, 81.73617437199509, 11.940089695583108, 2.922145135273203, 1.4960909682191614, 15.785507990002959, 3.2032038611953455, 41.02611306597263, 1.2100662329480723, 4.6537558293284915, 13.714316578831085, 7.947433867467641, 4.941210583055241, 4.100221011235185, 3.1514732748108396, 1.218368870884401, 15.489102061034542, 4.571797069743493], "n_estimators": [389.0, 2205.0, 767.0, 1655.0, 3577.0, 2295.0, 2748.0, 3917.0, 3060.0, 3368.0, 4721.0, 3133.0, 634.0, 3009.0, 4039.0, 2395.0, 2383.0, 2818.0, 2029.0, 1809.0], "reg_alpha": [0.16830144323583474, 0.024846336938931384, 0.010112623716582225, 124.7641584942449, 197.87412028800804, 310.79876104822614, 1.598090306166965, 4.070327887185313, 357.12107611898205, 0.8707974479830333, 108.77807485078975, 304.68544823838135, 52.91232843683303, 0.15033877358783782, 75.46698676173048, 0.05888589072285318, 18.791932587212163, 0.044725484376220766, 0.14981738645519557, 10.489118222766391], "reg_lambda": [39.86106117345093, 465.23574253550186, 0.5281566787138835, 0.43175011333691704, 0.7284102767249774, 10.442780735568583, 68.22095595109973, 4.732443707050779, 28.09103808667294, 2.1452942657083245, 0.3402797938238074, 916.1271783891837, 0.7190416044935756, 0.010375270032880711, 0.019303069865619613, 0.12122760250881469, 10.693604836029358, 55.36549865972545, 43.8165609272783, 511.7600012036537], "subsample": [0.9321613695245677, 0.3434653310979343, 0.8028214509813143, 0.3080085378882661, 0.7599974179327333, 0.5894677195627966, 0.4757600616848954, 0.8607564984442956, 0.5734572238575693, 0.22500578606194369, 0.9813519088384455, 0.4186018373443756, 0.2015208087923673, 0.9451513030947443, 0.5144152837024294, 0.8087610487920569, 0.17750874062909328, 0.3633454119939836, 0.1510451316745258, 0.9778173344151612], "score": [0.5, 0.5187074829931974, 0.5327260225077685, 0.5, 0.5, 0.5, 0.5, 0.5, 0.5, 0.5, 0.5, 0.5, 0.5, 0.7457442750762856, 0.5, 0.9860969387755102, 0.7443027210884354, 0.9840561224489797, 0.5, 0.5]}, {"booster": [0, 0, 0, 0, 0, 1, 0, 1, 1, 1, 0, 1, 0, 0, 1, 0, 0, 1, 0, 0], "colsample_bylevel": [0.5617826239562738, 0.682695180058892, 0.09377170317596564, 0.793632190145253, 0.2931216115020961, 0.9143717230506903, 0.7857640110653807, 0.6450095679887449, 0.15023561715295042, 0.855230814622751, 0.3755022829063601, 0.9767304674978863, 0.17977781104896562, 0.2521358043833165, 0.10046784144623142, 0.6075783703379958, 0.2908686399203619, 0.5144221708675312, 0.10610774626967065, 0.8311908798847117],