{"task_id": "xgb-145857", "max_evals": 20, "batch_size": 5, "n_repeat": 1, "experiments": [{"booster": [1, 1, 0, 0, 0, 0, 0, 1, 1, 0, 0, 1, 0, 1, 1, 0, 0, 1, 0, 1], "colsample_bylevel": [0.4114309485268878, 0.6267969257002945, 0.276644457592749, 0.5737392097930362, 0.6511233913450652, 0.2725534370027708, 0.8074453050778565, 0.10896388670545228, 0.08823028275630287, 0.6412570813322412, 0.5164975735395413, 0.7867672968545097, 0.805445483785812, 0.5111170960991929, 0.40490168220788403, 0.15104465766091835, 0.6707526503553967, 0.19768902959760926, 0.39024093976129565, 0.38275074562662126], "colsample_bytree": [0.49291215486669776, 0.7155720353802051, 0.7922869948936354, 0.20680070140982176, 0.8392316086286112, 0.9486863523288702, 0.32821431159129594, 0.23148429511956853, 0.3099133190722322, 0.15580722194824315, 0.08698515611053556, 0.17991244799400924, 0.46473358230012957, 0.06624205795212425, 0.45138369564919445, 0.15144005935460209, 0.9524250107301167, 0.40505299569329506, 0.3094690821073767, 0.9812798494112058], "learning_rate": [-0.17740918312395193, -1.4525990342968447, -2.4191358811318584, -2.8263288460617413, -2.7867374789727366, -2.7234864130091205, -1.1653501129354917, -1.2350529836595783, -0.7184171041773877, 0.19568435787129257, -2.1634679578783915, 0.06099864777847941, -2.021890704102718, -0.9676088241910819, -1.7560339524270026, -2.6923055837491203, -1.8649231479330863, -1.5734939751723522, 0.2743098869126843, -1.2941698190138244], "max_depth": [15.0, 5.0, 11.0, 14.0, 12.0, 10.0, 8.0, 5.0, 2.0, 1.0, 5.0, 12.0, 4.0, 7.0, 1.0, 6.0, 10.0, 3.0, 3.0, 9.0], "min_child_weight": [1.3879137992457677, 1.1942087481119612, 0.5867317767797291, 0.30518276531232824, 1.9234927376037307, 1.898558042275088, 1.501011764775601, 0.8768388561042597, 0.8085390786493456, 1.0144443071553573, 0.6396138125807502, 0.33113062579878094, 0.8621029150479282, 0.24055919188697406, 1.5348299389577147, 0.8239718523506012, 0.9561929227454333, 1.5507830871493005, 0.7296213576250354, 0.9841439580169451], "n_estimators": [1517.0, 264.0, 3685.0, 4446.0, 4418.0, 3170.0, 384.0, 4772.0, 2991.0, 393.0, 4168.0, 3743.0, 2507.0, 575.0, 1626.0, 1685.0, 540.0, 2052.0, 1259.0, 306.0], "reg_alpha": [-2.2521236695059814, -2.638066576878289, 2.4259257006905512, 0.4607826867240332, -0.4262850620225951, 2.797901247087653, 0.8279418895954924, -0.36420489968412806, 1.7982671648426374, 0.04239874284071066, 1.4566107644326438, 1.0258742134118233, 0.8732605467036914, -2.4113034572065932, -2.917707929364499, 2.0130735271889764, -2.250830138882863, 2.6185075309579133, -0.6572844608220914, -0.536517413101592], "reg_lambda": [1.490639523488385, -1.2219810231827837, -1.237208298792343, -2.99657651611526, -2.2811522416461423, -0.6045668589636071, -2.228688376761511, -0.09007024377219519, 1.9803592240521715, -1.0385039312703002, -2.88692818146314, -1.9795422362840893, -2.270204430994716, 0.4926060856817127, -0.9363744432976224, 0.5867034010245424, -1.1713976111665738, 0.8225473542750712, 2.8489172507749174, 1.0276605239193728], "subsample": [0.9310239060031612, 0.23283829853016497, 0.6278556206450042, 0.1091455660433889, 0.4750875900266004, 0.6142024166309864, 0.7848370188069589, 0.9796124813597793, 0.7423549141676663, 0.22051555651830107, 0.5799375262753641, 0.10609522056894141, 0.35413803223030893, 0.6896494264281442, 0.4485626157442071, 0.16430160076213213, 0.8333971496736335, 0.9286645927859647, 0.48523711295761907, 0.374648180716436], "score": [0.8123624035143875, 0.8131068070612529, 0.8433166886940171, 0.8795152741931559, 0.8608776209362903, 0.5, 0.8902791498849886, 0.5, 0.5, 0.8347724722452136, 0.8763035684233591, 0.5, 0.9154052487311715, 0.8125472424328796, 0.8131412665250166, 0.8346603021467498, 0.9427499708770446, 0.5, 0.892795564909294, 0.5]}], "scores": [0.8123624035143875, 0.8131068070612529, 0.8433166886940171, 0.8795152741931559, 0.8795152741931559, 0.8795152741931559, 0.8902791498849886, 0.8902791498849886, 0.8902791498849886, 0.8902791498849886, 0.8902791498849886, 0.8902791498849886, 0.9154052487311715, 0.9154052487311715, 0.9154052487311715, 0.9154052487311715, 0.9427499708770446, 0.9427499708770446, 0.9427499708770446, 0.9427499708770446]}