{"task_id": "rf-125923", "max_evals": 50, "batch_size": 5, "n_repeat": 10, "scores": [0.9325716337991381, 0.9350105567889949, 0.9351472726481216, 0.9358481781376519, 0.9361042183622829, 0.9364073832223238, 0.9365774019415785, 0.9367149231639893, 0.9367149231639893, 0.9368356188237342, 0.9368356188237342, 0.9371186060685212, 0.9371186060685212, 0.9371186060685212, 0.9371187366679725, 0.9371187366679725, 0.9371187366679725, 0.9371187366679725, 0.9371187366679725, 0.93715153889687, 0.9373536850811893, 0.937453397762396, 0.937453397762396, 0.937453397762396, 0.937572439162422, 0.9379108005746376, 0.9379108005746376, 0.9379108005746376, 0.9379108005746376, 0.9379108005746376, 0.9379836315354142, 0.9379836315354142, 0.9379836315354142, 0.9379836315354142, 0.9379836315354142, 0.9379836315354142, 0.9379836315354142, 0.9381774628879892, 0.9384347002742588, 0.9384347002742588, 0.9384347002742588, 0.9384347002742588, 0.9384347002742588, 0.9385229419703105, 0.9385229419703105, 0.9385229419703105, 0.9385229419703105, 0.9385229419703105, 0.9385229419703105, 0.9385229419703105]}