{"task_id": "rf-145839", "max_evals": 50, "batch_size": 5, "n_repeat": 10, "scores": [0.8289371428571428, 0.8423734693877553, 0.8464424489795919, 0.8501975510204083, 0.8533824489795918, 0.8544236734693877, 0.8544236734693877, 0.8544236734693877, 0.8544767346938776, 0.8544767346938776, 0.8544767346938776, 0.8547338775510205, 0.8547338775510205, 0.855025306122449, 0.8566742857142857, 0.8566742857142857, 0.8566742857142857, 0.8566742857142857, 0.8566742857142857, 0.8566742857142857, 0.8566742857142857, 0.8566742857142857, 0.8567004081632653, 0.8567004081632653, 0.8567004081632653, 0.8572506122448982, 0.8572506122448982, 0.8572506122448982, 0.8572506122448982, 0.8578146938775513, 0.8578146938775513, 0.8582710204081634, 0.8591726530612247, 0.8591726530612247, 0.8591726530612247, 0.8591726530612247, 0.8591726530612247, 0.8591726530612247, 0.8591726530612247, 0.8591726530612247, 0.8591726530612247, 0.8591726530612247, 0.8591726530612247, 0.8595767346938776, 0.8595767346938776, 0.8595767346938776, 0.8595767346938776, 0.8595767346938776, 0.8595767346938776, 0.8595767346938776]}