{"task_id": "rf-3913", "max_evals": 50, "batch_size": 5, "n_repeat": 10, "scores": [0.7720870552212016, 0.8034674796747969, 0.8076973920388555, 0.8091556329849015, 0.816974025974026, 0.816974025974026, 0.8175236511456024, 0.8178383486432267, 0.8189565515785029, 0.8197167669728647, 0.8215922289093023, 0.821959349593496, 0.822422447471228, 0.822422447471228, 0.822422447471228, 0.8230948157533524, 0.8230948157533524, 0.8230948157533524, 0.8240401224791469, 0.8250591806567418, 0.8266643437862949, 0.8266643437862949, 0.8266643437862949, 0.8267891986062719, 0.8267891986062719, 0.8267891986062719, 0.8267891986062719, 0.8267891986062719, 0.8267891986062719, 0.8267891986062719, 0.8270891141378947, 0.8270891141378947, 0.8270891141378947, 0.8270891141378947, 0.8272070531094922, 0.8272070531094922, 0.8272070531094922, 0.8272070531094922, 0.8274008024495829, 0.827873719776159, 0.827873719776159, 0.827873719776159, 0.827873719776159, 0.827873719776159, 0.827873719776159, 0.827873719776159, 0.827873719776159, 0.8287275894836871, 0.8287275894836871, 0.8287275894836871]}