{"task_id": "rf-49", "max_evals": 50, "batch_size": 5, "n_repeat": 3, "scores": [0.9285768592220204, 0.9633742472768404, 0.968701076607465, 0.968701076607465, 0.968701076607465, 0.968701076607465, 0.968701076607465, 0.968701076607465, 0.9727756998313609, 0.9727756998313609, 0.9727756998313609, 0.9727756998313609, 0.9727756998313609, 0.9727756998313609, 0.9777454981123546, 0.9777454981123546, 0.9777454981123546, 0.9777454981123546, 0.9777454981123546, 0.9777454981123546, 0.9777454981123546, 0.9807224986225619, 0.9807224986225619, 0.9807224986225619, 0.9807224986225619, 0.9807224986225619, 0.9807224986225619, 0.9807224986225619, 0.9807224986225619, 0.9813926287360824, 0.9813926287360824, 0.9813926287360824, 0.9813926287360824, 0.9813926287360824, 0.9813926287360824, 0.9814416110747547, 0.9814416110747547, 0.9814416110747547, 0.9814416110747547, 0.9814416110747547, 0.9814416110747547, 0.9814416110747547, 0.9814416110747547, 0.9814416110747547, 0.9814416110747547, 0.9814416110747547, 0.9814416110747547, 0.9814416110747547, 0.9814416110747547, 0.9814416110747547]}