{"task_id": "rf-9952", "max_evals": 50, "batch_size": 5, "n_repeat": 3, "scores": [0.9425798261606392, 0.9603468794917567, 0.9603468794917567, 0.9603468794917567, 0.9612212518067592, 0.9612212518067592, 0.9612212518067592, 0.9612212518067592, 0.9612212518067592, 0.9612212518067592, 0.9612212518067592, 0.9612212518067592, 0.9612212518067592, 0.9619368651912147, 0.9619368651912147, 0.9619368651912147, 0.9619368651912147, 0.9619368651912147, 0.9619368651912147, 0.9619368651912147, 0.9619734259701719, 0.9619734259701719, 0.9619734259701719, 0.9619734259701719, 0.9619734259701719, 0.9619734259701719, 0.9631620388905926, 0.9631620388905926, 0.9631620388905926, 0.9631620388905926, 0.9631620388905926, 0.9631620388905926, 0.9631620388905926, 0.9631620388905926, 0.9631620388905926, 0.9636292229397584, 0.9636292229397584, 0.9636292229397584, 0.9636292229397584, 0.9636292229397584, 0.9636292229397584, 0.9636292229397584, 0.9636292229397584, 0.9636292229397584, 0.9636292229397584, 0.9636292229397584, 0.9636292229397584, 0.9646312565156538, 0.9646312565156538, 0.964777433143615]}