{"task_id": "rf-9957", "max_evals": 50, "batch_size": 5, "n_repeat": 3, "scores": [0.9165428702882119, 0.9165428702882119, 0.9165428702882119, 0.9185136218738702, 0.9185136218738702, 0.9185136218738702, 0.9203055802030957, 0.9203055802030957, 0.9203055802030957, 0.9203055802030957, 0.9203055802030957, 0.9203055802030957, 0.9203055802030957, 0.9203055802030957, 0.9203055802030957, 0.9203055802030957, 0.9203055802030957, 0.9203055802030957, 0.9203055802030957, 0.9203055802030957, 0.9203055802030957, 0.9203055802030957, 0.9203055802030957, 0.9203055802030957, 0.9203055802030957, 0.9203055802030957, 0.9203055802030957, 0.9204027408064674, 0.9204027408064674, 0.9204027408064674, 0.9204027408064674, 0.9204027408064674, 0.9204027408064674, 0.9204027408064674, 0.9204027408064674, 0.9204027408064674, 0.9204027408064674, 0.9204027408064674, 0.9204027408064674, 0.9204027408064674, 0.9204027408064674, 0.9204027408064674, 0.9204027408064674, 0.9204027408064674, 0.9204027408064674, 0.9209089848499786, 0.9211344769791975, 0.9211344769791975, 0.9211344769791975, 0.9211344769791975]}