{"task_id": "svm-10101", "max_evals": 50, "batch_size": 5, "n_repeat": 3, "scores": [0.4715686274509803, 0.4866853954057257, 0.527667889767993, 0.527667889767993, 0.527667889767993, 0.527667889767993, 0.5363060428849903, 0.5363060428849903, 0.5413035584604212, 0.5413035584604212, 0.5413035584604212, 0.554443297786951, 0.554443297786951, 0.554443297786951, 0.5768623628788746, 0.5768623628788746, 0.5768623628788746, 0.5768623628788746, 0.5768623628788746, 0.5768623628788746, 0.5768623628788746, 0.584768566295914, 0.584768566295914, 0.584768566295914, 0.584768566295914, 0.584768566295914, 0.584768566295914, 0.5967215151167679, 0.5967215151167679, 0.5967215151167679, 0.5967215151167679, 0.5967215151167679, 0.5967215151167679, 0.5967215151167679, 0.5967215151167679, 0.5967215151167679, 0.5967215151167679, 0.5967215151167679, 0.5967215151167679, 0.5967215151167679, 0.5967215151167679, 0.5967215151167679, 0.5967215151167679, 0.5967215151167679, 0.5967215151167679, 0.5967215151167679, 0.5967215151167679, 0.5967215151167679, 0.6124880556511103, 0.6124880556511103]}