{"task_id": "svm-146064", "max_evals": 50, "batch_size": 5, "n_repeat": 3, "scores": [0.9248228166438044, 0.9811882949338857, 0.98126008976979, 0.98126008976979, 0.98126008976979, 0.98126008976979, 0.98126008976979, 0.98126008976979, 0.98126008976979, 0.98126008976979, 0.98126008976979, 0.98126008976979, 0.9945434175041759, 0.9945434175041759, 0.9945434175041759, 0.9945434175041759, 0.9945434175041759, 0.9945434175041759, 0.9945434175041759, 0.9945434175041759, 0.9945434175041759, 0.9945434175041759, 0.9945434175041759, 0.9945434175041759, 0.9945434175041759, 0.9945434175041759, 0.9945434175041759, 0.9945434175041759, 0.9945434175041759, 0.9945434175041759, 0.9945434175041759, 0.9945434175041759, 0.999234693877551, 0.999234693877551, 0.999234693877551, 0.999234693877551, 0.999234693877551, 0.999234693877551, 0.999234693877551, 0.999234693877551, 0.999234693877551, 0.999234693877551, 0.999234693877551, 0.999234693877551, 0.999234693877551, 0.999234693877551, 0.999234693877551, 0.999234693877551, 0.999234693877551, 0.999234693877551]}