{"task_id": "svm-9946", "max_evals": 50, "batch_size": 5, "n_repeat": 3, "scores": [0.5, 0.7932659073730502, 0.7932659073730502, 0.7932659073730502, 0.7932659073730502, 0.7932659073730502, 0.936355304748162, 0.936355304748162, 0.936355304748162, 0.936355304748162, 0.9374265615337044, 0.9374265615337044, 0.9374265615337044, 0.9374265615337044, 0.9374265615337044, 0.9374265615337044, 0.9374265615337044, 0.9374265615337044, 0.9374265615337044, 0.9488509814700291, 0.9488509814700291, 0.9488509814700291, 0.9488509814700291, 0.9488509814700291, 0.9492372706658422, 0.9492372706658422, 0.9492372706658422, 0.9492372706658422, 0.9492372706658422, 0.9492372706658422, 0.9492372706658422, 0.9492372706658422, 0.9518178955083717, 0.9518178955083717, 0.9518178955083717, 0.9518178955083717, 0.9518178955083717, 0.9518178955083717, 0.9518178955083717, 0.9518178955083717, 0.9518178955083717, 0.9518178955083717, 0.9518178955083717, 0.9518178955083717, 0.9523980164456356, 0.9523980164456356, 0.9523980164456356, 0.9523980164456356, 0.9523980164456356, 0.9523980164456356]}