{"task_id": "svm-3493", "max_evals": 50, "batch_size": 5, "n_repeat": 3, "scores": [0.6742307692307691, 0.7666549654049654, 0.7666549654049654, 0.8384823972323971, 0.8777457264957264, 0.8777457264957264, 0.893968253968254, 0.893968253968254, 0.893968253968254, 0.893968253968254, 0.893968253968254, 0.9239733414733414, 0.9239733414733414, 0.9239733414733414, 0.9239733414733414, 0.9239733414733414, 0.9239733414733414, 0.9239733414733414, 0.9239733414733414, 0.9239733414733414, 0.9239733414733414, 0.9239733414733414, 0.9239733414733414, 0.9410378510378511, 0.9410378510378511, 0.9410378510378511, 0.9410378510378511, 0.9410378510378511, 0.9410378510378511, 0.9410378510378511, 0.9410378510378511, 0.9410378510378511, 0.9410378510378511, 0.9410378510378511, 0.9412057387057388, 0.9412057387057388, 0.9579680504680504, 0.9579680504680504, 0.9579680504680504, 0.9579680504680504, 0.9579680504680504, 0.9579680504680504, 0.9579680504680504, 0.9579680504680504, 0.9579680504680504, 0.9579680504680504, 0.9579680504680504, 0.9579680504680504, 0.9579680504680504, 0.9579680504680504]}