{"task_id": "svm-3903", "max_evals": 50, "batch_size": 5, "n_repeat": 3, "scores": [0.5223004791455589, 0.567748490797028, 0.6463239298378926, 0.6463239298378926, 0.6933409321175278, 0.6933409321175278, 0.6933409321175278, 0.6933409321175278, 0.7464266189631882, 0.7464266189631882, 0.7464266189631882, 0.7464266189631882, 0.7464266189631882, 0.7464266189631882, 0.7464266189631882, 0.7464266189631882, 0.7464266189631882, 0.7464266189631882, 0.7464266189631882, 0.7464266189631882, 0.7464266189631882, 0.7464266189631882, 0.7464266189631882, 0.7533905352921311, 0.7533905352921311, 0.7533905352921311, 0.7533905352921311, 0.7533905352921311, 0.7533905352921311, 0.7533905352921311, 0.7533905352921311, 0.7533905352921311, 0.7533905352921311, 0.7533905352921311, 0.7533905352921311, 0.7533905352921311, 0.7533905352921311, 0.7533905352921311, 0.7533905352921311, 0.7533905352921311, 0.7533905352921311, 0.7533905352921311, 0.7533905352921311, 0.7533905352921311, 0.7533905352921311, 0.7533905352921311, 0.7533905352921311, 0.7533905352921311, 0.7533905352921311, 0.7533905352921311]}