{"task_id": "xgb-3917", "max_evals": 50, "batch_size": 5, "n_repeat": 3, "scores": [0.7876505189044419, 0.7910605747545126, 0.7924832073520657, 0.7930681835023705, 0.7930681835023705, 0.7930681835023705, 0.7930681835023705, 0.7930681835023705, 0.7930681835023705, 0.7930681835023705, 0.7930681835023705, 0.7930681835023705, 0.7930681835023705, 0.793139126478361, 0.793139126478361, 0.793139126478361, 0.793139126478361, 0.793139126478361, 0.793139126478361, 0.793139126478361, 0.793139126478361, 0.793139126478361, 0.793139126478361, 0.7931946195009857, 0.7931946195009857, 0.7931946195009857, 0.7931946195009857, 0.7931946195009857, 0.7931946195009857, 0.7931946195009857, 0.7931946195009857, 0.7935360560401264, 0.7935360560401264, 0.7935360560401264, 0.7935360560401264, 0.7935360560401264, 0.7935360560401264, 0.7940594285354011, 0.7940594285354011, 0.7953810261653951, 0.7953810261653951, 0.7953810261653951, 0.7953810261653951, 0.7953810261653951, 0.7953810261653951, 0.7953810261653951, 0.7953810261653951, 0.7953810261653951, 0.7953810261653951, 0.7953810261653951]}