{"task_id": "xgb-145979", "max_evals": 50, "batch_size": 5, "n_repeat": 3, "scores": [0.7510115641152568, 0.97124243023764, 0.97124243023764, 0.9781477695824385, 0.9781477695824385, 0.9781477695824385, 0.9781477695824385, 0.9781477695824385, 0.9781477695824385, 0.9781477695824385, 0.9781477695824385, 0.9781477695824385, 0.9781477695824385, 0.9781477695824385, 0.9781477695824385, 0.9784441858702464, 0.9784441858702464, 0.9784441858702464, 0.9784441858702464, 0.9784441858702464, 0.9784441858702464, 0.9784441858702464, 0.9784441858702464, 0.9784441858702464, 0.9784441858702464, 0.9809083658916463, 0.9809083658916463, 0.9809083658916463, 0.9809083658916463, 0.9810047989361427, 0.9810047989361427, 0.9810047989361427, 0.9810047989361427, 0.9810047989361427, 0.9810047989361427, 0.9810047989361427, 0.9810047989361427, 0.9810047989361427, 0.9810047989361427, 0.9810047989361427, 0.9810047989361427, 0.9810047989361427, 0.9810047989361427, 0.9810047989361427, 0.9810047989361427, 0.9810047989361427, 0.9810047989361427, 0.9810047989361427, 0.9810047989361427, 0.9810047989361427]}