{"task_id": "xgb-3485", "max_evals": 50, "batch_size": 5, "n_repeat": 3, "scores": [0.637481958287836, 0.7917861559723903, 0.9260146520889054, 0.9500929199667408, 0.9718049236168542, 0.9718049236168542, 0.9718049236168542, 0.9718049236168542, 0.9718049236168542, 0.9718049236168542, 0.9718049236168542, 0.9718049236168542, 0.9718049236168542, 0.9718049236168542, 0.9722990959776089, 0.9722990959776089, 0.9722990959776089, 0.9722990959776089, 0.9722990959776089, 0.9771975174885906, 0.9771975174885906, 0.9771975174885906, 0.9771975174885906, 0.9771975174885906, 0.9771975174885906, 0.9771975174885906, 0.9771975174885906, 0.9771975174885906, 0.9771975174885906, 0.9771975174885906, 0.9771975174885906, 0.9771975174885906, 0.9779849661371914, 0.9779849661371914, 0.9779849661371914, 0.9779849661371914, 0.9779849661371914, 0.9779849661371914, 0.9779849661371914, 0.9779849661371914, 0.9779849661371914, 0.9779849661371914, 0.9779849661371914, 0.9779849661371914, 0.9779849661371914, 0.9779849661371914, 0.9779849661371914, 0.9779849661371914, 0.9779849661371914, 0.9779849661371914]}