{"task_id": "xgb-125923", "max_evals": 50, "batch_size": 5, "n_repeat": 3, "scores": [0.7736777893866179, 0.9123453122052442, 0.9173896434634975, 0.9176693076777966, 0.9178846153846153, 0.9187367768055373, 0.9313103478298724, 0.9313103478298724, 0.9317074427176295, 0.9317074427176295, 0.9317074427176295, 0.9317074427176295, 0.9317074427176295, 0.9317074427176295, 0.9317074427176295, 0.9317074427176295, 0.9317074427176295, 0.9317074427176295, 0.9317074427176295, 0.9317074427176295, 0.9317074427176295, 0.9317074427176295, 0.9317074427176295, 0.9330476107555904, 0.933485554249561, 0.9369054459971268, 0.9369054459971268, 0.9369054459971268, 0.9369054459971268, 0.9369054459971268, 0.9369054459971268, 0.9369054459971268, 0.937327935222672, 0.937327935222672, 0.937327935222672, 0.937327935222672, 0.937327935222672, 0.937327935222672, 0.937327935222672, 0.937327935222672, 0.937327935222672, 0.937327935222672, 0.9382562796569588, 0.9382562796569588, 0.9382562796569588, 0.9382562796569588, 0.9382562796569588, 0.9382562796569588, 0.9382562796569588, 0.9382562796569588]}