{"task_id": "xgb-3903", "max_evals": 50, "batch_size": 5, "n_repeat": 3, "scores": [0.49556178233704823, 0.5709906387200271, 0.7974099227456941, 0.7974099227456941, 0.8141066151637958, 0.8145745736237755, 0.8145745736237755, 0.821746137284701, 0.821746137284701, 0.821746137284701, 0.821746137284701, 0.821746137284701, 0.821746137284701, 0.821746137284701, 0.821746137284701, 0.8272421690307329, 0.8352739783856804, 0.8352739783856804, 0.8352739783856804, 0.8352739783856804, 0.8352739783856804, 0.8352739783856804, 0.8352739783856804, 0.8352739783856804, 0.8352739783856804, 0.8352739783856804, 0.8352739783856804, 0.8352739783856804, 0.8352739783856804, 0.8352739783856804, 0.8352739783856804, 0.8352739783856804, 0.8352739783856804, 0.8352739783856804, 0.8352739783856804, 0.8352739783856804, 0.8352739783856804, 0.8352739783856804, 0.8352739783856804, 0.8352739783856804, 0.8352739783856804, 0.8352739783856804, 0.8352739783856804, 0.843129643701452, 0.843129643701452, 0.843129643701452, 0.843129643701452, 0.843129643701452, 0.843129643701452, 0.843129643701452]}