{"task_id": "xgb-145953", "max_evals": 50, "batch_size": 5, "n_repeat": 3, "scores": [0.7562708644448248, 0.9171334738296916, 0.9171334738296916, 0.9835180381214768, 0.9835180381214768, 0.9835180381214768, 0.9835180381214768, 0.9842466205163705, 0.9842466205163705, 0.9865568957202905, 0.9865568957202905, 0.9865568957202905, 0.9902489832711018, 0.9902489832711018, 0.9902489832711018, 0.9902489832711018, 0.9902489832711018, 0.9902489832711018, 0.9902489832711018, 0.9902489832711018, 0.9902489832711018, 0.9902489832711018, 0.9902489832711018, 0.990349018765698, 0.990349018765698, 0.990349018765698, 0.990349018765698, 0.990349018765698, 0.990349018765698, 0.990349018765698, 0.990349018765698, 0.9943752106345124, 0.9943752106345124, 0.994907623992982, 0.994907623992982, 0.994907623992982, 0.994907623992982, 0.994907623992982, 0.994907623992982, 0.994907623992982, 0.994907623992982, 0.994907623992982, 0.994907623992982, 0.994907623992982, 0.994907623992982, 0.994907623992982, 0.994907623992982, 0.994907623992982, 0.994907623992982, 0.994907623992982]}