{"task_id": "xgb-3", "max_evals": 50, "batch_size": 5, "n_repeat": 3, "scores": [0.80710303678848, 0.9322457333593142, 0.9794313973170201, 0.991138129099041, 0.991138129099041, 0.991138129099041, 0.991138129099041, 0.991138129099041, 0.991138129099041, 0.991138129099041, 0.991138129099041, 0.9917995678459602, 0.9917995678459602, 0.9917995678459602, 0.9917995678459602, 0.9917995678459602, 0.9917995678459602, 0.9917995678459602, 0.9917995678459602, 0.9917995678459602, 0.9917995678459602, 0.9917995678459602, 0.9917995678459602, 0.9917995678459602, 0.9917995678459602, 0.9917995678459602, 0.9917995678459602, 0.9917995678459602, 0.9951058852077965, 0.9951058852077965, 0.9951058852077965, 0.9951058852077965, 0.9951058852077965, 0.9951058852077965, 0.9951058852077965, 0.9951058852077965, 0.9951058852077965, 0.9951058852077965, 0.9951058852077965, 0.9951058852077965, 0.9951058852077965, 0.9951058852077965, 0.995419902855336, 0.995419902855336, 0.995419902855336, 0.995419902855336, 0.995419902855336, 0.995419902855336, 0.995419902855336, 0.995419902855336]}