{"task_id": "xgb-3492", "max_evals": 50, "batch_size": 5, "n_repeat": 3, "scores": [0.5412824389014865, 0.6638295167175237, 0.8589575576458293, 0.8589575576458293, 0.8589575576458293, 0.8589575576458293, 0.8589575576458293, 0.8589575576458293, 0.8589575576458293, 0.8589575576458293, 0.9144402685628434, 0.9144402685628434, 0.9144402685628434, 0.9144402685628434, 0.9144402685628434, 0.9144402685628434, 0.9144402685628434, 0.9144402685628434, 0.9144402685628434, 0.9144402685628434, 0.9144402685628434, 0.9144402685628434, 0.9144402685628434, 0.9144402685628434, 0.9144402685628434, 0.9144402685628434, 0.9144402685628434, 0.9144402685628434, 0.9144402685628434, 0.9144402685628434, 0.9144402685628434, 0.9144402685628434, 0.9152480916920952, 0.9152480916920952, 0.9152777777777779, 0.9152777777777779, 0.9152777777777779, 0.9152777777777779, 0.9152777777777779, 0.991284013605442, 0.991284013605442, 0.991284013605442, 0.991284013605442, 0.991284013605442, 0.991284013605442, 0.991284013605442, 0.991284013605442, 0.991284013605442, 0.991284013605442, 0.991284013605442]}