{"task_id": "rf-9967", "max_evals": 50, "batch_size": 5, "n_repeat": 3, "scores": [0.9455189027073985, 0.9797802326947936, 0.9831228871851949, 0.9837829725849677, 0.984386255383573, 0.9846604748374846, 0.9846604748374846, 0.9846604748374846, 0.985003249154874, 0.985003249154874, 0.985003249154874, 0.985003249154874, 0.9867229968729765, 0.9867229968729765, 0.987516274578935, 0.987516274578935, 0.987516274578935, 0.987516274578935, 0.987516274578935, 0.987516274578935, 0.9875280268412453, 0.9875280268412453, 0.9875280268412453, 0.9878864708417154, 0.9894475630186262, 0.9894475630186262, 0.9894475630186262, 0.9894475630186262, 0.9894475630186262, 0.9901574803149608, 0.9901574803149608, 0.9901574803149608, 0.9901574803149608, 0.9901574803149608, 0.9901574803149608, 0.9901574803149608, 0.9901574803149608, 0.9901574803149608, 0.9901574803149608, 0.9901574803149608, 0.9901574803149608, 0.9901574803149608, 0.9901574803149608, 0.9901574803149608, 0.9901574803149608, 0.9901574803149608, 0.9901574803149608, 0.9901574803149608, 0.9901574803149608, 0.9901574803149608]}