{"task_id": "svm-145878", "max_evals": 50, "batch_size": 5, "n_repeat": 3, "scores": [0.5, 0.5, 0.6470984218603267, 0.781746375317804, 0.9257598376050757, 0.9257598376050757, 0.9257598376050757, 0.9257598376050757, 0.9257598376050757, 0.9305471953091001, 0.9305471953091001, 0.9305471953091001, 0.9309820999106714, 0.9429418905609381, 0.9429418905609381, 0.9429418905609381, 0.9429418905609381, 0.9429418905609381, 0.9429418905609381, 0.9429418905609381, 0.9429418905609381, 0.9429418905609381, 0.9429418905609381, 0.9555660917565679, 0.9555660917565679, 0.9555660917565679, 0.9555660917565679, 0.9567409354314115, 0.9568485306580543, 0.9568485306580543, 0.9568485306580543, 0.9568485306580543, 0.9568485306580543, 0.9568485306580543, 0.9568485306580543, 0.9568485306580543, 0.9568485306580543, 0.9568485306580543, 0.9568485306580543, 0.9568485306580543, 0.9568485306580543, 0.9568485306580543, 0.9568875833161545, 0.9568875833161545, 0.9568875833161545, 0.9568875833161545, 0.9568875833161545, 0.9568875833161545, 0.9568875833161545, 0.9568875833161545]}