{"task_id": "svm-9983", "max_evals": 50, "batch_size": 5, "n_repeat": 3, "scores": [0.5, 0.5234277691856822, 0.5234277691856822, 0.5234277691856822, 0.5234277691856822, 0.5235874590566336, 0.5235874590566336, 0.5235874590566336, 0.5440134863822321, 0.5440134863822321, 0.5440134863822321, 0.5440134863822321, 0.550563952773612, 0.56683620426791, 0.6009359753055143, 0.6009359753055143, 0.6055673420433948, 0.6055673420433948, 0.6064126143979267, 0.6064126143979267, 0.6064126143979267, 0.609252899637447, 0.609252899637447, 0.609252899637447, 0.609252899637447, 0.609252899637447, 0.609252899637447, 0.6104388096957338, 0.6105053289301825, 0.6108963827269381, 0.6108963827269381, 0.6108963827269381, 0.6108963827269381, 0.6108963827269381, 0.6108963827269381, 0.6142209178366351, 0.6149362154093542, 0.6149362154093542, 0.6149362154093542, 0.6158900890144995, 0.6158900890144995, 0.6158900890144995, 0.6158900890144995, 0.6158900890144995, 0.6158900890144995, 0.6158900890144995, 0.6158900890144995, 0.6158900890144995, 0.6158900890144995, 0.6158900890144995]}