{"task_id": "svm-3485", "max_evals": 50, "batch_size": 5, "n_repeat": 3, "scores": [0.6560578431637177, 0.6644816316725022, 0.8156751457655075, 0.8156751457655075, 0.8156751457655075, 0.8317023894735552, 0.8317023894735552, 0.8668710017941622, 0.9561262945325951, 0.9685009442901341, 0.9756351252695733, 0.9756351252695733, 0.9756351252695733, 0.9783941165228661, 0.9783941165228661, 0.9815685974225538, 0.9815685974225538, 0.9815685974225538, 0.9815685974225538, 0.9815685974225538, 0.9820149373849968, 0.9821470469460672, 0.9821470469460672, 0.9821470469460672, 0.9821650502658433, 0.9821650502658433, 0.9827171608047002, 0.9827171608047002, 0.9827171608047002, 0.9827171608047002, 0.9827171608047002, 0.9827171608047002, 0.9827171608047002, 0.9827171608047002, 0.9827171608047002, 0.9827171608047002, 0.9827171608047002, 0.982833489739404, 0.982833489739404, 0.982833489739404, 0.982833489739404, 0.982833489739404, 0.982833489739404, 0.982833489739404, 0.982833489739404, 0.982833489739404, 0.982833489739404, 0.982833489739404, 0.982833489739404, 0.982833489739404]}