{"task_id": "svm-9971", "max_evals": 50, "batch_size": 5, "n_repeat": 3, "scores": [0.519744198492405, 0.5203180865842272, 0.5203180865842272, 0.5203180865842272, 0.5203180865842272, 0.5237771429710095, 0.5290018446402952, 0.5290018446402952, 0.5290018446402952, 0.5409971305595409, 0.5409971305595409, 0.5409971305595409, 0.5409971305595409, 0.5409971305595409, 0.5409971305595409, 0.5424797459634261, 0.5424797459634261, 0.5424797459634261, 0.5424797459634261, 0.5424797459634261, 0.5550213784700873, 0.5787305572635558, 0.5801388034888751, 0.5869757862494591, 0.5880095534148618, 0.5880095534148618, 0.5880095534148618, 0.5880095534148618, 0.5880095534148618, 0.5880095534148618, 0.5880095534148618, 0.5880095534148618, 0.5880095534148618, 0.5880095534148618, 0.5880095534148618, 0.5895779246658013, 0.5895779246658013, 0.5895779246658013, 0.5895779246658013, 0.5910927785748447, 0.5910927785748447, 0.5933675502721415, 0.5933675502721415, 0.5933675502721415, 0.5933675502721415, 0.5938926180228189, 0.5938926180228189, 0.5938926180228189, 0.5938926180228189, 0.5938926180228189]}