{"task_id": "svm-9914", "max_evals": 50, "batch_size": 5, "n_repeat": 3, "scores": [0.6580690933985075, 0.6729643565477623, 0.6729643565477623, 0.6860722816856818, 0.743458384571038, 0.8015239544770073, 0.9367836644275208, 0.955586648224859, 0.955586648224859, 0.955586648224859, 0.9567694130838523, 0.9628459598255018, 0.9628459598255018, 0.9628459598255018, 0.9628459598255018, 0.9628459598255018, 0.9628459598255018, 0.9692898935331068, 0.9692898935331068, 0.9692898935331068, 0.9692898935331068, 0.9692898935331068, 0.9698245136241818, 0.9699551429442912, 0.9745559339960997, 0.9756315791465285, 0.9763039122942804, 0.9763039122942804, 0.9763039122942804, 0.9777418448009194, 0.9777418448009194, 0.9777418448009194, 0.9777418448009194, 0.9777418448009194, 0.9777418448009194, 0.9777418448009194, 0.9778201688084031, 0.9778201688084031, 0.9778201688084031, 0.9781623233799315, 0.9781623233799315, 0.9781623233799315, 0.9781623233799315, 0.9781623233799315, 0.9781623233799315, 0.9781623233799315, 0.9781623233799315, 0.9781623233799315, 0.9781623233799315, 0.9781623233799315]}