{"task_id": "xgb-145857", "max_evals": 50, "batch_size": 5, "n_repeat": 3, "scores": [0.7671023349602879, 0.8712836282605533, 0.8907448390254098, 0.8999029534896789, 0.9030556423672144, 0.9030556423672144, 0.9030556423672144, 0.9030556423672144, 0.9261519358218813, 0.9440666096425573, 0.9440666096425573, 0.9440666096425573, 0.9440666096425573, 0.9440666096425573, 0.9440666096425573, 0.9440666096425573, 0.9440666096425573, 0.9440666096425573, 0.9440666096425573, 0.9440666096425573, 0.9484371185819231, 0.9504772277924287, 0.9504772277924287, 0.9534055479978184, 0.9537073886158006, 0.954240648423343, 0.9547355513769338, 0.9547355513769338, 0.9547355513769338, 0.9560480561665354, 0.9572034465405173, 0.958093537957819, 0.958093537957819, 0.958093537957819, 0.958093537957819, 0.95889947107722, 0.95889947107722, 0.95889947107722, 0.95889947107722, 0.95889947107722, 0.95889947107722, 0.95889947107722, 0.95889947107722, 0.95889947107722, 0.95889947107722, 0.95889947107722, 0.95889947107722, 0.95889947107722, 0.95889947107722, 0.95889947107722]}