{"task_id": "xgb-3896", "max_evals": 50, "batch_size": 5, "n_repeat": 3, "scores": [0.8732356371031124, 0.8789912216577805, 0.8847677936035683, 0.8847677936035683, 0.8933914914913555, 0.8933914914913555, 0.8933914914913555, 0.8933914914913555, 0.8933914914913555, 0.8933914914913555, 0.8933914914913555, 0.8933914914913555, 0.8933914914913555, 0.8933914914913555, 0.8933914914913555, 0.8990510523192577, 0.8990510523192577, 0.89959912725043, 0.89959912725043, 0.89959912725043, 0.9000856545071064, 0.9002312234140223, 0.9002312234140223, 0.9010561138865465, 0.9010561138865465, 0.9010853393190398, 0.9010853393190398, 0.9018592474805699, 0.9018592474805699, 0.9018592474805699, 0.9018592474805699, 0.9020806335265048, 0.903177605684188, 0.903177605684188, 0.903177605684188, 0.903177605684188, 0.903177605684188, 0.903177605684188, 0.903177605684188, 0.903945765322342, 0.9039724257968983, 0.9039724257968983, 0.9039724257968983, 0.9039724257968983, 0.9039724257968983, 0.9039724257968983, 0.9039724257968983, 0.9043450990971498, 0.9043450990971498, 0.9043450990971498]}