{"task_id": "xgb-145847", "max_evals": 50, "batch_size": 5, "n_repeat": 3, "scores": [0.5199497695760796, 0.8852908343038012, 0.8852908343038012, 0.8861193911931281, 0.8861193911931281, 0.8900357256611624, 0.8909884501876237, 0.8909884501876237, 0.8909884501876237, 0.9224384636248718, 0.9459886679208097, 0.9459886679208097, 0.9560588402161904, 0.9560588402161904, 0.9560588402161904, 0.9560588402161904, 0.9560588402161904, 0.9560588402161904, 0.9560588402161904, 0.9560588402161904, 0.9561954721450826, 0.9561954721450826, 0.9561954721450826, 0.9594630550329958, 0.9594630550329958, 0.9594630550329958, 0.9594630550329958, 0.9594630550329958, 0.9594630550329958, 0.9594630550329958, 0.9594630550329958, 0.9594630550329958, 0.9594630550329958, 0.9594630550329958, 0.9594630550329958, 0.9594630550329958, 0.9618743418236834, 0.9618743418236834, 0.9618743418236834, 0.9618743418236834, 0.9618743418236834, 0.9618743418236834, 0.9618743418236834, 0.9618743418236834, 0.9618743418236834, 0.9618743418236834, 0.9618743418236834, 0.9618743418236834, 0.9618743418236834, 0.9618743418236834]}