{"task_id": "xgb-37", "max_evals": 50, "batch_size": 5, "n_repeat": 3, "scores": [0.546746913580247, 0.8140612535612536, 0.8140612535612536, 0.8140735992402659, 0.8209434947768282, 0.8209434947768282, 0.8209434947768282, 0.8227616334283, 0.8266557454890787, 0.8266557454890787, 0.82938081671415, 0.8342317188983855, 0.8342317188983855, 0.8342317188983855, 0.8342317188983855, 0.8342317188983855, 0.8342317188983855, 0.8342317188983855, 0.8342317188983855, 0.8342317188983855, 0.8342317188983855, 0.8342317188983855, 0.8346058879392212, 0.8350902184235517, 0.8350902184235517, 0.8350902184235517, 0.8350902184235517, 0.8362070275403609, 0.8362070275403609, 0.8362070275403609, 0.8362070275403609, 0.8362070275403609, 0.8362070275403609, 0.8362070275403609, 0.8362070275403609, 0.8362070275403609, 0.8362070275403609, 0.8362070275403609, 0.8362070275403609, 0.8362070275403609, 0.8362070275403609, 0.8362070275403609, 0.8362070275403609, 0.8362070275403609, 0.8362070275403609, 0.8362070275403609, 0.8362070275403609, 0.8362070275403609, 0.8362070275403609, 0.8362070275403609]}