{"task_id": "xgb-3913", "max_evals": 50, "batch_size": 5, "n_repeat": 3, "scores": [0.6038941681624609, 0.8085182838841375, 0.8153871467286101, 0.8233475873719777, 0.824377749621652, 0.824377749621652, 0.824377749621652, 0.8267037975574562, 0.8267037975574562, 0.8267037975574562, 0.8270657797487067, 0.8270657797487067, 0.8285694928377856, 0.8285694928377856, 0.8285694928377856, 0.8285694928377856, 0.8285694928377856, 0.8285694928377856, 0.8285694928377856, 0.8285694928377856, 0.8285694928377856, 0.8285694928377856, 0.8285694928377856, 0.8297207264280435, 0.8297207264280435, 0.8297207264280435, 0.8297207264280435, 0.8308647450110865, 0.8308647450110865, 0.8308647450110865, 0.8308647450110865, 0.8312409812409812, 0.8312409812409812, 0.8312409812409812, 0.8312981733713442, 0.8312981733713442, 0.8312981733713442, 0.8312981733713442, 0.8312981733713442, 0.8312981733713442, 0.8312981733713442, 0.8312981733713442, 0.8312981733713442, 0.8312981733713442, 0.8312981733713442, 0.8312981733713442, 0.8312981733713442, 0.8312981733713442, 0.8312981733713442, 0.8312981733713442]}