{"task_id": "xgb-10093", "max_evals": 50, "batch_size": 5, "n_repeat": 3, "scores": [0.8054862846385711, 0.8054862846385711, 0.9799238689122208, 0.998253737921555, 0.998253737921555, 0.998253737921555, 0.998253737921555, 0.998253737921555, 0.998253737921555, 0.998253737921555, 0.998253737921555, 0.9989581815940746, 0.9989581815940746, 0.9989581815940746, 0.9990660331902782, 0.9990660331902782, 0.9993175935367479, 0.9993175935367479, 0.9993175935367479, 0.999561683642788, 0.999561683642788, 0.9996046375252586, 0.9996478715417455, 0.9996478715417455, 0.9996694418609863, 0.9996694418609863, 0.9997196792278759, 0.9997196792278759, 0.9997196792278759, 0.9997196792278759, 0.9997196792278759, 0.9997196792278759, 0.9997196792278759, 0.9997196792278759, 0.9997412495471165, 0.9997627264883518, 0.9997627264883518, 0.9997627264883518, 0.9997627264883518, 0.9997627264883518, 0.9998490077653148, 0.9999065286166235, 0.9999065286166235, 0.9999065286166235, 0.9999209088294506, 0.9999209088294506, 0.9999209088294506, 0.9999209088294506, 0.9999209088294506, 0.9999209088294506]}