{"task_id": "rf-145836", "max_evals": 50, "batch_size": 5, "n_repeat": 10, "scores": [0.6347276688453158, 0.7363378626304323, 0.7426327256048618, 0.7656197683751864, 0.7880581355349157, 0.802228528838436, 0.802228528838436, 0.8125796926957918, 0.8125796926957918, 0.8148222680885219, 0.8180971218896916, 0.821124871001032, 0.821124871001032, 0.821124871001032, 0.8226771585827313, 0.8232975002866644, 0.8232975002866644, 0.8232975002866644, 0.8232975002866644, 0.8276404655429423, 0.8276404655429423, 0.8276404655429423, 0.8276404655429423, 0.8276404655429423, 0.8305274624469672, 0.8305274624469672, 0.8305274624469672, 0.8322302488246761, 0.8322302488246761, 0.8322302488246761, 0.8322302488246761, 0.8322302488246761, 0.836274796468295, 0.8367062263501891, 0.8402952643045521, 0.8402952643045521, 0.8402952643045521, 0.8402952643045521, 0.8435073386079577, 0.8445851966517601, 0.8453933035202384, 0.8453933035202384, 0.8453933035202384, 0.8453933035202384, 0.8453933035202384, 0.8459720788900356, 0.8459720788900356, 0.848383786263043, 0.848383786263043, 0.848383786263043]}