{"task_id": "rf-31", "max_evals": 50, "batch_size": 5, "n_repeat": 10, "scores": [0.7822857142857143, 0.7939428571428573, 0.7944857142857144, 0.7947976190476191, 0.7949928571428572, 0.7949928571428572, 0.7949928571428572, 0.7949928571428572, 0.7958738095238097, 0.7964500000000001, 0.7969166666666668, 0.7974166666666668, 0.7976952380952382, 0.7977904761904763, 0.7979619047619049, 0.7979619047619049, 0.7979619047619049, 0.7979619047619049, 0.7979619047619049, 0.7981238095238096, 0.7981238095238096, 0.7981380952380952, 0.7981380952380952, 0.7987809523809524, 0.7987809523809524, 0.7987809523809524, 0.7987809523809524, 0.7993428571428571, 0.7993428571428571, 0.8002476190476191, 0.8002476190476191, 0.8002476190476191, 0.8002476190476191, 0.8002476190476191, 0.8002476190476191, 0.8005095238095239, 0.8005095238095239, 0.8005095238095239, 0.8005095238095239, 0.8005095238095239, 0.8005095238095239, 0.8006238095238094, 0.8006238095238094, 0.8006238095238094, 0.8008095238095236, 0.8008095238095236, 0.8008095238095236, 0.8008095238095236, 0.8008476190476189, 0.8008476190476189]}