{"task_id": "rf-3917", "max_evals": 50, "batch_size": 5, "n_repeat": 10, "scores": [0.7589684732382833, 0.7789118901493752, 0.7823693647248646, 0.7832930746384027, 0.7847183032640287, 0.7848925246458209, 0.7884162116088225, 0.7899140772564639, 0.7905731160944072, 0.7905731160944072, 0.7910070400964482, 0.7918583890958262, 0.7918583890958262, 0.7929364208611285, 0.7929902878987604, 0.7930215993914571, 0.7930215993914571, 0.7931541650439015, 0.7931541650439015, 0.7931541650439015, 0.7931541650439015, 0.7931541650439015, 0.793198318672571, 0.793198318672571, 0.793717341849938, 0.793717341849938, 0.7939936966865155, 0.7940942584961567, 0.7940942584961567, 0.7940942584961567, 0.7940942584961567, 0.7942374779292042, 0.7942374779292042, 0.7942374779292042, 0.7942374779292042, 0.7942535791186613, 0.7943148448957437, 0.7943148448957437, 0.7943148448957437, 0.7943148448957437, 0.7943148448957437, 0.7943148448957437, 0.7943148448957437, 0.7943148448957437, 0.7949151941706945, 0.7949151941706945, 0.7949151941706945, 0.7949151941706945, 0.7949151941706945, 0.7949151941706945]}