{"task_id": "rf-3918", "max_evals": 50, "batch_size": 5, "n_repeat": 10, "scores": [0.8317703610103487, 0.8469555338472207, 0.8513326009548703, 0.8516254801024218, 0.8522037868078524, 0.8527894117411714, 0.8540139813160141, 0.854465310932999, 0.8545423940440628, 0.8549557572282087, 0.8549557572282087, 0.8554777269150753, 0.8560937750053345, 0.8560937750053345, 0.8567574999333193, 0.8567574999333193, 0.8568238390856717, 0.8568887445988478, 0.8568887445988478, 0.8568887445988478, 0.8568887445988478, 0.8568887445988478, 0.8568887445988478, 0.8569172673503683, 0.8572878130667878, 0.8572878130667878, 0.8573002490531314, 0.8573002490531314, 0.8573002490531314, 0.8573002490531314, 0.8573002490531314, 0.8573002490531314, 0.8573002490531314, 0.8577052521204525, 0.8577052521204525, 0.8577052521204525, 0.8577724164488425, 0.8579344676864398, 0.8579344676864398, 0.8580305048410327, 0.8580305048410327, 0.8581862880747894, 0.8581862880747894, 0.8581862880747894, 0.8581862880747894, 0.8581862880747894, 0.8581862880747894, 0.8581862880747894, 0.8581862880747894, 0.8581862880747894]}