{"task_id": "rf-9971", "max_evals": 50, "batch_size": 5, "n_repeat": 3, "scores": [0.7260081471613037, 0.7334748126893035, 0.7368187925576736, 0.7368187925576736, 0.7368187925576736, 0.7368187925576736, 0.7368187925576736, 0.7370586242627132, 0.7370586242627132, 0.7371326376078886, 0.7371326376078886, 0.7397275170230694, 0.7399995160665892, 0.7399995160665892, 0.742649051490515, 0.742649051490515, 0.7428578545239234, 0.7430290815513197, 0.7430290815513197, 0.7489083031586619, 0.7489083031586619, 0.7489505761654254, 0.7489505761654254, 0.7501067500170798, 0.7501067500170798, 0.7501067500170798, 0.7501067500170798, 0.7501067500170798, 0.7501067500170798, 0.7501067500170798, 0.7501067500170798, 0.7501067500170798, 0.7501067500170798, 0.7501067500170798, 0.7501067500170798, 0.7501067500170798, 0.7501067500170798, 0.7501067500170798, 0.7501067500170798, 0.7501067500170798, 0.7501067500170798, 0.7501067500170798, 0.7501067500170798, 0.7501067500170798, 0.7501067500170798, 0.7501067500170798, 0.7501067500170798, 0.7501067500170798, 0.7501067500170798, 0.7506646967730181]}