{"task_id": "rf-9978", "max_evals": 50, "batch_size": 5, "n_repeat": 3, "scores": [0.8434813007481473, 0.8581946623586143, 0.8655813432968124, 0.8655813432968124, 0.8655813432968124, 0.8672387467645285, 0.8679426095332646, 0.8679426095332646, 0.8679426095332646, 0.8687962421255421, 0.8694873624555308, 0.8694873624555308, 0.8694873624555308, 0.8694873624555308, 0.8695048694583317, 0.8695048694583317, 0.8695048694583317, 0.8695048694583317, 0.8695048694583317, 0.8695048694583317, 0.8695048694583317, 0.8695048694583317, 0.8695048694583317, 0.8695419887364227, 0.8695419887364227, 0.8695419887364227, 0.8695419887364227, 0.8695419887364227, 0.8695419887364227, 0.8695419887364227, 0.8695419887364227, 0.8695419887364227, 0.8695419887364227, 0.8695419887364227, 0.8695419887364227, 0.8695419887364227, 0.8699704301551844, 0.8699704301551844, 0.8699704301551844, 0.8699704301551844, 0.8699704301551844, 0.8699704301551844, 0.8699704301551844, 0.8699704301551844, 0.8699704301551844, 0.8699704301551844, 0.8699704301551844, 0.8699704301551844, 0.8699704301551844, 0.8699704301551844]}