{"task_id": "svm-34537", "max_evals": 50, "batch_size": 5, "n_repeat": 3, "scores": [0.8985233886818049, 0.8985233886818049, 0.9819763193442475, 0.9819763193442475, 0.9819763193442475, 0.9819763193442475, 0.9839268976563783, 0.9899074114190252, 0.9899074114190252, 0.9899074114190252, 0.9899074114190252, 0.9899074114190252, 0.9899074114190252, 0.9899074114190252, 0.9899074114190252, 0.9899074114190252, 0.9899074114190252, 0.9899074114190252, 0.9899401676833169, 0.9899401676833169, 0.9899401676833169, 0.9899401676833169, 0.9899401676833169, 0.9899401676833169, 0.9899401676833169, 0.9899401676833169, 0.9899401676833169, 0.9899401676833169, 0.9899401676833169, 0.9899401676833169, 0.9899401676833169, 0.9899401676833169, 0.9899401676833169, 0.9899401676833169, 0.9899401676833169, 0.9899401676833169, 0.9899401676833169, 0.9899401676833169, 0.9899401676833169, 0.9899401676833169, 0.9899401676833169, 0.9899401676833169, 0.9899401676833169, 0.9899401676833169, 0.9899401676833169, 0.9899401676833169, 0.9899401676833169, 0.9899401676833169, 0.9899401676833169, 0.9899401676833169]}