{"task_id": "svm-9952", "max_evals": 50, "batch_size": 5, "n_repeat": 3, "scores": [0.9230788418251162, 0.9278809615067122, 0.9278809615067122, 0.9278809615067122, 0.938237140930927, 0.9382493750132176, 0.9382493750132176, 0.9382493750132176, 0.9382738075407385, 0.9382738075407385, 0.9382738075407385, 0.9395454717401557, 0.9395454717401557, 0.9395454717401557, 0.9397187590493995, 0.9397187590493995, 0.9397187590493995, 0.9397187590493995, 0.9397187590493995, 0.9397187590493995, 0.9397187590493995, 0.9397187590493995, 0.9397187590493995, 0.9397187590493995, 0.9397187590493995, 0.9397187590493995, 0.9397187590493995, 0.9397187590493995, 0.9397187590493995, 0.9397187590493995, 0.9397187590493995, 0.9397187590493995, 0.9397187590493995, 0.9397187590493995, 0.9397794058449577, 0.9397794058449577, 0.9397794058449577, 0.9397794058449577, 0.9397794058449577, 0.9397794058449577, 0.9397794058449577, 0.9397794058449577, 0.9397794058449577, 0.9398055863935095, 0.9398055863935095, 0.9398055863935095, 0.9398055863935095, 0.9398055863935095, 0.9398055863935095, 0.9421621051334048]}