{"task_id": "xgb-3918", "max_evals": 50, "batch_size": 5, "n_repeat": 3, "scores": [0.5965334271311212, 0.7827684628276254, 0.8242301135353319, 0.8242301135353319, 0.826374793289235, 0.826374793289235, 0.826374793289235, 0.826374793289235, 0.831775389860948, 0.831775389860948, 0.8334259642056973, 0.8372753409616275, 0.8372753409616275, 0.8372753409616275, 0.8372753409616275, 0.8372753409616275, 0.8372753409616275, 0.8438008441800919, 0.8438008441800919, 0.8438008441800919, 0.8438008441800919, 0.8438008441800919, 0.8438008441800919, 0.8438008441800919, 0.8516564089227924, 0.8516564089227924, 0.8516564089227924, 0.8516564089227924, 0.8516564089227924, 0.8516564089227924, 0.8516564089227924, 0.8516564089227924, 0.8516564089227924, 0.8516564089227924, 0.8516564089227924, 0.8516564089227924, 0.8516564089227924, 0.8516564089227924, 0.8516564089227924, 0.8516564089227924, 0.8516564089227924, 0.8516564089227924, 0.8516564089227924, 0.8516564089227924, 0.8516564089227924, 0.8516564089227924, 0.8516564089227924, 0.8516564089227924, 0.8516564089227924, 0.8516564089227924]}