{"task_id": "xgb-37", "max_evals": 50, "batch_size": 5, "n_repeat": 3, "scores": [0.6947426400759733, 0.6947426400759733, 0.7993903133903134, 0.8131680911680911, 0.8131680911680911, 0.8131680911680911, 0.8131680911680911, 0.8131680911680911, 0.8131680911680911, 0.8131680911680911, 0.8131680911680911, 0.8191320037986705, 0.8191320037986705, 0.8191320037986705, 0.8191320037986705, 0.8204738841405508, 0.8204738841405508, 0.8253171889838556, 0.8253171889838556, 0.8253171889838556, 0.8253171889838556, 0.8290598290598289, 0.83035232668566, 0.83035232668566, 0.83035232668566, 0.83035232668566, 0.83035232668566, 0.83035232668566, 0.83035232668566, 0.83035232668566, 0.83035232668566, 0.83035232668566, 0.83035232668566, 0.83035232668566, 0.83035232668566, 0.83035232668566, 0.83035232668566, 0.83035232668566, 0.83035232668566, 0.83035232668566, 0.83035232668566, 0.83035232668566, 0.83035232668566, 0.83035232668566, 0.83035232668566, 0.8305052231718898, 0.8305052231718898, 0.8305052231718898, 0.8305052231718898, 0.8305052231718898]}