{"task_id": "rf-3", "max_evals": 50, "batch_size": 5, "n_repeat": 3, "scores": [0.9960895214432686, 0.9961723355151427, 0.9963388665554985, 0.9963984920626707, 0.9963984920626707, 0.9966150039082399, 0.9966150039082399, 0.9966150039082399, 0.9966150039082399, 0.9966150039082399, 0.9969870705226457, 0.9969870705226457, 0.9970882430268793, 0.9970882430268793, 0.9971032303970603, 0.9971032303970603, 0.9971032303970603, 0.9971032303970603, 0.9971032303970603, 0.9971171154505903, 0.9973625376184687, 0.9973625376184687, 0.9973625376184687, 0.9973625376184687, 0.9973625376184687, 0.9973625376184687, 0.9973625376184687, 0.9973625376184687, 0.9973625376184687, 0.9973625376184687, 0.9974875614216835, 0.9976565989915387, 0.9976565989915387, 0.9976565989915387, 0.9976565989915387, 0.9976565989915387, 0.9976565989915387, 0.9976565989915387, 0.9976565989915387, 0.9976565989915387, 0.9976565989915387, 0.9976565989915387, 0.9976565989915387, 0.9976565989915387, 0.9976565989915387, 0.9976565989915387, 0.9976565989915387, 0.9976565989915387, 0.9976565989915387, 0.9976565989915387]}