{"task_id": "xgb-14951", "max_evals": 50, "batch_size": 5, "n_repeat": 3, "scores": [0.5282309632810409, 0.5581032973899888, 0.5628398434170004, 0.5808540526550171, 0.5808540526550171, 0.5808540526550171, 0.5808540526550171, 0.5808540526550171, 0.5866450463890227, 0.5890811969451706, 0.5890811969451706, 0.5896681145336712, 0.5896681145336712, 0.5896681145336712, 0.5896681145336712, 0.5896681145336712, 0.5896681145336712, 0.5966167660883701, 0.5966167660883701, 0.5966167660883701, 0.5978652072038662, 0.5978652072038662, 0.5978652072038662, 0.5978652072038662, 0.5978652072038662, 0.5978652072038662, 0.5978652072038662, 0.5978652072038662, 0.5978652072038662, 0.5978652072038662, 0.5978652072038662, 0.5978652072038662, 0.5978652072038662, 0.5978652072038662, 0.5978652072038662, 0.5993180577508257, 0.5993180577508257, 0.5993180577508257, 0.5993180577508257, 0.5993180577508257, 0.5993180577508257, 0.5993180577508257, 0.5993180577508257, 0.5993180577508257, 0.5993180577508257, 0.5993180577508257, 0.5993180577508257, 0.5993180577508257, 0.5993180577508257, 0.5993180577508257]}