{"task_id": "rf-145972", "max_evals": 50, "batch_size": 5, "n_repeat": 10, "scores": [0.7741, 0.7870761904761905, 0.7918380952380952, 0.79405, 0.795452380952381, 0.7968333333333334, 0.7968333333333334, 0.7973571428571429, 0.7973571428571429, 0.7973571428571429, 0.7973952380952382, 0.7975142857142858, 0.797747619047619, 0.7984809523809524, 0.7984809523809524, 0.7984809523809524, 0.7984809523809524, 0.7987142857142858, 0.7987142857142858, 0.7989238095238095, 0.7989238095238095, 0.7991952380952381, 0.7991952380952381, 0.799204761904762, 0.7993714285714285, 0.7993714285714285, 0.7994238095238094, 0.7994238095238094, 0.7998476190476189, 0.8001761904761905, 0.8001761904761905, 0.8001761904761905, 0.8005190476190476, 0.8005190476190476, 0.8007523809523809, 0.8007523809523809, 0.8007523809523809, 0.8007523809523809, 0.8007619047619048, 0.8007619047619048, 0.8007714285714286, 0.8007714285714286, 0.8007714285714286, 0.8007714285714286, 0.8007714285714286, 0.801047619047619, 0.801047619047619, 0.801047619047619, 0.801047619047619, 0.801047619047619]}