{"task_id": "rf-3493", "max_evals": 50, "batch_size": 5, "n_repeat": 10, "scores": [0.8468328754578754, 0.9041700244200245, 0.9468910256410256, 0.9550604395604395, 0.9607097069597069, 0.9734471916971916, 0.9800102258852259, 0.9833490537240536, 0.9833490537240536, 0.9855642551892551, 0.9855642551892551, 0.9857055860805861, 0.9857055860805861, 0.9857055860805861, 0.9857055860805861, 0.9874771062271062, 0.9900238095238094, 0.9900238095238094, 0.9902139804639803, 0.9902139804639803, 0.9911196581196581, 0.9925659340659341, 0.9926849816849816, 0.9926849816849816, 0.9926849816849816, 0.9926849816849816, 0.9926849816849816, 0.9926849816849816, 0.9934369658119658, 0.9934369658119658, 0.9934369658119658, 0.9950877594627595, 0.9950877594627595, 0.9950877594627595, 0.9950877594627595, 0.9950877594627595, 0.9950877594627595, 0.9952571733821735, 0.9952571733821735, 0.9952571733821735, 0.9952571733821735, 0.9952571733821735, 0.9956013431013432, 0.9956013431013432, 0.9956013431013432, 0.9956013431013432, 0.9959130036630036, 0.9959130036630036, 0.9960961538461538, 0.9960961538461538]}