{"task_id": "rf-9914", "max_evals": 50, "batch_size": 5, "n_repeat": 3, "scores": [0.9392736064517253, 0.9478780286552558, 0.9693812959672116, 0.9799730277400531, 0.981431117532368, 0.9900353868315449, 0.9904846335480192, 0.9904846335480192, 0.9904846335480192, 0.9907610637484203, 0.9910902975617635, 0.9910902975617635, 0.9910902975617635, 0.9910902975617635, 0.9910902975617635, 0.9910902975617635, 0.9910902975617635, 0.9910902975617635, 0.9910902975617635, 0.9910902975617635, 0.9910902975617635, 0.9910902975617635, 0.9910902975617635, 0.9910902975617635, 0.9910902975617635, 0.9910902975617635, 0.9911021161154937, 0.9911021161154937, 0.9911021161154937, 0.9911021161154937, 0.9911021161154937, 0.9911021161154937, 0.9911021161154937, 0.9911021161154937, 0.9911021161154937, 0.9911021161154937, 0.9913036857961991, 0.9913036857961991, 0.9913036857961991, 0.9913036857961991, 0.9913036857961991, 0.9913036857961991, 0.9913036857961991, 0.9913036857961991, 0.9913036857961991, 0.9913036857961991, 0.9913036857961991, 0.9913036857961991, 0.9913036857961991, 0.9913036857961991]}