{"task_id": "svm-3913", "max_evals": 50, "batch_size": 5, "n_repeat": 3, "scores": [0.6347418435223314, 0.79948667863302, 0.79948667863302, 0.79948667863302, 0.8324300496251715, 0.8324300496251715, 0.8324300496251715, 0.8324300496251715, 0.8324300496251715, 0.8324300496251715, 0.837734311758702, 0.837734311758702, 0.837734311758702, 0.837734311758702, 0.8638051244148807, 0.8638051244148807, 0.8638051244148807, 0.8638051244148807, 0.8638051244148807, 0.8638051244148807, 0.8638051244148807, 0.8638051244148807, 0.8639270756343927, 0.8639270756343927, 0.8639270756343927, 0.8639270756343927, 0.8667041495090276, 0.8667041495090276, 0.8667041495090276, 0.8667041495090276, 0.8667041495090276, 0.8667041495090276, 0.8667041495090276, 0.8667041495090276, 0.8667041495090276, 0.8667041495090276, 0.8667041495090276, 0.8667041495090276, 0.8667041495090276, 0.8667041495090276, 0.8667041495090276, 0.8667041495090276, 0.8667041495090276, 0.8667041495090276, 0.8667041495090276, 0.8667041495090276, 0.8667041495090276, 0.8667041495090276, 0.8693057755252878, 0.8693057755252878]}