{"task_id": "svm-9971", "max_evals": 50, "batch_size": 5, "n_repeat": 3, "scores": [0.5267054382728701, 0.5267054382728701, 0.5277564277743618, 0.5315883263874656, 0.5315883263874656, 0.5315883263874656, 0.5439479856983443, 0.5439479856983443, 0.5439479856983443, 0.5439479856983443, 0.5501355013550135, 0.574089991687732, 0.5928379990207465, 0.5928379990207465, 0.5928379990207465, 0.5928379990207465, 0.5928379990207465, 0.5928379990207465, 0.5928379990207465, 0.5928379990207465, 0.5934567932864202, 0.5934567932864202, 0.5934567932864202, 0.5934567932864202, 0.5934567932864202, 0.5934567932864202, 0.5934567932864202, 0.5934567932864202, 0.5934567932864202, 0.5934567932864202, 0.5934567932864202, 0.5934567932864202, 0.6029283664685386, 0.6029283664685386, 0.6029283664685386, 0.6029283664685386, 0.6029283664685386, 0.6029283664685386, 0.6029283664685386, 0.6029283664685386, 0.6029283664685386, 0.6029283664685386, 0.6029283664685386, 0.6029283664685386, 0.6053530151898158, 0.6053530151898158, 0.6053530151898158, 0.6053530151898158, 0.6053530151898158, 0.6053530151898158]}