{"task_id": "svm-145878", "max_evals": 50, "batch_size": 5, "n_repeat": 3, "scores": [0.6419400352733686, 0.6419400352733686, 0.6419400352733686, 0.6419400352733686, 0.7892331478045763, 0.7892331478045763, 0.7892331478045763, 0.7892331478045763, 0.932078179756751, 0.932078179756751, 0.932078179756751, 0.932078179756751, 0.932078179756751, 0.932078179756751, 0.932078179756751, 0.9329936267436266, 0.9329936267436266, 0.9329936267436266, 0.9329936267436266, 0.9329936267436266, 0.9329936267436266, 0.9329936267436266, 0.9329936267436266, 0.9329936267436266, 0.9329936267436266, 0.9329936267436266, 0.9396814230742802, 0.9396814230742802, 0.9396814230742802, 0.9396814230742802, 0.9396814230742802, 0.9396814230742802, 0.9396814230742802, 0.9396814230742802, 0.9396814230742802, 0.9414547687761973, 0.9414547687761973, 0.9414547687761973, 0.9414547687761973, 0.9414547687761973, 0.9414547687761973, 0.9414547687761973, 0.9414547687761973, 0.9414547687761973, 0.9414547687761973, 0.9414547687761973, 0.9414547687761973, 0.9414547687761973, 0.9414547687761973, 0.9414547687761973]}