{"task_id": "svm-37", "max_evals": 50, "batch_size": 5, "n_repeat": 3, "scores": [0.5079472934472935, 0.5079472934472935, 0.5599188034188035, 0.6978157644824311, 0.6978157644824311, 0.6978157644824311, 0.6978157644824311, 0.6978157644824311, 0.711622032288699, 0.711622032288699, 0.711622032288699, 0.711622032288699, 0.711622032288699, 0.7478689458689459, 0.7478689458689459, 0.7478689458689459, 0.7478689458689459, 0.7478689458689459, 0.7506619183285851, 0.7506619183285851, 0.7506619183285851, 0.7506619183285851, 0.7542792022792023, 0.7542792022792023, 0.7542792022792023, 0.7542792022792023, 0.7542792022792023, 0.7542792022792023, 0.7542792022792023, 0.7542792022792023, 0.7542792022792023, 0.7542792022792023, 0.7542792022792023, 0.7542792022792023, 0.7664121557454892, 0.7664121557454892, 0.7664121557454892, 0.7664121557454892, 0.7664121557454892, 0.7664121557454892, 0.7664121557454892, 0.7664121557454892, 0.7664121557454892, 0.7664121557454892, 0.7664121557454892, 0.7664121557454892, 0.7664121557454892, 0.7664121557454892, 0.7664121557454892, 0.7664121557454892]}