{"task_id": "svm-14951", "max_evals": 50, "batch_size": 5, "n_repeat": 3, "scores": [0.5334730625219022, 0.5551809170622142, 0.5551809170622142, 0.5551809170622142, 0.5551809170622142, 0.5551809170622142, 0.5551809170622142, 0.5905252239279989, 0.5905252239279989, 0.5905252239279989, 0.5905252239279989, 0.602421895118416, 0.602421895118416, 0.602421895118416, 0.602421895118416, 0.602421895118416, 0.602421895118416, 0.602421895118416, 0.602421895118416, 0.602421895118416, 0.602421895118416, 0.602421895118416, 0.602421895118416, 0.602421895118416, 0.602421895118416, 0.602421895118416, 0.602421895118416, 0.602421895118416, 0.602421895118416, 0.602421895118416, 0.602421895118416, 0.602421895118416, 0.602421895118416, 0.602421895118416, 0.6025733668594601, 0.6025733668594601, 0.6025733668594601, 0.6025733668594601, 0.6025733668594601, 0.6025733668594601, 0.6025733668594601, 0.6025733668594601, 0.6025733668594601, 0.6025733668594601, 0.6025733668594601, 0.6025733668594601, 0.6025733668594601, 0.6025733668594601, 0.6025733668594601, 0.6025733668594601]}