{"task_id": "svm-3494", "max_evals": 50, "batch_size": 5, "n_repeat": 3, "scores": [0.7564790839216128, 0.9299804920494577, 0.9617670484049795, 0.9617670484049795, 0.9620039390154335, 0.9620039390154335, 0.9620039390154335, 0.9806196464242443, 0.9825130169957758, 0.9825130169957758, 0.9825130169957758, 0.9892343714182795, 0.9903575989782887, 0.9908572270641236, 0.9908572270641236, 0.9908572270641236, 0.9908572270641236, 0.9910862232701314, 0.9910862232701314, 0.9910862232701314, 0.9910862232701314, 0.9910862232701314, 0.9910862232701314, 0.9918164849199332, 0.9918164849199332, 0.9918164849199332, 0.9918164849199332, 0.9918164849199332, 0.9918164849199332, 0.9918164849199332, 0.9918164849199332, 0.9918164849199332, 0.9918164849199332, 0.9918164849199332, 0.9918164849199332, 0.9918164849199332, 0.9918164849199332, 0.9918164849199332, 0.9918164849199332, 0.9918164849199332, 0.9918164849199332, 0.9918164849199332, 0.9918164849199332, 0.9918164849199332, 0.9918164849199332, 0.9918164849199332, 0.992114484068507, 0.9933018024972048, 0.9933018024972048, 0.9936568752660705]}