{"task_id": "svm-9914", "max_evals": 50, "batch_size": 5, "n_repeat": 3, "scores": [0.7887545308804137, 0.9434085448978319, 0.9605154810485762, 0.9605154810485762, 0.9605154810485762, 0.9605154810485762, 0.9605154810485762, 0.9605154810485762, 0.9605154810485762, 0.9707939385701451, 0.9707939385701451, 0.9707939385701451, 0.9707939385701451, 0.9707939385701451, 0.9707939385701451, 0.9707939385701451, 0.9707939385701451, 0.9707939385701451, 0.9707939385701451, 0.9707939385701451, 0.9707939385701451, 0.9707939385701451, 0.9707939385701451, 0.9707939385701451, 0.9707939385701451, 0.9707939385701451, 0.9707939385701451, 0.9707939385701451, 0.9707939385701451, 0.9707939385701451, 0.9707939385701451, 0.9707939385701451, 0.9707939385701451, 0.9707939385701451, 0.9707939385701451, 0.9707939385701451, 0.9707939385701451, 0.9717210893189284, 0.9717210893189284, 0.9717210893189284, 0.9717210893189284, 0.9717210893189284, 0.9717210893189284, 0.9717210893189284, 0.9717210893189284, 0.9717210893189284, 0.9717210893189284, 0.9717210893189284, 0.9717210893189284, 0.9717210893189284]}