{"task_id": "xgb-49", "max_evals": 50, "batch_size": 5, "n_repeat": 3, "scores": [0.5, 0.6327095006570023, 0.7088424454173979, 0.7088424454173979, 0.7268346776095037, 0.7875101653564652, 0.7875101653564652, 0.7875101653564652, 0.7875101653564652, 0.8444912286626393, 0.8444912286626393, 0.8444912286626393, 0.8575755446090677, 0.8575755446090677, 0.8575755446090677, 0.8575755446090677, 0.8749768855081949, 0.8946142093200917, 0.8946142093200917, 0.8946142093200917, 0.8946142093200917, 0.8946142093200917, 0.8946142093200917, 0.8946142093200917, 0.9680620548425735, 0.9680620548425735, 0.9680620548425735, 0.9680620548425735, 0.9680620548425735, 0.9680620548425735, 0.9680620548425735, 0.9680620548425735, 0.9680620548425735, 0.9680620548425735, 0.9680620548425735, 0.9680620548425735, 0.9680620548425735, 0.9680620548425735, 0.9680620548425735, 0.9680620548425735, 0.9680620548425735, 0.9680620548425735, 0.9680620548425735, 0.9680620548425735, 0.9680620548425735, 0.971419794158567, 0.971419794158567, 0.971419794158567, 0.971419794158567, 0.971419794158567]}