{"task_id": "xgb-3896", "max_evals": 50, "batch_size": 5, "n_repeat": 3, "scores": [0.8242678138969118, 0.8672748408255, 0.8812515606637447, 0.8812515606637447, 0.8812515606637447, 0.8921115925688038, 0.8932520256755305, 0.8932520256755305, 0.8966767952329201, 0.8966767952329201, 0.8966767952329201, 0.8966767952329201, 0.9012376072925677, 0.9012376072925677, 0.9012376072925677, 0.9012376072925677, 0.9012376072925677, 0.9012376072925677, 0.9012376072925677, 0.9012376072925677, 0.9012376072925677, 0.9012376072925677, 0.9020700870229875, 0.9020700870229875, 0.9020700870229875, 0.9020700870229875, 0.9020700870229875, 0.9020700870229875, 0.9020700870229875, 0.9020700870229875, 0.9020700870229875, 0.9020700870229875, 0.9020700870229875, 0.9020700870229875, 0.9020700870229875, 0.9020700870229875, 0.9020700870229875, 0.9020700870229875, 0.9022849022502074, 0.9024283211188527, 0.9024283211188527, 0.9024283211188527, 0.9024283211188527, 0.9024283211188527, 0.9024283211188527, 0.9024283211188527, 0.9024283211188527, 0.9024283211188527, 0.9024283211188527, 0.9024283211188527]}