{"task_id": "xgb-145976", "max_evals": 50, "batch_size": 5, "n_repeat": 3, "scores": [0.6068404558404559, 0.8093086419753087, 0.8093086419753087, 0.8108475783475783, 0.8242312440645773, 0.8242312440645773, 0.8255204178537512, 0.8255204178537512, 0.8255204178537512, 0.8284662867996201, 0.8284662867996201, 0.8284662867996201, 0.8284662867996201, 0.8284662867996201, 0.8288537511870845, 0.8288537511870845, 0.8288537511870845, 0.8288537511870845, 0.8288537511870845, 0.8288537511870845, 0.8288537511870845, 0.8288537511870845, 0.8288537511870845, 0.8288537511870845, 0.8288537511870845, 0.8288537511870845, 0.8288537511870845, 0.8288537511870845, 0.8305954415954416, 0.8305954415954416, 0.8305954415954416, 0.8305954415954416, 0.8305954415954416, 0.8305954415954416, 0.8305954415954416, 0.8305954415954416, 0.8305954415954416, 0.8305954415954416, 0.8305954415954416, 0.8305954415954416, 0.8305954415954416, 0.8305954415954416, 0.8305954415954416, 0.8305954415954416, 0.8305954415954416, 0.8305954415954416, 0.8305954415954416, 0.8305954415954416, 0.8305954415954416, 0.8305954415954416]}