{"task_id": "xgb-145872", "max_evals": 50, "batch_size": 5, "n_repeat": 3, "scores": [0.5585548294610672, 0.6544264413173112, 0.6544264413173112, 0.7513542379122423, 0.7513542379122423, 0.7513542379122423, 0.8071571844417896, 0.8071571844417896, 0.9664997849076299, 0.9664997849076299, 0.9664997849076299, 0.9664997849076299, 0.9664997849076299, 0.9664997849076299, 0.9664997849076299, 0.9664997849076299, 0.9664997849076299, 0.9664997849076299, 0.9664997849076299, 0.9664997849076299, 0.9664997849076299, 0.9677649965981353, 0.9677649965981353, 0.9677649965981353, 0.9677649965981353, 0.9683327345641644, 0.9683327345641644, 0.9693219409177599, 0.9693219409177599, 0.9693219409177599, 0.9693219409177599, 0.9693219409177599, 0.9693219409177599, 0.9693219409177599, 0.9693219409177599, 0.9693219409177599, 0.9693219409177599, 0.9693219409177599, 0.9693219409177599, 0.9693219409177599, 0.9693219409177599, 0.9693219409177599, 0.9693219409177599, 0.9693219409177599, 0.9693219409177599, 0.9693219409177599, 0.9693219409177599, 0.9693219409177599, 0.9693219409177599, 0.9693219409177599]}