{"task_id": "rf-145855", "max_evals": 50, "batch_size": 5, "n_repeat": 10, "scores": [0.8536873459826968, 0.8625551082774882, 0.8652688488370032, 0.8669705682906074, 0.8673022927525441, 0.8673022927525441, 0.8673022927525441, 0.867350625376733, 0.867708388735241, 0.8681215429209658, 0.8681215429209658, 0.8689110533453889, 0.8689110533453889, 0.8689379565117186, 0.8689379565117186, 0.869452906162465, 0.869452906162465, 0.869452906162465, 0.869452906162465, 0.869452906162465, 0.869452906162465, 0.869452906162465, 0.8696985360599936, 0.8696985360599936, 0.8696985360599936, 0.8696985360599936, 0.8696985360599936, 0.8697957331666843, 0.8697957331666843, 0.8697957331666843, 0.8697957331666843, 0.8697957331666843, 0.8697957331666843, 0.8698030240577243, 0.8698030240577243, 0.8700454628053752, 0.8700454628053752, 0.8700454628053752, 0.8700454628053752, 0.8700454628053752, 0.8700454628053752, 0.8701427817962628, 0.8701427817962628, 0.8701427817962628, 0.8701427817962628, 0.8701427817962628, 0.8702796688295571, 0.870338151083218, 0.870338151083218, 0.8704671488848703]}