{"task_id": "rf-145804", "max_evals": 50, "batch_size": 5, "n_repeat": 10, "scores": [0.8924417163411471, 0.9397632806788405, 0.943946001991543, 0.9619281182658792, 0.963127509394113, 0.9656295128021884, 0.9677261706246527, 0.968793238703106, 0.968793238703106, 0.968793238703106, 0.968793238703106, 0.9706422291953603, 0.9706422291953603, 0.9706422291953603, 0.9711034465920616, 0.9711034465920616, 0.9720738855985536, 0.9720738855985536, 0.9730615406801366, 0.9730615406801366, 0.9734900783382757, 0.9734900783382757, 0.9734900783382757, 0.9756305487330156, 0.9756305487330156, 0.9759870823533063, 0.9762028160889642, 0.9762028160889642, 0.977601587392859, 0.977601587392859, 0.977601587392859, 0.9781917895864767, 0.9783131805997083, 0.9786473572811335, 0.9786473572811335, 0.9790050454851216, 0.9790566594836045, 0.9790566594836045, 0.9790566594836045, 0.9793150991253459, 0.9793150991253459, 0.9793150991253459, 0.9793150991253459, 0.980665117790355, 0.980665117790355, 0.9806860052590605, 0.9806860052590605, 0.9806860052590605, 0.9806860052590605, 0.9806860052590605]}