{"task_id": "svm-3492", "max_evals": 50, "batch_size": 5, "n_repeat": 3, "scores": [0.7678599131696574, 0.8009659642320578, 0.904031621221877, 0.904031621221877, 0.9060900800649477, 0.9847877765646725, 0.985046086335769, 0.985046086335769, 0.985046086335769, 0.985046086335769, 0.985046086335769, 0.985046086335769, 0.985046086335769, 0.98712218769538, 0.98712218769538, 0.98712218769538, 0.98712218769538, 0.98712218769538, 0.98712218769538, 0.98712218769538, 0.98712218769538, 0.98712218769538, 0.98712218769538, 0.98712218769538, 0.98712218769538, 0.98712218769538, 0.9871647047021828, 0.9871647047021828, 0.9871647047021828, 0.9871647047021828, 0.9871647047021828, 0.9871647047021828, 0.9871647047021828, 0.9871647047021828, 0.9871647047021828, 0.9871647047021828, 0.9871647047021828, 0.9871647047021828, 0.9871647047021828, 0.9871647047021828, 0.9871647047021828, 0.9871647047021828, 0.9871647047021828, 0.987249738715788, 0.987249738715788, 0.987249738715788, 0.987249738715788, 0.987249738715788, 0.987249738715788, 0.987249738715788]}