{"task_id": "xgb-3913", "max_evals": 50, "batch_size": 5, "n_repeat": 3, "scores": [0.8187400133741597, 0.8260562066659628, 0.8276100728539753, 0.8276100728539753, 0.8276100728539753, 0.8276799352409109, 0.8276799352409109, 0.8276799352409109, 0.8276799352409109, 0.8276799352409109, 0.8276799352409109, 0.8276799352409109, 0.8276799352409109, 0.8276799352409109, 0.8276799352409109, 0.8276799352409109, 0.8276799352409109, 0.8276799352409109, 0.8276799352409109, 0.8276799352409109, 0.8276799352409109, 0.8276799352409109, 0.8276799352409109, 0.8276799352409109, 0.8276799352409109, 0.8276799352409109, 0.8276799352409109, 0.8276799352409109, 0.8277191778411291, 0.8277191778411291, 0.8277191778411291, 0.8277191778411291, 0.8284206173230565, 0.8284206173230565, 0.8285351775595678, 0.8285351775595678, 0.8285351775595678, 0.8285351775595678, 0.8285351775595678, 0.8285351775595678, 0.8285351775595678, 0.8285351775595678, 0.8285351775595678, 0.8285351775595678, 0.8285351775595678, 0.8285351775595678, 0.8285351775595678, 0.8285351775595678, 0.8285351775595678, 0.8285351775595678]}