{"task_id": "xgb-10101", "max_evals": 50, "batch_size": 5, "n_repeat": 3, "scores": [0.8138296449183962, 0.8138296449183962, 0.8138296449183962, 0.8785039941902687, 0.8785039941902687, 0.8945705767687192, 0.9021710048541833, 0.9048274280472421, 0.9061909949164851, 0.9299000496884915, 0.9471056453770593, 0.9471056453770593, 0.9471056453770593, 0.9471056453770593, 0.9471056453770593, 0.9480783931506326, 0.9480783931506326, 0.9480783931506326, 0.9480783931506326, 0.9480783931506326, 0.9480783931506326, 0.9480783931506326, 0.9480783931506326, 0.9480783931506326, 0.9480783931506326, 0.9480783931506326, 0.9480783931506326, 0.9480783931506326, 0.9480783931506326, 0.9480783931506326, 0.9480783931506326, 0.9480783931506326, 0.9480783931506326, 0.9480783931506326, 0.9480783931506326, 0.9480783931506326, 0.9480783931506326, 0.9480783931506326, 0.9480783931506326, 0.9481777701333943, 0.9481777701333943, 0.9481777701333943, 0.9482408362955318, 0.9482408362955318, 0.9482408362955318, 0.9482408362955318, 0.9482408362955318, 0.9482408362955318, 0.9482408362955318, 0.9482408362955318]}