{"task_id": "rf-145976", "max_evals": 50, "batch_size": 5, "n_repeat": 3, "scores": [0.8280911680911679, 0.8315052231718898, 0.8315052231718898, 0.8326134852801519, 0.8326134852801519, 0.8326134852801519, 0.8326134852801519, 0.8326134852801519, 0.834059829059829, 0.834059829059829, 0.834059829059829, 0.834059829059829, 0.834059829059829, 0.834059829059829, 0.834059829059829, 0.834059829059829, 0.8342279202279202, 0.8342279202279202, 0.8356552706552707, 0.8356552706552707, 0.8356552706552707, 0.8356552706552707, 0.8356552706552707, 0.8356552706552707, 0.8356552706552707, 0.8356552706552707, 0.8356552706552707, 0.8356552706552707, 0.8356552706552707, 0.8356552706552707, 0.8356552706552707, 0.836346628679962, 0.836346628679962, 0.836346628679962, 0.836346628679962, 0.836346628679962, 0.836346628679962, 0.836346628679962, 0.836346628679962, 0.836346628679962, 0.836346628679962, 0.836346628679962, 0.836346628679962, 0.836346628679962, 0.836346628679962, 0.836346628679962, 0.836346628679962, 0.836346628679962, 0.836346628679962, 0.836346628679962]}