{"task_id": "rf-146065", "max_evals": 50, "batch_size": 5, "n_repeat": 3, "scores": [0.76751628001628, 0.9125295075295076, 0.93000407000407, 0.93000407000407, 0.9533007733007732, 0.9533007733007732, 0.9533007733007732, 0.9533007733007732, 0.9533007733007732, 0.9533007733007732, 0.9533007733007732, 0.9533007733007732, 0.9533007733007732, 0.9575025437525438, 0.9575025437525438, 0.9575025437525438, 0.9575025437525438, 0.9575025437525438, 0.9575025437525438, 0.9575025437525438, 0.9575025437525438, 0.9575025437525438, 0.9575025437525438, 0.9576663614163614, 0.9848366910866911, 0.9865827228327229, 0.9865827228327229, 0.9865827228327229, 0.9865827228327229, 0.9865827228327229, 0.9865827228327229, 0.9874710012210013, 0.9877823565323566, 0.9877823565323566, 0.9877823565323566, 0.9877823565323566, 0.9877823565323566, 0.9958348595848596, 0.9958348595848596, 0.9958348595848596, 0.9958348595848596, 0.9958348595848596, 0.9958348595848596, 0.9958348595848596, 0.9958348595848596, 0.9958348595848596, 0.9960714285714286, 0.9960714285714286, 0.9960714285714286, 0.9960714285714286]}