{"task_id": "rf-145862", "max_evals": 50, "batch_size": 5, "n_repeat": 3, "scores": [0.9119640721022709, 0.9119640721022709, 0.9119640721022709, 0.9119640721022709, 0.914878093266292, 0.914878093266292, 0.914878093266292, 0.914878093266292, 0.9160433303756285, 0.9160433303756285, 0.9160433303756285, 0.9160433303756285, 0.9160433303756285, 0.9161557231588286, 0.9161557231588286, 0.9163235564757303, 0.9163235564757303, 0.9163235564757303, 0.9179130023990272, 0.9179130023990272, 0.9179130023990272, 0.9181120066384042, 0.9181120066384042, 0.9181602911696078, 0.9181602911696078, 0.9181602911696078, 0.9181602911696078, 0.9199072020112392, 0.9199072020112392, 0.9199072020112392, 0.9199072020112392, 0.9199072020112392, 0.9199072020112392, 0.9199072020112392, 0.9199072020112392, 0.9199072020112392, 0.9199072020112392, 0.9199072020112392, 0.9199072020112392, 0.9199072020112392, 0.9199072020112392, 0.9199072020112392, 0.9199072020112392, 0.9199072020112392, 0.9199072020112392, 0.9199072020112392, 0.9199072020112392, 0.9199072020112392, 0.9199072020112392, 0.9199072020112392]}