{"task_id": "rf-145878", "max_evals": 50, "batch_size": 5, "n_repeat": 3, "scores": [0.9893512219702695, 0.9893512219702695, 0.9893512219702695, 0.9893512219702695, 0.9893512219702695, 0.9909500904739, 0.9909500904739, 0.991084885132504, 0.9914046931904075, 0.9914046931904075, 0.9914046931904075, 0.9914046931904075, 0.9914046931904075, 0.9914046931904075, 0.9914046931904075, 0.9914046931904075, 0.9914046931904075, 0.9914046931904075, 0.9914046931904075, 0.9916464531940723, 0.9916464531940723, 0.9916464531940723, 0.9916464531940723, 0.9916464531940723, 0.9916464531940723, 0.9916464531940723, 0.9916464531940723, 0.9916464531940723, 0.9916464531940723, 0.9916464531940723, 0.9916464531940723, 0.9916464531940723, 0.9916464531940723, 0.9916464531940723, 0.9916464531940723, 0.9916464531940723, 0.9916464531940723, 0.9916464531940723, 0.9916464531940723, 0.9916464531940723, 0.9916464531940723, 0.9916464531940723, 0.9916464531940723, 0.9916464531940723, 0.9916464531940723, 0.9916464531940723, 0.9916464531940723, 0.9916464531940723, 0.9916464531940723, 0.9916464531940723]}