{"task_id": "rf-145839", "max_evals": 50, "batch_size": 5, "n_repeat": 3, "scores": [0.8406285714285714, 0.849647619047619, 0.849647619047619, 0.8515795918367347, 0.8526272108843537, 0.8526272108843537, 0.8526272108843537, 0.8526272108843537, 0.8526272108843537, 0.8526272108843537, 0.8526517006802722, 0.8526517006802722, 0.8526517006802722, 0.8526517006802722, 0.8542544217687075, 0.854930612244898, 0.854930612244898, 0.854930612244898, 0.854930612244898, 0.854930612244898, 0.8581877551020408, 0.8581877551020408, 0.8581877551020408, 0.8581877551020408, 0.8581877551020408, 0.8581877551020408, 0.8581877551020408, 0.8581877551020408, 0.8581877551020408, 0.8581877551020408, 0.8581877551020408, 0.8581877551020408, 0.8581877551020408, 0.8581877551020408, 0.8581877551020408, 0.8581877551020408, 0.8581877551020408, 0.8581877551020408, 0.8581877551020408, 0.8581877551020408, 0.8581877551020408, 0.8581877551020408, 0.8581877551020408, 0.8581877551020408, 0.8581877551020408, 0.8581877551020408, 0.8581877551020408, 0.8581877551020408, 0.8581877551020408, 0.8581931972789117]}