{"task_id": "rf-145855", "max_evals": 50, "batch_size": 5, "n_repeat": 3, "scores": [0.8147724754458746, 0.8147724754458746, 0.8622115407344374, 0.8622115407344374, 0.8622115407344374, 0.8622115407344374, 0.8622115407344374, 0.8622115407344374, 0.8623701009939841, 0.8623701009939841, 0.8623701009939841, 0.862481384959047, 0.862481384959047, 0.862481384959047, 0.862481384959047, 0.8655075479558912, 0.8655075479558912, 0.8659373928896453, 0.8659373928896453, 0.8659373928896453, 0.8659373928896453, 0.8659373928896453, 0.8659373928896453, 0.8673266511245847, 0.8673266511245847, 0.8673266511245847, 0.8673266511245847, 0.8673266511245847, 0.8673266511245847, 0.8673266511245847, 0.8673266511245847, 0.8673266511245847, 0.8673266511245847, 0.8677672440284131, 0.8677672440284131, 0.8679435698329966, 0.8690159291564727, 0.8690159291564727, 0.8690159291564727, 0.8698005309718825, 0.8698005309718825, 0.8698005309718825, 0.8698005309718825, 0.8698005309718825, 0.8698005309718825, 0.8698005309718825, 0.8698005309718825, 0.8698005309718825, 0.8698005309718825, 0.8698005309718825]}