{"task_id": "rf-145804", "max_evals": 50, "batch_size": 5, "n_repeat": 3, "scores": [0.9435395337672379, 0.9435395337672379, 0.9471771113137338, 0.9585875775312841, 0.9585875775312841, 0.9585875775312841, 0.9585875775312841, 0.9701175028499506, 0.9703153869346153, 0.9703153869346153, 0.9703153869346153, 0.981020766077692, 0.981020766077692, 0.981020766077692, 0.9812996611699965, 0.9812996611699965, 0.9812996611699965, 0.9812996611699965, 0.9812996611699965, 0.9836203591896191, 0.9836203591896191, 0.9836203591896191, 0.9836203591896191, 0.9836203591896191, 0.9848584562531432, 0.9848584562531432, 0.9848584562531432, 0.9848584562531432, 0.9857630702981747, 0.9857630702981747, 0.9857630702981747, 0.9857630702981747, 0.9857630702981747, 0.9857630702981747, 0.9865594820528406, 0.9865594820528406, 0.9865594820528406, 0.9865594820528406, 0.9865594820528406, 0.9865594820528406, 0.9865594820528406, 0.9865594820528406, 0.9865594820528406, 0.9865594820528406, 0.9865594820528406, 0.9865594820528406, 0.9865594820528406, 0.9865594820528406, 0.9865594820528406, 0.9865594820528406]}