{"task_id": "rf-145836", "max_evals": 50, "batch_size": 5, "n_repeat": 3, "scores": [0.690875472996216, 0.7462074303405574, 0.7983985017008752, 0.8054208233000802, 0.8071379428964568, 0.8087327523602031, 0.8100131865611742, 0.81642491304514, 0.820184994075603, 0.820184994075603, 0.820184994075603, 0.820184994075603, 0.8215342277261781, 0.8319793219432022, 0.8319793219432022, 0.8319793219432022, 0.8319793219432022, 0.8319793219432022, 0.8319793219432022, 0.8347083667775101, 0.8347083667775101, 0.8347083667775101, 0.8347083667775101, 0.8347083667775101, 0.8347083667775101, 0.8347083667775101, 0.8347083667775101, 0.8347083667775101, 0.8347083667775101, 0.8347083667775101, 0.8347083667775101, 0.8347083667775101, 0.8347083667775101, 0.8347083667775101, 0.8347083667775101, 0.8347083667775101, 0.8347083667775101, 0.8347083667775101, 0.8347083667775101, 0.8347083667775101, 0.8347083667775101, 0.8347083667775101, 0.8347083667775101, 0.8347083667775101, 0.8347083667775101, 0.8347083667775101, 0.8347083667775101, 0.8347083667775101, 0.8347083667775101, 0.8347083667775101]}