{"task_id": "rf-3", "max_evals": 50, "batch_size": 5, "n_repeat": 3, "scores": [0.9967201447007138, 0.9967201447007138, 0.9967201447007138, 0.9967201447007138, 0.9970261661060403, 0.9970261661060403, 0.9970261661060403, 0.9970261661060403, 0.9970261661060403, 0.9970261661060403, 0.9970261661060403, 0.9970261661060403, 0.9970261661060403, 0.9970261661060403, 0.9970261661060403, 0.9971121290188468, 0.9971121290188468, 0.9971121290188468, 0.9971121290188468, 0.9971121290188468, 0.9971121290188468, 0.9971121290188468, 0.9971121290188468, 0.9971121290188468, 0.9971121290188468, 0.9971121290188468, 0.9971121290188468, 0.9971121290188468, 0.9971121290188468, 0.9971121290188468, 0.9971121290188468, 0.9971121290188468, 0.9971121290188468, 0.9971121290188468, 0.9971121290188468, 0.9971121290188468, 0.9971121290188468, 0.9971121290188468, 0.9971121290188468, 0.9971121290188468, 0.9971121290188468, 0.9971121290188468, 0.9971121290188468, 0.9971121290188468, 0.9971121290188468, 0.9971121290188468, 0.9971121290188468, 0.9971121290188468, 0.9971121290188468, 0.9971121290188468]}