{"task_id": "rf-37", "max_evals": 50, "batch_size": 5, "n_repeat": 3, "scores": [0.8256486229819563, 0.8256486229819563, 0.8256486229819563, 0.8291424501424501, 0.8291424501424501, 0.8304131054131053, 0.8304131054131053, 0.8304131054131053, 0.8312226970560305, 0.8323371320037986, 0.8323371320037986, 0.8323371320037986, 0.8323371320037986, 0.8323371320037986, 0.8339829059829059, 0.8339829059829059, 0.8339829059829059, 0.834071225071225, 0.834071225071225, 0.834071225071225, 0.834071225071225, 0.8346452991452992, 0.8346452991452992, 0.8360436847103513, 0.8360436847103513, 0.8360436847103513, 0.8360436847103513, 0.8360436847103513, 0.8360436847103513, 0.8360436847103513, 0.8360436847103513, 0.8360436847103513, 0.8360436847103513, 0.8360436847103513, 0.8360436847103513, 0.8360436847103513, 0.8369648622981956, 0.8369648622981956, 0.8369648622981956, 0.8369648622981956, 0.8369648622981956, 0.8369648622981956, 0.8369648622981956, 0.8369648622981956, 0.8369648622981956, 0.8369648622981956, 0.8369648622981956, 0.8369648622981956, 0.8369648622981956, 0.8369648622981956]}