{"task_id": "rf-3493", "max_evals": 50, "batch_size": 5, "n_repeat": 3, "scores": [0.9031105006105008, 0.9373478835978837, 0.9373478835978837, 0.9373478835978837, 0.952924297924298, 0.952924297924298, 0.952924297924298, 0.9591692104192103, 0.9591692104192103, 0.9591692104192103, 0.9591692104192103, 0.9591692104192103, 0.9591692104192103, 0.9591692104192103, 0.9591692104192103, 0.9591692104192103, 0.9591692104192103, 0.9591692104192103, 0.9591692104192103, 0.9591692104192103, 0.9591692104192103, 0.9591692104192103, 0.9591692104192103, 0.9591692104192103, 0.9591692104192103, 0.9591692104192103, 0.9591692104192103, 0.9591692104192103, 0.9828067765567764, 0.9964830077330077, 0.9964830077330077, 0.9964830077330077, 0.9964830077330077, 0.9964830077330077, 0.9966417378917378, 0.9966417378917378, 0.9966417378917378, 0.9966417378917378, 0.9966417378917378, 0.9966417378917378, 0.9981150793650793, 0.9981150793650793, 0.9982738095238094, 0.9982738095238094, 0.9986507936507936, 0.9986507936507936, 0.9986507936507936, 0.9986507936507936, 0.9986507936507936, 0.9986507936507936]}