{"task_id": "rf-3902", "max_evals": 50, "batch_size": 5, "n_repeat": 3, "scores": [0.9318291292211329, 0.9357128267973858, 0.9357128267973858, 0.9425908905228759, 0.9425908905228759, 0.9425908905228759, 0.9425908905228759, 0.9425908905228759, 0.9425908905228759, 0.9428040747549019, 0.9429725796568627, 0.943561070261438, 0.943561070261438, 0.943561070261438, 0.943561070261438, 0.9449044287854029, 0.9449044287854029, 0.9449044287854029, 0.9449044287854029, 0.9449044287854029, 0.945283990332244, 0.945753761574074, 0.945753761574074, 0.945753761574074, 0.945753761574074, 0.945753761574074, 0.945753761574074, 0.945753761574074, 0.945753761574074, 0.945753761574074, 0.945753761574074, 0.945753761574074, 0.945753761574074, 0.945753761574074, 0.9459209899237472, 0.9459209899237472, 0.9459209899237472, 0.9459209899237472, 0.9459209899237472, 0.9465822440087145, 0.9465822440087145, 0.9465822440087145, 0.9465822440087145, 0.9465822440087145, 0.9465822440087145, 0.9465822440087145, 0.9465822440087145, 0.9465822440087145, 0.9465822440087145, 0.9465822440087145]}