{"task_id": "rf-3917", "max_evals": 50, "batch_size": 5, "n_repeat": 3, "scores": [0.757201795887917, 0.757201795887917, 0.7814117043932832, 0.787859985399472, 0.787859985399472, 0.7896226398177685, 0.7896226398177685, 0.7896226398177685, 0.7896226398177685, 0.7896226398177685, 0.7896226398177685, 0.7896226398177685, 0.7896226398177685, 0.7896226398177685, 0.7896226398177685, 0.7896226398177685, 0.7896770722969446, 0.7902665828772945, 0.7902665828772945, 0.7902665828772945, 0.7902665828772945, 0.7902665828772945, 0.7902665828772945, 0.7902665828772945, 0.7902665828772945, 0.7902665828772945, 0.7902665828772945, 0.7902665828772945, 0.7902665828772945, 0.7902665828772945, 0.7902665828772945, 0.7902665828772945, 0.7902665828772945, 0.7902665828772945, 0.7902665828772945, 0.7902665828772945, 0.7902665828772945, 0.7902665828772945, 0.7902665828772945, 0.7904548360266084, 0.7904548360266084, 0.7904548360266084, 0.7904548360266084, 0.7904548360266084, 0.7904548360266084, 0.7904548360266084, 0.7904548360266084, 0.7904548360266084, 0.7906100582753021, 0.7906100582753021]}