{"task_id": "rf-31", "max_evals": 50, "batch_size": 5, "n_repeat": 3, "scores": [0.7899047619047619, 0.7903492063492062, 0.7903492063492062, 0.7903492063492062, 0.7903492063492062, 0.7903492063492062, 0.7916984126984127, 0.7916984126984127, 0.7916984126984127, 0.7943730158730159, 0.7943730158730159, 0.794468253968254, 0.794468253968254, 0.796015873015873, 0.7960317460317462, 0.7969285714285714, 0.7969285714285714, 0.7969285714285714, 0.7969285714285714, 0.7969285714285714, 0.7969285714285714, 0.7969285714285714, 0.7969285714285714, 0.7972777777777779, 0.7972777777777779, 0.7972777777777779, 0.8006428571428571, 0.8006428571428571, 0.8006428571428571, 0.8006428571428571, 0.8006428571428571, 0.8006428571428571, 0.8022222222222223, 0.8022222222222223, 0.8022222222222223, 0.8022222222222223, 0.8022222222222223, 0.8022222222222223, 0.8022222222222223, 0.8022222222222223, 0.8022222222222223, 0.8022222222222223, 0.8022222222222223, 0.8022222222222223, 0.8022539682539683, 0.8022539682539683, 0.8022539682539683, 0.8022539682539683, 0.8041825396825396, 0.8041825396825396]}