{"task_id": "rf-3896", "max_evals": 50, "batch_size": 5, "n_repeat": 3, "scores": [0.8987265964562239, 0.8987265964562239, 0.8987265964562239, 0.8987265964562239, 0.8987265964562239, 0.8987265964562239, 0.8991863576224288, 0.8991863576224288, 0.8991863576224288, 0.8991863576224288, 0.8991863576224288, 0.8991863576224288, 0.8991863576224288, 0.8991863576224288, 0.8991863576224288, 0.8991863576224288, 0.8991863576224288, 0.8991863576224288, 0.8991863576224288, 0.8992395654116327, 0.8992395654116327, 0.8992395654116327, 0.8992395654116327, 0.8992395654116327, 0.8992395654116327, 0.8992395654116327, 0.8992395654116327, 0.8992395654116327, 0.8992395654116327, 0.8992395654116327, 0.8992395654116327, 0.8993186264680423, 0.8993186264680423, 0.8993186264680423, 0.8993186264680423, 0.8993186264680423, 0.8993186264680423, 0.8993186264680423, 0.8993186264680423, 0.8993186264680423, 0.8993186264680423, 0.8993186264680423, 0.8993186264680423, 0.8993186264680423, 0.8993186264680423, 0.8993186264680423, 0.8993186264680423, 0.8993186264680423, 0.8993186264680423, 0.8993186264680423]}