{"task_id": "rf-3913", "max_evals": 50, "batch_size": 5, "n_repeat": 3, "scores": [0.795201492274663, 0.795609052194418, 0.807239467849224, 0.8136668074472952, 0.8136668074472952, 0.8136668074472952, 0.8147627846408335, 0.8151754478583747, 0.8151754478583747, 0.8192211311723506, 0.8272150072150074, 0.8272150072150074, 0.8272150072150074, 0.8272150072150074, 0.8272150072150074, 0.8272150072150074, 0.8272150072150074, 0.8272150072150074, 0.8272150072150074, 0.8272150072150074, 0.8272150072150074, 0.8284758737197763, 0.8284758737197763, 0.8284758737197763, 0.828706929926442, 0.828706929926442, 0.828706929926442, 0.828706929926442, 0.8291261042480554, 0.8291261042480554, 0.8291261042480554, 0.8291261042480554, 0.8291261042480554, 0.8291261042480554, 0.8291261042480554, 0.8291261042480554, 0.8291261042480554, 0.8291261042480554, 0.8293291803047901, 0.8293291803047901, 0.8293291803047901, 0.8293291803047901, 0.8293291803047901, 0.8294328300425861, 0.8294328300425861, 0.8294328300425861, 0.8294328300425861, 0.8294328300425861, 0.8294328300425861, 0.8294328300425861]}