{"task_id": "rf-9952", "max_evals": 50, "batch_size": 5, "n_repeat": 3, "scores": [0.9046374058749356, 0.9046374058749356, 0.9239505081713993, 0.9651171384931881, 0.9658448016345581, 0.9658594834331219, 0.9658594834331219, 0.9665662283588375, 0.9665662283588375, 0.9685045917123541, 0.9685045917123541, 0.9685045917123541, 0.9685045917123541, 0.9685045917123541, 0.9685045917123541, 0.9686144389287467, 0.9686444392613992, 0.9686444392613992, 0.968659670179739, 0.968659670179739, 0.968659670179739, 0.968659670179739, 0.968659670179739, 0.968659670179739, 0.968659670179739, 0.968659670179739, 0.968659670179739, 0.968659670179739, 0.968659670179739, 0.968659670179739, 0.968659670179739, 0.968659670179739, 0.968659670179739, 0.968659670179739, 0.968659670179739, 0.968659670179739, 0.968659670179739, 0.968659670179739, 0.968659670179739, 0.968659670179739, 0.968659670179739, 0.968659670179739, 0.968659670179739, 0.968659670179739, 0.968659670179739, 0.968659670179739, 0.968659670179739, 0.968659670179739, 0.968659670179739, 0.9686833151637934]}