{"task_id": "rf-9967", "max_evals": 50, "batch_size": 5, "n_repeat": 3, "scores": [0.920996539995714, 0.9793687882956684, 0.9797644477934552, 0.9797644477934552, 0.9809582241640339, 0.9820181169188795, 0.9820181169188795, 0.9821160524381337, 0.9821160524381337, 0.9821160524381337, 0.9821160524381337, 0.9821160524381337, 0.9821160524381337, 0.9821160524381337, 0.9821160524381337, 0.9821160524381337, 0.9821160524381337, 0.9821160524381337, 0.9821160524381337, 0.9821160524381337, 0.9844390829548414, 0.9844390829548414, 0.9844390829548414, 0.9851403012727009, 0.9851403012727009, 0.9851403012727009, 0.9851403012727009, 0.9851403012727009, 0.9851403012727009, 0.9851403012727009, 0.9876013632624282, 0.9876013632624282, 0.9876013632624282, 0.9876013632624282, 0.9876013632624282, 0.9881223802248599, 0.9881223802248599, 0.9881223802248599, 0.9881223802248599, 0.9881223802248599, 0.9882967054491324, 0.9882967054491324, 0.9882967054491324, 0.9882967054491324, 0.9882967054491324, 0.9882967054491324, 0.9882967054491324, 0.9882967054491324, 0.9882967054491324, 0.9882967054491324]}