{"task_id": "rf-9914", "max_evals": 50, "batch_size": 5, "n_repeat": 3, "scores": [0.9755043375426132, 0.9860457649173692, 0.9860457649173692, 0.988653435467271, 0.9899226765859033, 0.9899226765859033, 0.9899226765859033, 0.9899226765859033, 0.9899972252850734, 0.9903106814789152, 0.9904508087909822, 0.9905103129721632, 0.9905103129721632, 0.9905103129721632, 0.9905103129721632, 0.9905103129721632, 0.9905103129721632, 0.9905103129721632, 0.9905103129721632, 0.9905103129721632, 0.9905103129721632, 0.9905103129721632, 0.9905103129721632, 0.9905103129721632, 0.9905103129721632, 0.9906648180575669, 0.9906648180575669, 0.9908475824310775, 0.9908475824310775, 0.9908475824310775, 0.9908475824310775, 0.9908475824310775, 0.9908475824310775, 0.9908475824310775, 0.9908475824310775, 0.9908475824310775, 0.9908475824310775, 0.9908475824310775, 0.9908475824310775, 0.9908475824310775, 0.9908475824310775, 0.9908475824310775, 0.9908475824310775, 0.9908475824310775, 0.9908475824310775, 0.9908475824310775, 0.9908475824310775, 0.9911600466749388, 0.9911600466749388, 0.9911996045512286]}