{"task_id": "rf-9970", "max_evals": 50, "batch_size": 5, "n_repeat": 3, "scores": [0.5479498255646132, 0.5675054271551853, 0.5804518100470801, 0.6078051213333732, 0.6078051213333732, 0.6078051213333732, 0.6078051213333732, 0.6097277377148715, 0.6097277377148715, 0.6118157417360924, 0.6118157417360924, 0.6118157417360924, 0.6132750181651686, 0.6132750181651686, 0.6132750181651686, 0.6145704522380483, 0.6164303241362835, 0.6164303241362835, 0.6164303241362835, 0.6164303241362835, 0.6167597444932167, 0.6167597444932167, 0.6167597444932167, 0.6167597444932167, 0.6167597444932167, 0.6167597444932167, 0.6167597444932167, 0.6169943887047488, 0.6169943887047488, 0.6169943887047488, 0.6169943887047488, 0.6169943887047488, 0.6179634880109888, 0.6179634880109888, 0.6179634880109888, 0.6179634880109888, 0.6179634880109888, 0.6179634880109888, 0.6179634880109888, 0.6179634880109888, 0.6179634880109888, 0.6179634880109888, 0.6197325726357908, 0.6197325726357908, 0.6197325726357908, 0.6197325726357908, 0.6197325726357908, 0.6211929402191765, 0.6211929402191765, 0.6211929402191765]}