{"task_id": "rf-9957", "max_evals": 50, "batch_size": 5, "n_repeat": 3, "scores": [0.8918838114956128, 0.9118810674028065, 0.9118810674028065, 0.9119786387985146, 0.9169363846988071, 0.9169363846988071, 0.9169363846988071, 0.9170476601268526, 0.9170476601268526, 0.9170476601268526, 0.9170476601268526, 0.9193694912747707, 0.9193694912747707, 0.9193694912747707, 0.9193694912747707, 0.9193694912747707, 0.9193694912747707, 0.9193694912747707, 0.9193694912747707, 0.9193694912747707, 0.9193694912747707, 0.9193694912747707, 0.9193694912747707, 0.9193694912747707, 0.9193694912747707, 0.9193694912747707, 0.9193694912747707, 0.9193694912747707, 0.9193694912747707, 0.9193694912747707, 0.9193694912747707, 0.9193694912747707, 0.9193694912747707, 0.9193694912747707, 0.9193694912747707, 0.9194195586447139, 0.91982586512866, 0.91982586512866, 0.91982586512866, 0.91982586512866, 0.91982586512866, 0.91982586512866, 0.91982586512866, 0.91982586512866, 0.91982586512866, 0.91982586512866, 0.91982586512866, 0.9205751585658417, 0.9205751585658417, 0.9205751585658417]}