{"task_id": "rf-9983", "max_evals": 50, "batch_size": 5, "n_repeat": 3, "scores": [0.5610080564552672, 0.5720239503242496, 0.5720239503242496, 0.5720239503242496, 0.5788852465534507, 0.5788997368113744, 0.5788997368113744, 0.5788997368113744, 0.5795127526861599, 0.5805827474477742, 0.5811658283832764, 0.5811658283832764, 0.5811658283832764, 0.5811658283832764, 0.5811658283832764, 0.5813678029837516, 0.5813678029837516, 0.5813678029837516, 0.5813678029837516, 0.5813678029837516, 0.5813678029837516, 0.5813678029837516, 0.5814736725078117, 0.5814736725078117, 0.5814736725078117, 0.5814736725078117, 0.5814736725078117, 0.5814736725078117, 0.5816559626996568, 0.5816559626996568, 0.5816559626996568, 0.5816559626996568, 0.5816559626996568, 0.5816559626996568, 0.5816559626996568, 0.5819817519076479, 0.5819817519076479, 0.5819817519076479, 0.5819817519076479, 0.5819817519076479, 0.5819817519076479, 0.5819817519076479, 0.5819817519076479, 0.5819817519076479, 0.5819817519076479, 0.5819817519076479, 0.5819817519076479, 0.5819817519076479, 0.5819817519076479, 0.5819817519076479]}