{"task_id": "svm-3913", "max_evals": 50, "batch_size": 5, "n_repeat": 3, "scores": [0.6187282229965158, 0.7001905817759476, 0.7724765072326049, 0.7724765072326049, 0.7724765072326049, 0.8199727237532116, 0.8199727237532116, 0.8199727237532116, 0.8199727237532116, 0.8199727237532116, 0.8199727237532116, 0.8199727237532116, 0.8199727237532116, 0.8199727237532116, 0.8199727237532116, 0.8199727237532116, 0.8199727237532116, 0.8199727237532116, 0.8199727237532116, 0.8604846373139056, 0.8604846373139056, 0.8604846373139056, 0.8604846373139056, 0.8604846373139056, 0.8604846373139056, 0.8605252877204096, 0.8605252877204096, 0.8605252877204096, 0.8605252877204096, 0.8605252877204096, 0.8605252877204096, 0.8605252877204096, 0.8605252877204096, 0.8605252877204096, 0.8605252877204096, 0.8605252877204096, 0.8605252877204096, 0.8610943934114665, 0.8610943934114665, 0.8610943934114665, 0.8610943934114665, 0.8610943934114665, 0.8610943934114665, 0.8610943934114665, 0.8610943934114665, 0.8610943934114665, 0.8610943934114665, 0.8610943934114665, 0.8610943934114665, 0.8610943934114665]}