{"task_id": "svm-9978", "max_evals": 50, "batch_size": 5, "n_repeat": 3, "scores": [0.5016174402250352, 0.5251296404637804, 0.5251296404637804, 0.5532992205320947, 0.5532992205320947, 0.5532992205320947, 0.5532992205320947, 0.5955260743537921, 0.5955260743537921, 0.5955260743537921, 0.5955260743537921, 0.5955260743537921, 0.5955260743537921, 0.5955260743537921, 0.5955260743537921, 0.5955260743537921, 0.5955260743537921, 0.6426571789053175, 0.6426571789053175, 0.6426571789053175, 0.6426571789053175, 0.6426571789053175, 0.6426571789053175, 0.6426571789053175, 0.6426571789053175, 0.6426571789053175, 0.6426571789053175, 0.6426571789053175, 0.6426571789053175, 0.6426571789053175, 0.6426571789053175, 0.6450543825124987, 0.6450543825124987, 0.6450543825124987, 0.6450543825124987, 0.6450543825124987, 0.6450543825124987, 0.6450543825124987, 0.6450543825124987, 0.6450543825124987, 0.6450543825124987, 0.6450543825124987, 0.6450543825124987, 0.6450543825124987, 0.6450543825124987, 0.6450543825124987, 0.6450543825124987, 0.6450543825124987, 0.6514523056057867, 0.6514523056057867]}