{"task_id": "svm-3903", "max_evals": 50, "batch_size": 5, "n_repeat": 3, "scores": [0.5221937267814928, 0.5448174181019926, 0.6216502554035799, 0.6216502554035799, 0.6934326452212091, 0.6934326452212091, 0.6934326452212091, 0.6934326452212091, 0.6934326452212091, 0.6934326452212091, 0.6934326452212091, 0.6934326452212091, 0.6934326452212091, 0.6934326452212091, 0.6934326452212091, 0.6934326452212091, 0.6934326452212091, 0.7108379770347856, 0.7227973552009456, 0.7227973552009456, 0.7492216523134076, 0.7492216523134076, 0.7492216523134076, 0.7492216523134076, 0.7492216523134076, 0.7492216523134076, 0.7492216523134076, 0.7492216523134076, 0.7492216523134076, 0.7492216523134076, 0.7492216523134076, 0.7492216523134076, 0.7492216523134076, 0.7492216523134076, 0.7492216523134076, 0.7492216523134076, 0.7492216523134076, 0.7492216523134076, 0.7492216523134076, 0.7492216523134076, 0.7492216523134076, 0.7492216523134076, 0.7492216523134076, 0.7492216523134076, 0.7492216523134076, 0.7492216523134076, 0.7492216523134076, 0.7492216523134076, 0.7492216523134076, 0.7492216523134076]}