{"task_id": "svm-9914", "max_evals": 50, "batch_size": 5, "n_repeat": 3, "scores": [0.5047478271905664, 0.5071217407858498, 0.5071217407858498, 0.5071217407858498, 0.653929032316258, 0.653929032316258, 0.7329275466167943, 0.7329275466167943, 0.7329275466167943, 0.7329275466167943, 0.8007935679245469, 0.8007935679245469, 0.8007935679245469, 0.8007935679245469, 0.9507577345396934, 0.9507577345396934, 0.9507577345396934, 0.9507577345396934, 0.9507577345396934, 0.9507577345396934, 0.9507577345396934, 0.9507577345396934, 0.9507577345396934, 0.9507577345396934, 0.952601511952733, 0.952601511952733, 0.952601511952733, 0.952601511952733, 0.952601511952733, 0.952601511952733, 0.952601511952733, 0.952601511952733, 0.952601511952733, 0.9530733818211643, 0.9530733818211643, 0.9530733818211643, 0.9530733818211643, 0.9530733818211643, 0.9530733818211643, 0.9530733818211643, 0.9530733818211643, 0.9530733818211643, 0.9530733818211643, 0.9530733818211643, 0.9530733818211643, 0.9530733818211643, 0.9530733818211643, 0.9530733818211643, 0.9530733818211643, 0.9530733818211643]}