{"task_id": "svm-9980", "max_evals": 50, "batch_size": 5, "n_repeat": 3, "scores": [0.5, 0.5003401360544218, 0.5003401360544218, 0.5099163265306123, 0.5285034013605442, 0.5285034013605442, 0.5500068027210884, 0.5500068027210884, 0.5500068027210884, 0.5500068027210884, 0.5500068027210884, 0.5500068027210884, 0.5500068027210884, 0.5500068027210884, 0.5500068027210884, 0.5500068027210884, 0.5500068027210884, 0.5500068027210884, 0.5500068027210884, 0.5500068027210884, 0.5500068027210884, 0.5500068027210884, 0.5500068027210884, 0.5500068027210884, 0.5500068027210884, 0.5500068027210884, 0.5500068027210884, 0.5500068027210884, 0.5500068027210884, 0.5500068027210884, 0.5500068027210884, 0.5500068027210884, 0.5500068027210884, 0.5500068027210884, 0.5500068027210884, 0.5682843537414966, 0.5682843537414966, 0.5682843537414966, 0.5682843537414966, 0.5682843537414966, 0.5682843537414966, 0.5682843537414966, 0.5682843537414966, 0.5682843537414966, 0.5682843537414966, 0.5799102040816326, 0.5799102040816326, 0.5799102040816326, 0.5799102040816326, 0.5799102040816326]}