{"task_id": "svm-14951", "max_evals": 50, "batch_size": 5, "n_repeat": 3, "scores": [0.5, 0.5, 0.5, 0.5, 0.5, 0.5, 0.5238563966140427, 0.5238563966140427, 0.5238563966140427, 0.5238563966140427, 0.5238563966140427, 0.5238563966140427, 0.5238563966140427, 0.5473437151305846, 0.5729005036886714, 0.5821285490723627, 0.5821285490723627, 0.5821285490723627, 0.5821285490723627, 0.5821285490723627, 0.5821285490723627, 0.5821285490723627, 0.5821285490723627, 0.5821285490723627, 0.5821285490723627, 0.5821285490723627, 0.5821285490723627, 0.5821285490723627, 0.5821285490723627, 0.5821285490723627, 0.5821285490723627, 0.5821285490723627, 0.5821285490723627, 0.5821285490723627, 0.5821285490723627, 0.5821285490723627, 0.5856378394660561, 0.5856378394660561, 0.5856378394660561, 0.5856378394660561, 0.5856378394660561, 0.5856378394660561, 0.5856378394660561, 0.5856378394660561, 0.5856378394660561, 0.5856378394660561, 0.5856378394660561, 0.5931972144299907, 0.5931972144299907, 0.5931972144299907]}