{"task_id": "svm-10101", "max_evals": 50, "batch_size": 5, "n_repeat": 3, "scores": [0.4965026946451095, 0.5104020945610213, 0.5104020945610213, 0.5104020945610213, 0.5104020945610213, 0.5104020945610213, 0.5104020945610213, 0.5104020945610213, 0.5117637503344418, 0.5117637503344418, 0.5117637503344418, 0.5117637503344418, 0.5117637503344418, 0.5117637503344418, 0.5134684478079731, 0.5134684478079731, 0.5199155295646523, 0.5199155295646523, 0.5199155295646523, 0.5199155295646523, 0.5199155295646523, 0.5199155295646523, 0.5199155295646523, 0.5282612850208309, 0.5282612850208309, 0.5282612850208309, 0.5282612850208309, 0.5282612850208309, 0.5282612850208309, 0.5282612850208309, 0.5282612850208309, 0.5282612850208309, 0.5282612850208309, 0.5282612850208309, 0.5382381607613805, 0.5382381607613805, 0.5700473951763941, 0.5700473951763941, 0.5700473951763941, 0.5700473951763941, 0.5700473951763941, 0.5700473951763941, 0.5715925161487597, 0.5715925161487597, 0.5715925161487597, 0.5715925161487597, 0.5715925161487597, 0.5715925161487597, 0.5715925161487597, 0.5715925161487597]}