{"task_id": "svm-9952", "max_evals": 50, "batch_size": 5, "n_repeat": 3, "scores": [0.6512480704692767, 0.8891314277710078, 0.8891314277710078, 0.9052266794414613, 0.914891172088303, 0.914891172088303, 0.9252453605550452, 0.9252453605550452, 0.9252453605550452, 0.9275520406343306, 0.9276747766511687, 0.931925095558547, 0.931925095558547, 0.931925095558547, 0.9331200151992526, 0.9331200151992526, 0.9331200151992526, 0.9331200151992526, 0.9339980664731672, 0.9339980664731672, 0.9339980664731672, 0.9339980664731672, 0.9339980664731672, 0.9339980664731672, 0.9339980664731672, 0.9342990541538146, 0.9342990541538146, 0.9342990541538146, 0.9342990541538146, 0.9349043940446601, 0.9349043940446601, 0.9349043940446601, 0.9349043940446601, 0.9352549993841818, 0.9352549993841818, 0.9352549993841818, 0.9355981174540188, 0.9355981174540188, 0.9355981174540188, 0.9355981174540188, 0.9355987559536194, 0.9355987559536194, 0.9355987559536194, 0.9355987559536194, 0.9355987559536194, 0.9355987559536194, 0.935829307792391, 0.935829307792391, 0.935829307792391, 0.935829307792391]}