{"task_id": "svm-3485", "max_evals": 50, "batch_size": 5, "n_repeat": 3, "scores": [0.6601805668067835, 0.6601805668067835, 0.8215662878268452, 0.9805560514948694, 0.9805560514948694, 0.9805560514948694, 0.9805560514948694, 0.9805560514948694, 0.9805560514948694, 0.9805560514948694, 0.9805560514948694, 0.9805560514948694, 0.9805560514948694, 0.9805560514948694, 0.9805560514948694, 0.9805560514948694, 0.9805560514948694, 0.9805560514948694, 0.9805560514948694, 0.9805560514948694, 0.9805560514948694, 0.9805560514948694, 0.9805560514948694, 0.9805560514948694, 0.9805560514948694, 0.9805560514948694, 0.9806803511409331, 0.9806803511409331, 0.9806803511409331, 0.9806803511409331, 0.9806803511409331, 0.9806803511409331, 0.9806803511409331, 0.9806803511409331, 0.9806803511409331, 0.9806803511409331, 0.9806803511409331, 0.9806803511409331, 0.9806803511409331, 0.9806803511409331, 0.9806803511409331, 0.9806803511409331, 0.9806803511409331, 0.9808983105976323, 0.9808983105976323, 0.9808983105976323, 0.9808983105976323, 0.9808983105976323, 0.9808983105976323, 0.9808983105976323]}