{"task_id": "svm-3494", "max_evals": 50, "batch_size": 5, "n_repeat": 3, "scores": [0.8158919039666165, 0.9747317072029715, 0.9747317072029715, 0.9810111504077023, 0.9810111504077023, 0.9810111504077023, 0.9810111504077023, 0.9810111504077023, 0.9810111504077023, 0.9810111504077023, 0.9810111504077023, 0.9810111504077023, 0.9810111504077023, 0.9810111504077023, 0.9810111504077023, 0.9810111504077023, 0.9810111504077023, 0.9829199004486361, 0.9829199004486361, 0.9829199004486361, 0.9870925902535098, 0.9870925902535098, 0.9870925902535098, 0.9870925902535098, 0.9870925902535098, 0.9870925902535098, 0.9870925902535098, 0.9870925902535098, 0.9870925902535098, 0.9870925902535098, 0.9870925902535098, 0.9870925902535098, 0.9870925902535098, 0.9870925902535098, 0.9870925902535098, 0.9870925902535098, 0.9870925902535098, 0.9870925902535098, 0.9870925902535098, 0.9933588761174968, 0.9933588761174968, 0.9933588761174968, 0.9933588761174968, 0.9933588761174968, 0.9933588761174968, 0.9933588761174968, 0.9933588761174968, 0.9933588761174968, 0.9933588761174968, 0.9933588761174968]}