{"task_id": "svm-9976", "max_evals": 50, "batch_size": 5, "n_repeat": 3, "scores": [0.5, 0.5, 0.5, 0.5, 0.5, 0.5, 0.5, 0.5, 0.5, 0.5, 0.5, 0.5, 0.5, 0.5, 0.5, 0.5, 0.5, 0.5, 0.5, 0.5, 0.5, 0.5, 0.5, 0.5, 0.5, 0.5, 0.5, 0.5, 0.5, 0.5, 0.5, 0.5, 0.5, 0.5, 0.5439516765285997, 0.5439516765285997, 0.5439516765285997, 0.5439516765285997, 0.5439516765285997, 0.5439516765285997, 0.5439516765285997, 0.5439516765285997, 0.5439516765285997, 0.5439516765285997, 0.5439516765285997, 0.5928639053254438, 0.5928639053254438, 0.5928639053254438, 0.5928639053254438, 0.5928639053254438]}