{"task_id": "svm-9971", "max_evals": 50, "batch_size": 5, "n_repeat": 3, "scores": [0.5263343752135, 0.5627577657079093, 0.5638090398761131, 0.5638090398761131, 0.5638090398761131, 0.5638090398761131, 0.5638090398761131, 0.5742416478786637, 0.5781188084990093, 0.5781188084990093, 0.5875539443419645, 0.5875539443419645, 0.5875539443419645, 0.5881560144382957, 0.5881560144382957, 0.5881560144382957, 0.5932263555828836, 0.5932263555828836, 0.5932263555828836, 0.5932263555828836, 0.5932263555828836, 0.5932263555828836, 0.5932263555828836, 0.5932263555828836, 0.5932263555828836, 0.5932263555828836, 0.5952077782332446, 0.5952077782332446, 0.5952077782332446, 0.5952077782332446, 0.5997581756279748, 0.5997581756279748, 0.5997581756279748, 0.5997581756279748, 0.5997581756279748, 0.5997581756279748, 0.5997581756279748, 0.5997581756279748, 0.5997581756279748, 0.6008589818041038, 0.6008589818041038, 0.6008589818041038, 0.6008589818041038, 0.6008589818041038, 0.6008589818041038, 0.6008589818041038, 0.6008589818041038, 0.6008589818041038, 0.6008589818041038, 0.6008589818041038]}