{"task_id": "svm-9983", "max_evals": 50, "batch_size": 5, "n_repeat": 3, "scores": [0.5250092866374051, 0.5250092866374051, 0.5371105949717379, 0.5693908799075665, 0.5693908799075665, 0.5693908799075665, 0.5693908799075665, 0.5693908799075665, 0.5713678829411218, 0.5713678829411218, 0.5713678829411218, 0.5942077874164816, 0.5942077874164816, 0.5942077874164816, 0.5942077874164816, 0.5942077874164816, 0.5942077874164816, 0.5942077874164816, 0.5942077874164816, 0.5942077874164816, 0.5947145392732517, 0.5947145392732517, 0.598146607566053, 0.598146607566053, 0.598146607566053, 0.598146607566053, 0.598146607566053, 0.598146607566053, 0.598146607566053, 0.598524273257012, 0.598524273257012, 0.598524273257012, 0.598524273257012, 0.598524273257012, 0.598524273257012, 0.598524273257012, 0.598524273257012, 0.598524273257012, 0.598524273257012, 0.598524273257012, 0.598524273257012, 0.598524273257012, 0.598524273257012, 0.598524273257012, 0.598524273257012, 0.598524273257012, 0.598524273257012, 0.598524273257012, 0.598524273257012, 0.598524273257012]}