{"task_id": "svm-3899", "max_evals": 50, "batch_size": 5, "n_repeat": 3, "scores": [0.5174966263457311, 0.5174966263457311, 0.5174966263457311, 0.5174966263457311, 0.5174966263457311, 0.5175770636621616, 0.5175770636621616, 0.5175770636621616, 0.5175770636621616, 0.532325190625682, 0.532325190625682, 0.532325190625682, 0.5477645992633837, 0.5477645992633837, 0.5477645992633837, 0.5477645992633837, 0.5498241657995786, 0.5498241657995786, 0.5498241657995786, 0.5498241657995786, 0.5498241657995786, 0.5498241657995786, 0.5498241657995786, 0.5498241657995786, 0.5498241657995786, 0.5498241657995786, 0.5498241657995786, 0.5498241657995786, 0.5498241657995786, 0.5498241657995786, 0.5498241657995786, 0.5498241657995786, 0.5498241657995786, 0.5498241657995786, 0.5498241657995786, 0.5498241657995786, 0.5498241657995786, 0.5498241657995786, 0.5498241657995786, 0.5498241657995786, 0.5498241657995786, 0.5498241657995786, 0.5498241657995786, 0.5498241657995786, 0.5498241657995786, 0.5498241657995786, 0.5498241657995786, 0.5498241657995786, 0.5498241657995786, 0.5498241657995786]}