{"task_id": "svm-9946", "max_evals": 50, "batch_size": 5, "n_repeat": 3, "scores": [0.5009259259259259, 0.5009259259259259, 0.63077014475824, 0.63077014475824, 0.6548354863831054, 0.7843049256739733, 0.7843049256739733, 0.8014399665590141, 0.8014399665590141, 0.8014399665590141, 0.8014399665590141, 0.8014399665590141, 0.8014399665590141, 0.8014399665590141, 0.9484035937607365, 0.9484035937607365, 0.9484035937607365, 0.9484035937607365, 0.9484035937607365, 0.9494813211479878, 0.9494813211479878, 0.9494813211479878, 0.9494813211479878, 0.9494813211479878, 0.9494813211479878, 0.9494813211479878, 0.9494813211479878, 0.9494813211479878, 0.9494813211479878, 0.9494813211479878, 0.9494813211479878, 0.9494813211479878, 0.9494813211479878, 0.9494813211479878, 0.9494813211479878, 0.9494813211479878, 0.9494813211479878, 0.9494813211479878, 0.9494813211479878, 0.9494813211479878, 0.9494813211479878, 0.9494813211479878, 0.9494813211479878, 0.9494813211479878, 0.9494813211479878, 0.9494813211479878, 0.9494813211479878, 0.9494813211479878, 0.9494813211479878, 0.9494813211479878]}