{"task_id": "xgb-145953", "max_evals": 50, "batch_size": 5, "n_repeat": 3, "scores": [0.87985329014345, 0.87985329014345, 0.8843736354178136, 0.884586962230065, 0.991224971538515, 0.991224971538515, 0.991224971538515, 0.991224971538515, 0.991224971538515, 0.991224971538515, 0.991224971538515, 0.991224971538515, 0.991224971538515, 0.991224971538515, 0.991224971538515, 0.9912471837360669, 0.9912471837360669, 0.9912471837360669, 0.9912471837360669, 0.9912471837360669, 0.9912471837360669, 0.9912471837360669, 0.9912471837360669, 0.9949505920064993, 0.9949505920064993, 0.9949505920064993, 0.9949505920064993, 0.9949505920064993, 0.9949505920064993, 0.9953382405285707, 0.9953382405285707, 0.9953382405285707, 0.9953382405285707, 0.9953382405285707, 0.9953382405285707, 0.9953382405285707, 0.9953382405285707, 0.9953382405285707, 0.9953382405285707, 0.9953382405285707, 0.9953382405285707, 0.9953382405285707, 0.9953382405285707, 0.9953382405285707, 0.9953382405285707, 0.9953382405285707, 0.9953382405285707, 0.9953382405285707, 0.9953382405285707, 0.9953382405285707]}