{"task_id": "xgb-3917", "max_evals": 50, "batch_size": 5, "n_repeat": 3, "scores": [0.7909549365033169, 0.7923566425625599, 0.7923566425625599, 0.7923566425625599, 0.7923566425625599, 0.7923566425625599, 0.793355838947031, 0.793355838947031, 0.793355838947031, 0.793355838947031, 0.793355838947031, 0.793355838947031, 0.793355838947031, 0.793355838947031, 0.793355838947031, 0.793355838947031, 0.793355838947031, 0.793355838947031, 0.793355838947031, 0.793355838947031, 0.793355838947031, 0.793355838947031, 0.793355838947031, 0.793355838947031, 0.793355838947031, 0.793355838947031, 0.793355838947031, 0.794150557997431, 0.794150557997431, 0.794150557997431, 0.794150557997431, 0.794150557997431, 0.794150557997431, 0.794150557997431, 0.794150557997431, 0.794150557997431, 0.794150557997431, 0.794150557997431, 0.794150557997431, 0.794150557997431, 0.794150557997431, 0.794150557997431, 0.794150557997431, 0.794150557997431, 0.7942871238949346, 0.7942871238949346, 0.7942871238949346, 0.7942871238949346, 0.7942871238949346, 0.7942871238949346]}