{"task_id": "xgb-145979", "max_evals": 50, "batch_size": 5, "n_repeat": 3, "scores": [0.8498498090487874, 0.9057587629530075, 0.9057587629530075, 0.9057587629530075, 0.9057587629530075, 0.9057587629530075, 0.9384426658958379, 0.9405607940337063, 0.9405607940337063, 0.9686161459178938, 0.9686161459178938, 0.9686161459178938, 0.9686161459178938, 0.9686161459178938, 0.9694053304930383, 0.9694053304930383, 0.9715920295308932, 0.9715920295308932, 0.9715920295308932, 0.9715920295308932, 0.9782872163102926, 0.9782872163102926, 0.9782872163102926, 0.9782872163102926, 0.9782872163102926, 0.9782872163102926, 0.9782872163102926, 0.9782872163102926, 0.9782872163102926, 0.9782872163102926, 0.9782872163102926, 0.9782872163102926, 0.9782872163102926, 0.9782872163102926, 0.9782872163102926, 0.9782872163102926, 0.9782872163102926, 0.9798738289475586, 0.9798738289475586, 0.9798738289475586, 0.9798738289475586, 0.9798738289475586, 0.9798738289475586, 0.9798738289475586, 0.9798738289475586, 0.9798738289475586, 0.9798738289475586, 0.9798738289475586, 0.9798738289475586, 0.9798738289475586]}