{"task_id": "xgb-145976", "max_evals": 50, "batch_size": 5, "n_repeat": 3, "scores": [0.6841581196581196, 0.8210123456790125, 0.8210123456790125, 0.8210123456790125, 0.8210123456790125, 0.8210123456790125, 0.8210123456790125, 0.8210123456790125, 0.8210123456790125, 0.8210123456790125, 0.8210123456790125, 0.8210123456790125, 0.8221244064577399, 0.8221244064577399, 0.8221244064577399, 0.8221244064577399, 0.8221908831908832, 0.8221908831908832, 0.8221908831908832, 0.8221908831908832, 0.8221908831908832, 0.82329534662868, 0.8247378917378917, 0.8247378917378917, 0.8247378917378917, 0.8247378917378917, 0.8247378917378917, 0.8247378917378917, 0.8247378917378917, 0.8247378917378917, 0.8247378917378917, 0.8247378917378917, 0.8247378917378917, 0.8247378917378917, 0.8247378917378917, 0.8247378917378917, 0.8247378917378917, 0.8247378917378917, 0.8247378917378917, 0.8247378917378917, 0.8247378917378917, 0.8247378917378917, 0.8247378917378917, 0.8247378917378917, 0.8247378917378917, 0.8247378917378917, 0.8247378917378917, 0.8247378917378917, 0.8247378917378917, 0.8247378917378917]}