{"task_id": "xgb-145847", "max_evals": 50, "batch_size": 5, "n_repeat": 3, "scores": [0.5742359132849592, 0.705569912259747, 0.8025984975165974, 0.8025984975165974, 0.8984330551325311, 0.8984330551325311, 0.9030974648392011, 0.9030974648392011, 0.9030974648392011, 0.9030974648392011, 0.9030974648392011, 0.9451682816248121, 0.9451682816248121, 0.9451682816248121, 0.9470777245264613, 0.9470777245264613, 0.953733977325888, 0.953733977325888, 0.953733977325888, 0.953733977325888, 0.953733977325888, 0.953733977325888, 0.953733977325888, 0.953733977325888, 0.953733977325888, 0.953733977325888, 0.953733977325888, 0.953733977325888, 0.953733977325888, 0.953733977325888, 0.953733977325888, 0.953733977325888, 0.953733977325888, 0.953733977325888, 0.953733977325888, 0.953733977325888, 0.953733977325888, 0.953733977325888, 0.953733977325888, 0.953733977325888, 0.953733977325888, 0.953733977325888, 0.953733977325888, 0.953733977325888, 0.953733977325888, 0.953733977325888, 0.953733977325888, 0.953733977325888, 0.953733977325888, 0.953733977325888]}