{"task_id": "xgb-3", "max_evals": 50, "batch_size": 5, "n_repeat": 3, "scores": [0.6521728552502052, 0.805610218569662, 0.8176383816474377, 0.8176383816474377, 0.8176383816474377, 0.8812676573341518, 0.8812676573341518, 0.8812676573341518, 0.8812676573341518, 0.8812676573341518, 0.8812676573341518, 0.9337585850199378, 0.9337585850199378, 0.9424332892749984, 0.9424332892749984, 0.9917940434919634, 0.9923695436783811, 0.9923695436783811, 0.9923695436783811, 0.9923695436783811, 0.9923695436783811, 0.995473210981645, 0.995473210981645, 0.995473210981645, 0.995473210981645, 0.995473210981645, 0.995473210981645, 0.995473210981645, 0.995473210981645, 0.995473210981645, 0.995473210981645, 0.995473210981645, 0.995473210981645, 0.995473210981645, 0.995473210981645, 0.995473210981645, 0.995473210981645, 0.995473210981645, 0.995473210981645, 0.995473210981645, 0.995473210981645, 0.995473210981645, 0.995473210981645, 0.995473210981645, 0.995473210981645, 0.995473210981645, 0.995473210981645, 0.995473210981645, 0.995473210981645, 0.995473210981645]}