{"task_id": "xgb-9967", "max_evals": 50, "batch_size": 5, "n_repeat": 3, "scores": [0.668940723022733, 0.8057011832037239, 0.8209055015694008, 0.8209055015694008, 0.9180242413362363, 0.9180242413362363, 0.9180242413362363, 0.9180242413362363, 0.9180242413362363, 0.9448155816563316, 0.9448155816563316, 0.9448155816563316, 0.9448155816563316, 0.9448155816563316, 0.9448155816563316, 0.9448155816563316, 0.9448155816563316, 0.9448155816563316, 0.9448155816563316, 0.9448155816563316, 0.9491412207143993, 0.9491412207143993, 0.9491412207143993, 0.9491412207143993, 0.9491412207143993, 0.9491412207143993, 0.9491412207143993, 0.9491412207143993, 0.9491412207143993, 0.9491412207143993, 0.9491412207143993, 0.9491412207143993, 0.9491412207143993, 0.9491412207143993, 0.9491412207143993, 0.9491412207143993, 0.9491412207143993, 0.9491412207143993, 0.9491412207143993, 0.9491412207143993, 0.9491412207143993, 0.9491412207143993, 0.9491412207143993, 0.9491412207143993, 0.9491412207143993, 0.9491412207143993, 0.9491412207143993, 0.9491412207143993, 0.9491412207143993, 0.9491412207143993]}