{"task_id": "xgb-14951", "max_evals": 50, "batch_size": 5, "n_repeat": 3, "scores": [0.5594453863997538, 0.5790528346623137, 0.5790528346623137, 0.5844649475869351, 0.5844649475869351, 0.5844649475869351, 0.5844649475869351, 0.5844649475869351, 0.5876649624619437, 0.5885307773971565, 0.5885307773971565, 0.5903524588604299, 0.5903524588604299, 0.5903524588604299, 0.5903524588604299, 0.5903524588604299, 0.5903524588604299, 0.5923525954365798, 0.5923525954365798, 0.5923525954365798, 0.5923525954365798, 0.5923525954365798, 0.5927923582319983, 0.5927923582319983, 0.593093904833024, 0.593093904833024, 0.5938826839779899, 0.5938826839779899, 0.5938826839779899, 0.5938826839779899, 0.5938826839779899, 0.5938826839779899, 0.5938826839779899, 0.5938826839779899, 0.5938826839779899, 0.5938826839779899, 0.598355792893211, 0.598355792893211, 0.598355792893211, 0.598355792893211, 0.598355792893211, 0.598355792893211, 0.598355792893211, 0.598355792893211, 0.598355792893211, 0.598355792893211, 0.598355792893211, 0.5994847059903229, 0.5999855424451866, 0.5999855424451866]}