{"task_id": "xgb-37", "max_evals": 50, "batch_size": 5, "n_repeat": 3, "scores": [0.7041253561253562, 0.7202516619183287, 0.7202516619183287, 0.7202516619183287, 0.7202516619183287, 0.7202516619183287, 0.7202516619183287, 0.7202516619183287, 0.8191756885090218, 0.8191756885090218, 0.8191756885090218, 0.8191756885090218, 0.8191756885090218, 0.8191756885090218, 0.8191756885090218, 0.8191756885090218, 0.8191756885090218, 0.8191756885090218, 0.8196856600189933, 0.8196856600189933, 0.8196856600189933, 0.8196856600189933, 0.8197416904083571, 0.8197416904083571, 0.8197416904083571, 0.8197416904083571, 0.8197416904083571, 0.8197416904083571, 0.8197416904083571, 0.8197416904083571, 0.8197416904083571, 0.8197416904083571, 0.8197416904083571, 0.8197416904083571, 0.8197416904083571, 0.8197416904083571, 0.8197416904083571, 0.8197416904083571, 0.8197416904083571, 0.8197416904083571, 0.8197416904083571, 0.8197416904083571, 0.8338860398860399, 0.8338860398860399, 0.8338860398860399, 0.8338860398860399, 0.8338860398860399, 0.8338860398860399, 0.8338860398860399, 0.8338860398860399]}