{"task_id": "xgb-3493", "max_evals": 50, "batch_size": 5, "n_repeat": 3, "scores": [0.49029812779812776, 0.529351851851852, 0.529351851851852, 0.529351851851852, 0.529351851851852, 0.529351851851852, 0.529351851851852, 0.529351851851852, 0.5327442002442003, 0.5327442002442003, 0.5501180301180302, 0.5501180301180302, 0.5501180301180302, 0.5501180301180302, 0.5501180301180302, 0.5501180301180302, 0.5501180301180302, 0.5501180301180302, 0.5501180301180302, 0.5501180301180302, 0.5501180301180302, 0.6956542531542532, 0.6956542531542532, 0.7099491249491249, 0.7099491249491249, 0.7099491249491249, 0.7099491249491249, 0.7099491249491249, 0.7099491249491249, 0.7099491249491249, 0.7099491249491249, 0.7099491249491249, 0.7099491249491249, 0.7128011803011803, 0.7128011803011803, 0.7128011803011803, 0.7128011803011803, 0.7128011803011803, 0.7128011803011803, 0.7128011803011803, 0.7128011803011803, 0.7128011803011803, 0.8001729751729751, 0.8001729751729751, 0.8001729751729751, 0.8001729751729751, 0.8001729751729751, 0.8001729751729751, 0.8001729751729751, 0.8001729751729751]}