{"task_id": "xgb-3492", "max_evals": 50, "batch_size": 5, "n_repeat": 3, "scores": [0.5595774661030394, 0.5819147583587618, 0.6231901110924479, 0.6638295167175237, 0.6747422151302221, 0.759494123438127, 0.8048618109795358, 0.8048618109795358, 0.8048618109795358, 0.8048618109795358, 0.8156080865130688, 0.8156080865130688, 0.8156080865130688, 0.8156080865130688, 0.8156080865130688, 0.8156080865130688, 0.8156080865130688, 0.8156080865130688, 0.8156080865130688, 0.8156080865130688, 0.8156080865130688, 0.8156080865130688, 0.8156080865130688, 0.8156080865130688, 0.8156080865130688, 0.8180668117727201, 0.8180668117727201, 0.8180668117727201, 0.8949105568153187, 0.8949105568153187, 0.8949105568153187, 0.8949105568153187, 0.8949105568153187, 0.8949105568153187, 0.8949105568153187, 0.8949105568153187, 0.8949105568153187, 0.8949105568153187, 0.8949105568153187, 0.8949105568153187, 0.8949105568153187, 0.8949105568153187, 0.8949105568153187, 0.9033433297873333, 0.9033433297873333, 0.9033433297873333, 0.9033433297873333, 0.9033433297873333, 0.9033433297873333, 0.9033433297873333]}