{"task_id": "xgb-9946", "max_evals": 50, "batch_size": 5, "n_repeat": 3, "scores": [0.9535177741130122, 0.9535177741130122, 0.9594907693717216, 0.9594907693717216, 0.9868319246890674, 0.9887669781717401, 0.9891353443734396, 0.9891353443734396, 0.9891353443734396, 0.9891353443734396, 0.9911852080899699, 0.9911852080899699, 0.9911852080899699, 0.9911852080899699, 0.9911852080899699, 0.9911852080899699, 0.9913040266611693, 0.9913040266611693, 0.9913040266611693, 0.9913040266611693, 0.9913040266611693, 0.9913040266611693, 0.9913040266611693, 0.9913040266611693, 0.993200771891248, 0.993200771891248, 0.993200771891248, 0.993200771891248, 0.993200771891248, 0.993200771891248, 0.993200771891248, 0.993200771891248, 0.993200771891248, 0.993200771891248, 0.993200771891248, 0.993200771891248, 0.993200771891248, 0.993200771891248, 0.993200771891248, 0.993200771891248, 0.993200771891248, 0.993200771891248, 0.993200771891248, 0.993200771891248, 0.993200771891248, 0.993200771891248, 0.993200771891248, 0.993200771891248, 0.993200771891248, 0.993200771891248]}