{"task_id": "xgb-146064", "max_evals": 10, "batch_size": 2, "n_repeat": 3, "scores": [0.5, 0.5, 0.5719020528225718, 0.5719020528225718, 0.5719020528225718, 0.5719020528225718, 0.5719020528225718, 0.7365643534446362, 0.7365643534446362, 0.8193855369200689]}