{"task_id": "xgb-49", "max_evals": 50, "batch_size": 5, "n_repeat": 3, "scores": [0.7048677948424945, 0.7223877429759783, 0.7223877429759783, 0.7223877429759783, 0.7838798438893315, 0.7838798438893315, 0.7838798438893315, 0.7838798438893315, 0.8849856201848612, 0.8849856201848612, 0.8849856201848612, 0.8849856201848612, 0.8849856201848612, 0.8849856201848612, 0.8849856201848612, 0.8849856201848612, 0.8849856201848612, 0.8849856201848612, 0.8849856201848612, 0.8849856201848612, 0.8849856201848612, 0.8849856201848612, 0.8849856201848612, 0.8849856201848612, 0.8849856201848612, 0.8849856201848612, 0.8849856201848612, 0.8849856201848612, 0.8849856201848612, 0.8849856201848612, 0.8849856201848612, 0.8849856201848612, 0.8849856201848612, 0.8849856201848612, 0.8849856201848612, 0.8849856201848612, 0.8849856201848612, 0.8849856201848612, 0.8849856201848612, 0.8849856201848612, 0.9685466301215827, 0.9685466301215827, 0.9685466301215827, 0.9685466301215827, 0.9685466301215827, 0.9685466301215827, 0.9685466301215827, 0.9685466301215827, 0.9685466301215827, 0.9685466301215827]}