{"task_id": "xgb-145878", "max_evals": 50, "batch_size": 5, "n_repeat": 3, "scores": [0.8252522389427152, 0.9817062919443872, 0.9817062919443872, 0.9817062919443872, 0.9817062919443872, 0.9817062919443872, 0.9835839116791497, 0.9883791429029524, 0.9883791429029524, 0.9883791429029524, 0.9883791429029524, 0.9883791429029524, 0.9883791429029524, 0.9895289058384297, 0.9895289058384297, 0.9895289058384297, 0.991818754437802, 0.992353867472915, 0.992353867472915, 0.992353867472915, 0.992353867472915, 0.992353867472915, 0.9930404383975814, 0.9930404383975814, 0.9930404383975814, 0.9930404383975814, 0.9930404383975814, 0.9930404383975814, 0.9930404383975814, 0.9930404383975814, 0.9930404383975814, 0.9930404383975814, 0.9930404383975814, 0.9930404383975814, 0.9931646968551732, 0.9931646968551732, 0.9931646968551732, 0.9931646968551732, 0.9931646968551732, 0.9931646968551732, 0.9931646968551732, 0.9931646968551732, 0.993404968047825, 0.993404968047825, 0.993404968047825, 0.993404968047825, 0.993404968047825, 0.993404968047825, 0.993404968047825, 0.993404968047825]}