{"task_id": "xgb-3485", "max_evals": 50, "batch_size": 5, "n_repeat": 3, "scores": [0.7661771230728421, 0.9214084237487614, 0.9214084237487614, 0.9239124983554508, 0.9423930847432554, 0.9423930847432554, 0.9423930847432554, 0.9423930847432554, 0.971283750567349, 0.971283750567349, 0.971283750567349, 0.971283750567349, 0.971283750567349, 0.9713507077948327, 0.9713507077948327, 0.9713507077948327, 0.9713507077948327, 0.9713507077948327, 0.9713507077948327, 0.9713507077948327, 0.9713507077948327, 0.9713507077948327, 0.9713507077948327, 0.9713507077948327, 0.9713507077948327, 0.9746492814733658, 0.9746492814733658, 0.9746492814733658, 0.9746492814733658, 0.9746492814733658, 0.9746492814733658, 0.9746492814733658, 0.9746492814733658, 0.9746492814733658, 0.9746492814733658, 0.9746492814733658, 0.9746492814733658, 0.9792888145323192, 0.9792888145323192, 0.9792888145323192, 0.9792888145323192, 0.9792888145323192, 0.9792888145323192, 0.9792888145323192, 0.9792888145323192, 0.9792888145323192, 0.9792888145323192, 0.9792888145323192, 0.9792888145323192, 0.9792888145323192]}