{"task_id": "xgb-3903", "max_evals": 50, "batch_size": 5, "n_repeat": 3, "scores": [0.7011323243836541, 0.801120504052685, 0.801120504052685, 0.801120504052685, 0.801120504052685, 0.8094717789598108, 0.8094717789598108, 0.8094717789598108, 0.8101135596082405, 0.8101135596082405, 0.8101135596082405, 0.8101135596082405, 0.8101135596082405, 0.8101135596082405, 0.8101135596082405, 0.8101135596082405, 0.8101135596082405, 0.8101135596082405, 0.8101135596082405, 0.8101135596082405, 0.8213792848699764, 0.8213792848699764, 0.8213792848699764, 0.8213792848699764, 0.8213792848699764, 0.8213792848699764, 0.8213792848699764, 0.8213792848699764, 0.8213792848699764, 0.8213792848699764, 0.8213792848699764, 0.8313411854103343, 0.8313411854103343, 0.8313411854103343, 0.8313411854103343, 0.8313411854103343, 0.8313411854103343, 0.8313411854103343, 0.8313411854103343, 0.8313411854103343, 0.8313411854103343, 0.8313411854103343, 0.8313411854103343, 0.8313411854103343, 0.8313411854103343, 0.8313411854103343, 0.8313411854103343, 0.8313411854103343, 0.8313411854103343, 0.8313411854103343]}