{"task_id": "xgb-10093", "max_evals": 50, "batch_size": 5, "n_repeat": 3, "scores": [0.6129987786156897, 0.776784266926631, 0.7817797100799689, 0.7817797100799689, 0.7817797100799689, 0.8813875691464131, 0.8813875691464131, 0.9332927605899997, 0.9841058028827657, 0.9841058028827657, 0.9841058028827657, 0.9990439959810106, 0.9990439959810106, 0.9995976341748559, 0.9995976341748559, 0.9995976341748559, 0.9995976341748559, 0.9995976341748559, 0.9995976341748559, 0.9995976341748559, 0.9995976341748559, 0.9995976341748559, 0.9995976341748559, 0.9995976341748559, 0.9995976341748559, 0.9995976341748559, 0.9995976341748559, 0.9996121077656884, 0.9996121077656884, 0.9996121077656884, 0.9996121077656884, 0.9996121077656884, 0.9996121077656884, 0.9996121077656884, 0.9996121077656884, 0.9996121077656884, 0.9996121077656884, 0.9996121077656884, 0.9996121077656884, 0.9996121077656884, 0.9996121077656884, 0.9996121077656884, 0.9996121077656884, 0.9996121077656884, 0.9996121077656884, 0.9996121077656884, 0.9996121077656884, 0.9998275308240796, 0.9998275308240796, 0.9999065286166235]}