{"task_id": "xgb-3896", "max_evals": 50, "batch_size": 5, "n_repeat": 3, "scores": [0.7224429104487182, 0.8818837435832673, 0.8818837435832673, 0.8818837435832673, 0.8818837435832673, 0.8818837435832673, 0.8818837435832673, 0.8831926152145156, 0.8831926152145156, 0.8831926152145156, 0.8831926152145156, 0.8865894040984105, 0.8865894040984105, 0.8865894040984105, 0.8865894040984105, 0.8865894040984105, 0.8865894040984105, 0.8865894040984105, 0.8865894040984105, 0.8865894040984105, 0.8865894040984105, 0.8865894040984105, 0.8865894040984105, 0.8865894040984105, 0.8865894040984105, 0.8875564083286296, 0.8875564083286296, 0.8875564083286296, 0.8875564083286296, 0.8875564083286296, 0.8875564083286296, 0.8875564083286296, 0.8875564083286296, 0.8875564083286296, 0.8875564083286296, 0.8875564083286296, 0.8875564083286296, 0.8875564083286296, 0.8927116795661418, 0.8927116795661418, 0.8927116795661418, 0.8927116795661418, 0.8927116795661418, 0.8927116795661418, 0.8934134445136982, 0.8934134445136982, 0.8934134445136982, 0.8934134445136982, 0.8934134445136982, 0.8965928117204696]}