{"task_id": "xgb-146064", "max_evals": 50, "batch_size": 5, "n_repeat": 3, "scores": [0.5883326684583299, 0.7604998343644728, 0.7604998343644728, 0.7604998343644728, 0.7604998343644728, 0.7604998343644728, 0.783222666638672, 0.783222666638672, 0.783222666638672, 0.783222666638672, 0.783222666638672, 0.783222666638672, 0.783222666638672, 0.783222666638672, 0.783222666638672, 0.783222666638672, 0.8023553196998966, 0.8092305354926608, 0.8092305354926608, 0.8092305354926608, 0.8092305354926608, 0.8092305354926608, 0.8092305354926608, 0.8092305354926608, 0.8092305354926608, 0.8092305354926608, 0.8092305354926608, 0.8092305354926608, 0.8092305354926608, 0.8092305354926608, 0.8241186323637822, 0.8241186323637822, 0.8241186323637822, 0.8241186323637822, 0.8241186323637822, 0.8241186323637822, 0.8241186323637822, 0.8241186323637822, 0.8241186323637822, 0.8804483590418334, 0.8804483590418334, 0.8804483590418334, 0.8804483590418334, 0.8804483590418334, 0.8804483590418334, 0.8804483590418334, 0.8804483590418334, 0.8804483590418334, 0.8804483590418334, 0.9622665938803504]}