{"task_id": "xgb-3913", "max_evals": 50, "batch_size": 5, "n_repeat": 3, "scores": [0.8136231654524337, 0.816249076127125, 0.816249076127125, 0.816249076127125, 0.8174302256009573, 0.8178516876077851, 0.8178516876077851, 0.8225375708302538, 0.8258830464928026, 0.8264500404744308, 0.8264500404744308, 0.8264500404744308, 0.8264500404744308, 0.8264500404744308, 0.8264500404744308, 0.8264500404744308, 0.8264500404744308, 0.8264500404744308, 0.8264500404744308, 0.8264500404744308, 0.8264500404744308, 0.8264500404744308, 0.8264500404744308, 0.8264500404744308, 0.8264500404744308, 0.8264500404744308, 0.8264500404744308, 0.8264500404744308, 0.8264500404744308, 0.8264500404744308, 0.8264910428325063, 0.8264910428325063, 0.8264910428325063, 0.8264910428325063, 0.8264910428325063, 0.8264910428325063, 0.8264910428325063, 0.8264910428325063, 0.8264910428325063, 0.8264910428325063, 0.8264910428325063, 0.8264910428325063, 0.8264910428325063, 0.8264910428325063, 0.8264910428325063, 0.8264910428325063, 0.8264910428325063, 0.8264910428325063, 0.8264910428325063, 0.8264910428325063]}