{"task_id": "xgb-3918", "max_evals": 50, "batch_size": 5, "n_repeat": 3, "scores": [0.7479915159678509, 0.7548137491553754, 0.7844968037625805, 0.7844968037625805, 0.7844968037625805, 0.7844968037625805, 0.7844968037625805, 0.7844968037625805, 0.7844968037625805, 0.7844968037625805, 0.7844968037625805, 0.7844968037625805, 0.7879538746043601, 0.7965098109818983, 0.8204226901739037, 0.8204226901739037, 0.8204226901739037, 0.8204226901739037, 0.8204226901739037, 0.8347225741491516, 0.8347225741491516, 0.8347225741491516, 0.8347225741491516, 0.8347225741491516, 0.8347225741491516, 0.8347225741491516, 0.8347225741491516, 0.8347225741491516, 0.8347225741491516, 0.8347225741491516, 0.8347225741491516, 0.8347225741491516, 0.8347225741491516, 0.8347225741491516, 0.8347225741491516, 0.845362121697073, 0.845362121697073, 0.845362121697073, 0.8494626631459155, 0.8494626631459155, 0.8497995127849496, 0.8497995127849496, 0.8497995127849496, 0.8497995127849496, 0.8497995127849496, 0.8497995127849496, 0.8497995127849496, 0.8497995127849496, 0.8497995127849496, 0.8497995127849496]}