{"task_id": "rf-145862", "max_evals": 50, "batch_size": 5, "n_repeat": 10, "scores": [0.8892226067238489, 0.9096460194222615, 0.914692832495317, 0.9150524253179533, 0.9164983979098885, 0.9164983979098885, 0.9164983979098885, 0.9174230257320319, 0.9174230257320319, 0.9174230257320319, 0.9177276101745045, 0.9179021936310756, 0.9185379325643301, 0.918836936803707, 0.9188949768313123, 0.9190814108251997, 0.9190814108251997, 0.919146771172237, 0.919146771172237, 0.91931658286503, 0.9194705116829341, 0.9196499260573795, 0.9198102829537612, 0.919829784087548, 0.9198598343685301, 0.9198771763777975, 0.9201250862663907, 0.9202698807059058, 0.9203191067731442, 0.9204451148575373, 0.920563620230701, 0.920563620230701, 0.920639603667554, 0.9206986641033226, 0.9207753524598246, 0.9208559794932466, 0.9208559794932466, 0.9210496302868976, 0.9210496302868976, 0.9210876367938482, 0.9210876367938482, 0.9212051118998325, 0.9212051118998325, 0.9212051118998325, 0.9212051118998325, 0.9212051118998325, 0.9212051118998325, 0.9212051118998325, 0.9212268559597753, 0.9212268559597753]}