{"task_id": "rf-3918", "max_evals": 50, "batch_size": 5, "n_repeat": 10, "scores": [0.8499327106449377, 0.8508569328123332, 0.8511193221220527, 0.852240711351755, 0.853695955137096, 0.8548038914968525, 0.8548362150592126, 0.8548362150592126, 0.8554683499146485, 0.8565429458284435, 0.8567343533287101, 0.8569045229648993, 0.8569045229648993, 0.8571323465672677, 0.8571323465672677, 0.8571323465672677, 0.8575300314067, 0.8575300314067, 0.8575300314067, 0.8575300314067, 0.857867870145631, 0.857867870145631, 0.8579789605115758, 0.8579789605115758, 0.8581342436386429, 0.8582639046329884, 0.8582639046329884, 0.8582639046329884, 0.8582639046329884, 0.8583294186093033, 0.8583674600581457, 0.8583674600581457, 0.8583674600581457, 0.8585234850101354, 0.8585485736957217, 0.8585485736957217, 0.8588162474661262, 0.8588162474661262, 0.8588162474661262, 0.8588162474661262, 0.8588162474661262, 0.8588162474661262, 0.8589068084524699, 0.8589068084524699, 0.8589068084524699, 0.8589068084524699, 0.8589068084524699, 0.8589253957510936, 0.8589253957510936, 0.8589253957510936]}