{"task_id": "svm-9889", "max_evals": 50, "batch_size": 5, "n_repeat": 3, "scores": [0.6953218020265389, 0.6953218020265389, 0.8273223850549233, 0.8273223850549233, 0.8273223850549233, 0.8273223850549233, 0.8351192423468582, 0.8351192423468582, 0.8360994032655779, 0.9601039339894571, 0.9601039339894571, 0.9601039339894571, 0.9604001501039807, 0.9604001501039807, 0.9613213015120589, 0.9613213015120589, 0.9613213015120589, 0.9613213015120589, 0.9613213015120589, 0.9613213015120589, 0.9666853169143277, 0.967172439105478, 0.967172439105478, 0.9679091855942974, 0.9695705158990173, 0.9695705158990173, 0.9695705158990173, 0.9695705158990173, 0.9695705158990173, 0.9767907395660541, 0.9767907395660541, 0.9767907395660541, 0.9767907395660541, 0.9772169250618665, 0.9772169250618665, 0.9772169250618665, 0.9772169250618665, 0.9772169250618665, 0.9772169250618665, 0.9772169250618665, 0.9772169250618665, 0.9772169250618665, 0.9772169250618665, 0.9772169250618665, 0.9772169250618665, 0.9772169250618665, 0.9772169250618665, 0.9772169250618665, 0.9772169250618665, 0.9772169250618665]}