{"task_id": "xgb-125923", "max_evals": 50, "batch_size": 5, "n_repeat": 3, "scores": [0.6324116639821225, 0.6324116639821225, 0.640186249328864, 0.7802995443530248, 0.9195907158301045, 0.922793485989581, 0.922793485989581, 0.922793485989581, 0.922793485989581, 0.9246795960123634, 0.9246795960123634, 0.9246795960123634, 0.9246795960123634, 0.9246795960123634, 0.9252966784206174, 0.9258664548053342, 0.9258664548053342, 0.9258664548053342, 0.9258951866846603, 0.9289242232960401, 0.9293938008793697, 0.9315222817175278, 0.9325466893039049, 0.9325466893039049, 0.9325466893039049, 0.9325466893039049, 0.9336088256207101, 0.9336088256207101, 0.9336088256207101, 0.9358504200949022, 0.9358504200949022, 0.9367807235209611, 0.9367807235209611, 0.9367807235209611, 0.9375978407557355, 0.9375978407557355, 0.9375978407557355, 0.9380286012798745, 0.9380286012798745, 0.9380286012798745, 0.938386081000682, 0.938386081000682, 0.938386081000682, 0.938386081000682, 0.938386081000682, 0.938386081000682, 0.938386081000682, 0.938386081000682, 0.938386081000682, 0.938386081000682]}