{"task_id": "xgb-145953", "max_evals": 50, "batch_size": 5, "n_repeat": 3, "scores": [0.5, 0.8251277481333189, 0.8251277481333189, 0.9137315085761353, 0.939990504596801, 0.939990504596801, 0.9438394837597569, 0.9757626530275063, 0.9757626530275063, 0.9913923388814895, 0.9924865938854758, 0.9924865938854758, 0.9924865938854758, 0.9938370348795574, 0.9942567407035474, 0.9942567407035474, 0.9942567407035474, 0.9942567407035474, 0.9942567407035474, 0.9942567407035474, 0.9942567407035474, 0.9944375235297039, 0.9946984739371105, 0.9946984739371105, 0.9946984739371105, 0.9946984739371105, 0.9962342911914907, 0.9962342911914907, 0.9962342911914907, 0.9965921581888342, 0.9965921581888342, 0.9965921581888342, 0.9965921581888342, 0.9965921581888342, 0.9965921581888342, 0.9965921581888342, 0.9965921581888342, 0.9965921581888342, 0.9965921581888342, 0.9968969739223978, 0.9968969739223978, 0.9968969739223978, 0.9968969739223978, 0.9968969739223978, 0.9968969739223978, 0.9968969739223978, 0.9968969739223978, 0.9968969739223978, 0.9968969739223978, 0.9968969739223978]}