{"task_id": "xgb-9952", "max_evals": 50, "batch_size": 5, "n_repeat": 3, "scores": [0.6504029277773898, 0.872100786711917, 0.8987774968100565, 0.899595751900997, 0.899595751900997, 0.899595751900997, 0.9001232815537631, 0.9001232815537631, 0.9001232815537631, 0.9001232815537631, 0.9001232815537631, 0.9074356942985554, 0.9074356942985554, 0.9074356942985554, 0.9095777570756819, 0.9095777570756819, 0.9095777570756819, 0.9182139273740964, 0.9350295741265455, 0.9350295741265455, 0.9350295741265455, 0.9363406596422067, 0.9363406596422067, 0.9363406596422067, 0.9368594753774505, 0.9456394531914746, 0.9456394531914746, 0.9464676403555973, 0.9464676403555973, 0.949418421563216, 0.9504328222381634, 0.9505339590104848, 0.9505339590104848, 0.9555686256045011, 0.9555686256045011, 0.9555686256045011, 0.9555686256045011, 0.9561660922076557, 0.9561660922076557, 0.9563965435898497, 0.9573326254396526, 0.958097751144428, 0.958097751144428, 0.958097751144428, 0.958097751144428, 0.958097751144428, 0.958097751144428, 0.9593042054867067, 0.9593042054867067, 0.9599457775871943]}